vial	replicate	name	short	plasmid	drug	time	total_events	strain	events	log10(events)	proportion
M1	rep1	TriComm KAN+PN23 2xMIC	KAN+PN23 2xMIC	KAN+PN23	2	0.0	4435	LM	1969	3.294466226161593	0.444
M1	rep1	TriComm KAN+PN23 2xMIC	KAN+PN23 2xMIC	KAN+PN23	2	0.0	4435	PL	1246	3.0958664534785427	0.281
M1	rep1	TriComm KAN+PN23 2xMIC	KAN+PN23 2xMIC	KAN+PN23	2	0.0	4435	PM	1117	3.0484418035504044	0.252
M1	rep1	TriComm KAN+PN23 2xMIC	KAN+PN23 2xMIC	KAN+PN23	2	22.0	31351	LM	10063	4.002770628101194	0.321
M1	rep1	TriComm KAN+PN23 2xMIC	KAN+PN23 2xMIC	KAN+PN23	2	22.0	31351	PL	10533	4.022593314021462	0.336
M1	rep1	TriComm KAN+PN23 2xMIC	KAN+PN23 2xMIC	KAN+PN23	2	22.0	31351	PM	2943	3.4689378056654614	0.09390000000000001
M1	rep1	TriComm KAN+PN23 2xMIC	KAN+PN23 2xMIC	KAN+PN23	2	166.0	73919	LM	7295	3.86308482532036	0.0987
M1	rep1	TriComm KAN+PN23 2xMIC	KAN+PN23 2xMIC	KAN+PN23	2	166.0	73919	PL	37476	4.573764818726103	0.507
M1	rep1	TriComm KAN+PN23 2xMIC	KAN+PN23 2xMIC	KAN+PN23	2	166.0	73919	PM	14118	4.149803938227023	0.191
M1	rep1	TriComm KAN+PN23 2xMIC	KAN+PN23 2xMIC	KAN+PN23	2	238.0	17381	LM	2276	3.3573630306151427	0.131
M1	rep1	TriComm KAN+PN23 2xMIC	KAN+PN23 2xMIC	KAN+PN23	2	238.0	17381	PL	9924	3.9967305154351527	0.5710000000000001
M1	rep1	TriComm KAN+PN23 2xMIC	KAN+PN23 2xMIC	KAN+PN23	2	238.0	17381	PM	1437	3.1577588860468637	0.0827
M1	rep1	TriComm KAN+PN23 2xMIC	KAN+PN23 2xMIC	KAN+PN23	2	309.0	6599	LM	1016	3.0073209529227447	0.154
M1	rep1	TriComm KAN+PN23 2xMIC	KAN+PN23 2xMIC	KAN+PN23	2	309.0	6599	PL	2896	3.461948495203762	0.439
M1	rep1	TriComm KAN+PN23 2xMIC	KAN+PN23 2xMIC	KAN+PN23	2	309.0	6599	PM	1491	3.17376882313665	0.226
M2	rep1	TriComm KAN no drug	KAN no drug	KAN	0	0.0	4436	LM	1969	3.294466226161593	0.444
M2	rep1	TriComm KAN no drug	KAN no drug	KAN	0	0.0	4436	PL	1246	3.0958664534785427	0.281
M2	rep1	TriComm KAN no drug	KAN no drug	KAN	0	0.0	4436	PM	1117	3.0484418035504044	0.252
M2	rep1	TriComm KAN no drug	KAN no drug	KAN	0	22.0	64678	LM	22313	4.348577428742616	0.345
M2	rep1	TriComm KAN no drug	KAN no drug	KAN	0	22.0	64678	PL	22119	4.34478512263266	0.342
M2	rep1	TriComm KAN no drug	KAN no drug	KAN	0	22.0	64678	PM	17463	4.2421437227010825	0.27
M2	rep1	TriComm KAN no drug	KAN no drug	KAN	0	166.0	35011	LM	3108	3.492620722043192	0.0888
M2	rep1	TriComm KAN no drug	KAN no drug	KAN	0	166.0	35011	PL	15684	4.195484523033763	0.44799999999999995
M2	rep1	TriComm KAN no drug	KAN no drug	KAN	0	166.0	35011	PM	14214	4.152746864026461	0.406
M2	rep1	TriComm KAN no drug	KAN no drug	KAN	0	238.0	96925	LM	7453	3.8723893884178207	0.07690000000000001
M2	rep1	TriComm KAN no drug	KAN no drug	KAN	0	238.0	96925	PL	27042	4.432054868156274	0.27899999999999997
M2	rep1	TriComm KAN no drug	KAN no drug	KAN	0	238.0	96925	PM	53599	4.72916478969277	0.5529999999999999
M2	rep1	TriComm KAN no drug	KAN no drug	KAN	0	309.0	23766	LM	2899	3.462397997898956	0.122
M2	rep1	TriComm KAN no drug	KAN no drug	KAN	0	309.0	23766	PL	13000	4.113976758289846	0.547
M2	rep1	TriComm KAN no drug	KAN no drug	KAN	0	309.0	23766	PM	4776	3.679155241283354	0.201
M3	rep1	TriComm KAN 1xMIC	KAN 1xMIC	KAN	1	0.0	4437	LM	1970	3.2946866242794433	0.444
M3	rep1	TriComm KAN 1xMIC	KAN 1xMIC	KAN	1	0.0	4437	PL	1246	3.0958664534785427	0.281
M3	rep1	TriComm KAN 1xMIC	KAN 1xMIC	KAN	1	0.0	4437	PM	1118	3.04883008652835	0.252
M3	rep1	TriComm KAN 1xMIC	KAN 1xMIC	KAN	1	22.0	36547	LM	13156	4.1191568746903044	0.36
M3	rep1	TriComm KAN 1xMIC	KAN 1xMIC	KAN	1	22.0	36547	PL	11110	4.045753147594141	0.304
M3	rep1	TriComm KAN 1xMIC	KAN 1xMIC	KAN	1	22.0	36547	PM	8990	3.953807997665307	0.24600000000000002
M3	rep1	TriComm KAN 1xMIC	KAN 1xMIC	KAN	1	166.0	79473	LM	23603	4.372985605966962	0.297
M3	rep1	TriComm KAN 1xMIC	KAN 1xMIC	KAN	1	166.0	79473	PL	23762	4.375901268009488	0.299
M3	rep1	TriComm KAN 1xMIC	KAN 1xMIC	KAN	1	166.0	79473	PM	15656	4.194708551575123	0.19699999999999998
M3	rep1	TriComm KAN 1xMIC	KAN 1xMIC	KAN	1	238.0	74699	LM	27115	4.433225625237405	0.363
M3	rep1	TriComm KAN 1xMIC	KAN 1xMIC	KAN	1	238.0	74699	PL	16508	4.217720767530819	0.221
M3	rep1	TriComm KAN 1xMIC	KAN 1xMIC	KAN	1	238.0	74699	PM	1635	3.2137832993353044	0.0219
M3	rep1	TriComm KAN 1xMIC	KAN 1xMIC	KAN	1	309.0	102973	LM	6631	3.821644517542217	0.0644
M3	rep1	TriComm KAN 1xMIC	KAN 1xMIC	KAN	1	309.0	102973	PL	39953	4.601560265276188	0.38799999999999996
M3	rep1	TriComm KAN 1xMIC	KAN 1xMIC	KAN	1	309.0	102973	PM	46440	4.6669015626988815	0.451
M5	rep1	TriComm PN23 no drug	PN23 no drug	PN23	0	0.0	17827	LM	6756	3.829753918924975	0.379
M5	rep1	TriComm PN23 no drug	PN23 no drug	PN23	0	0.0	17827	PL	5562	3.745309059940828	0.312
M5	rep1	TriComm PN23 no drug	PN23 no drug	PN23	0	0.0	17827	PM	5223	3.7180031682670176	0.293
M5	rep1	TriComm PN23 no drug	PN23 no drug	PN23	0	22.0	31919	LM	8330	3.92069713446992	0.261
M5	rep1	TriComm PN23 no drug	PN23 no drug	PN23	0	22.0	31919	PL	11905	4.075765878215734	0.373
M5	rep1	TriComm PN23 no drug	PN23 no drug	PN23	0	22.0	31919	PM	9831	3.9926418698783976	0.308
M5	rep1	TriComm PN23 no drug	PN23 no drug	PN23	0	166.0	79482	LM	4125	3.615529223637133	0.0519
M5	rep1	TriComm PN23 no drug	PN23 no drug	PN23	0	166.0	79482	PL	43874	4.64221712947388	0.552
M5	rep1	TriComm PN23 no drug	PN23 no drug	PN23	0	166.0	79482	PM	29090	4.463758650329816	0.366
M5	rep1	TriComm PN23 no drug	PN23 no drug	PN23	0	238.0	42176	LM	1653	3.218535505216528	0.0392
M5	rep1	TriComm PN23 no drug	PN23 no drug	PN23	0	238.0	42176	PL	29185	4.4651745781341585	0.6920000000000001
M5	rep1	TriComm PN23 no drug	PN23 no drug	PN23	0	238.0	42176	PM	9742	3.988692702549817	0.231
M5	rep1	TriComm PN23 no drug	PN23 no drug	PN23	0	309.0	105650	LM	4268	3.6303261548039467	0.0404
M5	rep1	TriComm PN23 no drug	PN23 no drug	PN23	0	309.0	105650	PL	64235	4.8077784894310565	0.608
M5	rep1	TriComm PN23 no drug	PN23 no drug	PN23	0	309.0	105650	PM	32223	4.508179448873524	0.305
M6	rep1	TriComm PN23 1xMIC	PN23 1xMIC	PN23	1	0.0	17828	LM	6756	3.829753918924975	0.379
M6	rep1	TriComm PN23 1xMIC	PN23 1xMIC	PN23	1	0.0	17828	PL	5562	3.745309059940828	0.312
M6	rep1	TriComm PN23 1xMIC	PN23 1xMIC	PN23	1	0.0	17828	PM	5223	3.7180031682670176	0.293
M6	rep1	TriComm PN23 1xMIC	PN23 1xMIC	PN23	1	22.0	37515	LM	17707	4.24816951330681	0.47200000000000003
M6	rep1	TriComm PN23 1xMIC	PN23 1xMIC	PN23	1	22.0	37515	PL	9753	3.9891827512555476	0.26
M6	rep1	TriComm PN23 1xMIC	PN23 1xMIC	PN23	1	22.0	37515	PM	8140	3.9106777547427054	0.217
M6	rep1	TriComm PN23 1xMIC	PN23 1xMIC	PN23	1	166.0	17139	LM	5056	3.7038929536325447	0.295
M6	rep1	TriComm PN23 1xMIC	PN23 1xMIC	PN23	1	166.0	17139	PL	4970	3.696443763138999	0.29
M6	rep1	TriComm PN23 1xMIC	PN23 1xMIC	PN23	1	166.0	17139	PM	1395	3.144885418287142	0.0814
M6	rep1	TriComm PN23 1xMIC	PN23 1xMIC	PN23	1	238.0	22683	LM	3334	3.523095838252568	0.147
M6	rep1	TriComm PN23 1xMIC	PN23 1xMIC	PN23	1	238.0	22683	PL	9753	3.9891827512555476	0.43
M6	rep1	TriComm PN23 1xMIC	PN23 1xMIC	PN23	1	238.0	22683	PM	4128	3.6158448828747023	0.182
M6	rep1	TriComm PN23 1xMIC	PN23 1xMIC	PN23	1	309.0	96590	LM	10818	4.034187120793453	0.11199999999999999
M6	rep1	TriComm PN23 1xMIC	PN23 1xMIC	PN23	1	309.0	96590	PL	42692	4.630356673371958	0.442
M6	rep1	TriComm PN23 1xMIC	PN23 1xMIC	PN23	1	309.0	96590	PM	35351	4.548413988554237	0.366
M7	rep1	TriComm PN23 2xMIC	PN23 2xMIC	PN23	2	0.0	17829	LM	6757	3.8298181874388777	0.379
M7	rep1	TriComm PN23 2xMIC	PN23 2xMIC	PN23	2	0.0	17829	PL	5562	3.745309059940828	0.312
M7	rep1	TriComm PN23 2xMIC	PN23 2xMIC	PN23	2	0.0	17829	PM	5223	3.7180031682670176	0.293
M7	rep1	TriComm PN23 2xMIC	PN23 2xMIC	PN23	2	22.0	23462	LM	13326	4.124732397720029	0.568
M7	rep1	TriComm PN23 2xMIC	PN23 2xMIC	PN23	2	22.0	23462	PL	3167	3.500785172917456	0.135
M7	rep1	TriComm PN23 2xMIC	PN23 2xMIC	PN23	2	22.0	23462	PM	2745	3.4387005329007363	0.11699999999999999
M7	rep1	TriComm PN23 2xMIC	PN23 2xMIC	PN23	2	166.0	3633	LM	2837	3.4530123911214554	0.7809999999999999
M7	rep1	TriComm PN23 2xMIC	PN23 2xMIC	PN23	2	166.0	3633	PL	226	2.3560258571931225	0.062400000000000004
M7	rep1	TriComm PN23 2xMIC	PN23 2xMIC	PN23	2	166.0	3633	PM	35	1.5563025007672873	0.009899999999999999
M7	rep1	TriComm PN23 2xMIC	PN23 2xMIC	PN23	2	238.0	1381	LM	1122	3.050379756261458	0.813
M7	rep1	TriComm PN23 2xMIC	PN23 2xMIC	PN23	2	238.0	1381	PL	81	1.9138138523837167	0.0588
M7	rep1	TriComm PN23 2xMIC	PN23 2xMIC	PN23	2	238.0	1381	PM	18	1.2787536009528289	0.0131
M7	rep1	TriComm PN23 2xMIC	PN23 2xMIC	PN23	2	309.0	804	LM	517	2.714329759745233	0.644
M7	rep1	TriComm PN23 2xMIC	PN23 2xMIC	PN23	2	309.0	804	PL	115	2.0644579892269186	0.14400000000000002
M7	rep1	TriComm PN23 2xMIC	PN23 2xMIC	PN23	2	309.0	804	PM	93	1.9731278535996986	0.11599999999999999
M0	rep2	TriComm KAN no drug	KAN no drug	KAN	0	0.0	77758	LM	51087	4.70831890119537	0.657
M0	rep2	TriComm KAN no drug	KAN no drug	KAN	0	0.0	77758	PL	14074	4.148448403523384	0.18100000000000002
M0	rep2	TriComm KAN no drug	KAN no drug	KAN	0	0.0	77758	PM	12208	4.086680093734625	0.157
M0	rep2	TriComm KAN no drug	KAN no drug	KAN	0	68.0	182143	LM	13715	4.137227476442907	0.0753
M0	rep2	TriComm KAN no drug	KAN no drug	KAN	0	68.0	182143	PL	71946	4.857012689716561	0.395
M0	rep2	TriComm KAN no drug	KAN no drug	KAN	0	68.0	182143	PM	92346	4.9654227914426565	0.507
M0	rep2	TriComm KAN no drug	KAN no drug	KAN	0	140.0	42415	LM	1425	3.154119525515847	0.0336
M0	rep2	TriComm KAN no drug	KAN no drug	KAN	0	140.0	42415	PL	20953	4.321266939574789	0.494
M0	rep2	TriComm KAN no drug	KAN no drug	KAN	0	140.0	42415	PM	19086	4.280737673504682	0.45
M0	rep2	TriComm KAN no drug	KAN no drug	KAN	0	212.0	138881	LM	1249	3.0969100130080562	0.009000000000000001
M0	rep2	TriComm KAN no drug	KAN no drug	KAN	0	212.0	138881	PL	61524	4.78905162237484	0.44299999999999995
M0	rep2	TriComm KAN no drug	KAN no drug	KAN	0	212.0	138881	PM	73468	4.866104128622959	0.529
M0	rep2	TriComm KAN no drug	KAN no drug	KAN	0	284.0	54946	LM	1076	3.0322157032979815	0.0196
M0	rep2	TriComm KAN no drug	KAN no drug	KAN	0	284.0	54946	PL	40000	4.602070848554296	0.728
M0	rep2	TriComm KAN no drug	KAN no drug	KAN	0	284.0	54946	PM	12637	4.101678351027969	0.23
M0	rep2	TriComm KAN no drug	KAN no drug	KAN	0	356.0	106583	LM	959	2.9822712330395684	0.009000000000000001
M0	rep2	TriComm KAN no drug	KAN no drug	KAN	0	356.0	106583	PL	57767	4.761687331986636	0.542
M0	rep2	TriComm KAN no drug	KAN no drug	KAN	0	356.0	106583	PM	44871	4.65197542700146	0.42100000000000004
M1	rep2	TriComm PN23 no drug	PN23 no drug	PN23	0	0.0	96583	LM	52830	4.722888831212619	0.547
M1	rep2	TriComm PN23 no drug	PN23 no drug	PN23	0	0.0	96583	PL	22986	4.361482295825142	0.23800000000000002
M1	rep2	TriComm PN23 no drug	PN23 no drug	PN23	0	0.0	96583	PM	20185	4.305050268917223	0.209
M1	rep2	TriComm PN23 no drug	PN23 no drug	PN23	0	68.0	148860	LM	13084	4.1167737269759	0.08789999999999999
M1	rep2	TriComm PN23 no drug	PN23 no drug	PN23	0	68.0	148860	PL	59544	4.774845299595852	0.4
M1	rep2	TriComm PN23 no drug	PN23 no drug	PN23	0	68.0	148860	PM	73536	4.866505908507804	0.494
M1	rep2	TriComm PN23 no drug	PN23 no drug	PN23	0	140.0	39216	LM	3647	3.5620548296563785	0.09300000000000001
M1	rep2	TriComm PN23 no drug	PN23 no drug	PN23	0	140.0	39216	PL	21882	4.34010686035489	0.5579999999999999
M1	rep2	TriComm PN23 no drug	PN23 no drug	PN23	0	140.0	39216	PM	12862	4.109342269637973	0.32799999999999996
M1	rep2	TriComm PN23 no drug	PN23 no drug	PN23	0	212.0	77772	LM	1975	3.295786940251609	0.0254
M1	rep2	TriComm PN23 no drug	PN23 no drug	PN23	0	212.0	77772	PL	48529	4.686010291315285	0.624
M1	rep2	TriComm PN23 no drug	PN23 no drug	PN23	0	212.0	77772	PM	26131	4.4171726495177746	0.336
M1	rep2	TriComm PN23 no drug	PN23 no drug	PN23	0	284.0	136842	LM	4871	3.687707279624819	0.0356
M1	rep2	TriComm PN23 no drug	PN23 no drug	PN23	0	284.0	136842	PL	48031	4.681530670563176	0.35100000000000003
M1	rep2	TriComm PN23 no drug	PN23 no drug	PN23	0	284.0	136842	PM	77999	4.892094602690481	0.57
M1	rep2	TriComm PN23 no drug	PN23 no drug	PN23	0	356.0	64028	LM	2458	3.390758528738717	0.0384
M1	rep2	TriComm PN23 no drug	PN23 no drug	PN23	0	356.0	64028	PL	33614	4.526533115590743	0.525
M1	rep2	TriComm PN23 no drug	PN23 no drug	PN23	0	356.0	64028	PM	25355	4.4040807430999385	0.396
M2	rep2	TriComm KAN 1xMIC	KAN 1xMIC	KAN	1	0.0	53891	LM	32280	4.508946979821874	0.599
M2	rep2	TriComm KAN 1xMIC	KAN 1xMIC	KAN	1	0.0	53891	PL	11263	4.051692641798037	0.209
M2	rep2	TriComm KAN 1xMIC	KAN 1xMIC	KAN	1	0.0	53891	PM	10023	4.001041057986094	0.18600000000000003
M2	rep2	TriComm KAN 1xMIC	KAN 1xMIC	KAN	1	68.0	59078	LM	21327	4.328950132069784	0.361
M2	rep2	TriComm KAN 1xMIC	KAN 1xMIC	KAN	1	68.0	59078	PL	21977	4.3419881690481885	0.37200000000000005
M2	rep2	TriComm KAN 1xMIC	KAN 1xMIC	KAN	1	68.0	59078	PM	13824	4.140665139976736	0.23399999999999999
M2	rep2	TriComm KAN 1xMIC	KAN 1xMIC	KAN	1	140.0	68223	LM	1187	3.074816440645175	0.0174
M2	rep2	TriComm KAN 1xMIC	KAN 1xMIC	KAN	1	140.0	68223	PL	36499	4.562292864456475	0.535
M2	rep2	TriComm KAN 1xMIC	KAN 1xMIC	KAN	1	140.0	68223	PM	26879	4.429429264381787	0.39399999999999996
M2	rep2	TriComm KAN 1xMIC	KAN 1xMIC	KAN	1	212.0	22189	LM	898	2.9537596917332287	0.0405
M2	rep2	TriComm KAN 1xMIC	KAN 1xMIC	KAN	1	212.0	22189	PL	11116	4.045987605660968	0.501
M2	rep2	TriComm KAN 1xMIC	KAN 1xMIC	KAN	1	212.0	22189	PM	7655	3.8840019247687874	0.345
M2	rep2	TriComm KAN 1xMIC	KAN 1xMIC	KAN	1	284.0	7542	LM	493	2.693726948923647	0.0654
M2	rep2	TriComm KAN 1xMIC	KAN 1xMIC	KAN	1	284.0	7542	PL	2617	3.417969642214737	0.34700000000000003
M2	rep2	TriComm KAN 1xMIC	KAN 1xMIC	KAN	1	284.0	7542	PM	3333	3.5229655954919865	0.442
M2	rep2	TriComm KAN 1xMIC	KAN 1xMIC	KAN	1	356.0	2222	LM	428	2.6324572921847245	0.193
M2	rep2	TriComm KAN 1xMIC	KAN 1xMIC	KAN	1	356.0	2222	PL	893	2.951337518795918	0.402
M2	rep2	TriComm KAN 1xMIC	KAN 1xMIC	KAN	1	356.0	2222	PM	393	2.595496221825574	0.177
M3	rep2	TriComm PN23 1xMIC	PN23 1xMIC	PN23	1	0.0	67110	LM	40333	4.605671293958651	0.601
M3	rep2	TriComm PN23 1xMIC	PN23 1xMIC	PN23	1	0.0	67110	PL	13354	4.125643892357392	0.19899999999999998
M3	rep2	TriComm PN23 1xMIC	PN23 1xMIC	PN23	1	0.0	67110	PM	12952	4.112370365525832	0.193
M3	rep2	TriComm PN23 1xMIC	PN23 1xMIC	PN23	1	68.0	36952	LM	28933	4.461408477126843	0.7829999999999999
M3	rep2	TriComm PN23 1xMIC	PN23 1xMIC	PN23	1	68.0	36952	PL	4138	3.61689542640076	0.11199999999999999
M3	rep2	TriComm PN23 1xMIC	PN23 1xMIC	PN23	1	68.0	36952	PM	2679	3.428134794028789	0.0725
M3	rep2	TriComm PN23 1xMIC	PN23 1xMIC	PN23	1	140.0	134012	LM	8911	3.9499751778296535	0.0665
M3	rep2	TriComm PN23 1xMIC	PN23 1xMIC	PN23	1	140.0	134012	PL	71428	4.853874570080836	0.5329999999999999
M3	rep2	TriComm PN23 1xMIC	PN23 1xMIC	PN23	1	140.0	134012	PM	50522	4.703489130576148	0.377
M3	rep2	TriComm PN23 1xMIC	PN23 1xMIC	PN23	1	212.0	15860	LM	2997	3.4768316285122607	0.18899999999999997
M3	rep2	TriComm PN23 1xMIC	PN23 1xMIC	PN23	1	212.0	15860	PL	5313	3.725421550074259	0.335
M3	rep2	TriComm PN23 1xMIC	PN23 1xMIC	PN23	1	212.0	15860	PM	1314	3.1189257528257768	0.08289999999999999
M3	rep2	TriComm PN23 1xMIC	PN23 1xMIC	PN23	1	284.0	20465	LM	1784	3.251638220448212	0.0872
M3	rep2	TriComm PN23 1xMIC	PN23 1xMIC	PN23	1	284.0	20465	PL	13322	4.124602027893339	0.6509999999999999
M3	rep2	TriComm PN23 1xMIC	PN23 1xMIC	PN23	1	284.0	20465	PM	3438	3.5364321758220134	0.168
M3	rep2	TriComm PN23 1xMIC	PN23 1xMIC	PN23	1	356.0	148731	LM	8775	3.9432966145666546	0.059000000000000004
M3	rep2	TriComm PN23 1xMIC	PN23 1xMIC	PN23	1	356.0	148731	PL	70349	4.847264101770764	0.473
M3	rep2	TriComm PN23 1xMIC	PN23 1xMIC	PN23	1	356.0	148731	PM	50717	4.7051621193592945	0.341
M4	rep2	TriComm KAN 2xMIC	KAN 2xMIC	KAN	2	0.0	42827	LM	22527	4.352722637462018	0.526
M4	rep2	TriComm KAN 2xMIC	KAN 2xMIC	KAN	2	0.0	42827	PL	10535	4.022675761953727	0.24600000000000002
M4	rep2	TriComm KAN 2xMIC	KAN 2xMIC	KAN	2	0.0	42827	PM	9464	3.9761206182998157	0.221
M4	rep2	TriComm KAN 2xMIC	KAN 2xMIC	KAN	2	68.0	7408	LM	4044	3.606918525948291	0.546
M4	rep2	TriComm KAN 2xMIC	KAN 2xMIC	KAN	2	68.0	7408	PL	1570	3.1961761850399735	0.212
M4	rep2	TriComm KAN 2xMIC	KAN 2xMIC	KAN	2	68.0	7408	PM	903	2.9561684304753633	0.122
M4	rep2	TriComm KAN 2xMIC	KAN 2xMIC	KAN	2	140.0	1476	LM	872	2.9410142437055695	0.591
M4	rep2	TriComm KAN 2xMIC	KAN 2xMIC	KAN	2	140.0	1476	PL	271	2.4345689040341987	0.184
M4	rep2	TriComm KAN 2xMIC	KAN 2xMIC	KAN	2	140.0	1476	PM	163	2.214843848047698	0.111
M4	rep2	TriComm KAN 2xMIC	KAN 2xMIC	KAN	2	212.0	584	LM	509	2.7075701760979363	0.872
M4	rep2	TriComm KAN 2xMIC	KAN 2xMIC	KAN	2	212.0	584	PL	25	1.414973347970818	0.0437
M4	rep2	TriComm KAN 2xMIC	KAN 2xMIC	KAN	2	212.0	584	PM	14	1.1760912590556813	0.0245
M4	rep2	TriComm KAN 2xMIC	KAN 2xMIC	KAN	2	284.0	354	LM	321	2.507855871695831	0.909
M4	rep2	TriComm KAN 2xMIC	KAN 2xMIC	KAN	2	284.0	354	PL	2	0.47712125471966244	0.005699999999999999
M4	rep2	TriComm KAN 2xMIC	KAN 2xMIC	KAN	2	284.0	354	PM	8	0.9542425094393249	0.0229
M5	rep2	TriComm PN23 2xMIC	PN23 2xMIC	PN23	2	0.0	59701	LM	42208	4.625405063132223	0.7070000000000001
M5	rep2	TriComm PN23 2xMIC	PN23 2xMIC	PN23	2	0.0	59701	PL	8179	3.912753303671323	0.13699999999999998
M5	rep2	TriComm PN23 2xMIC	PN23 2xMIC	PN23	2	0.0	59701	PM	8477	3.928293412232202	0.142
M5	rep2	TriComm PN23 2xMIC	PN23 2xMIC	PN23	2	68.0	24709	LM	22336	4.349024844207768	0.904
M5	rep2	TriComm PN23 2xMIC	PN23 2xMIC	PN23	2	68.0	24709	PL	44	1.6532125137753437	0.0018
M5	rep2	TriComm PN23 2xMIC	PN23 2xMIC	PN23	2	68.0	24709	PM	10	1.0413926851582251	0.00041
M5	rep2	TriComm PN23 2xMIC	PN23 2xMIC	PN23	2	140.0	3389	LM	3053	3.484869032720402	0.9009999999999999
M5	rep2	TriComm PN23 2xMIC	PN23 2xMIC	PN23	2	140.0	3389	PL	3	0.6020599913279624	0.0009
M5	rep2	TriComm PN23 2xMIC	PN23 2xMIC	PN23	2	140.0	3389	PM	1	0.3010299956639812	0.0003
M5	rep2	TriComm PN23 2xMIC	PN23 2xMIC	PN23	2	212.0	634	LM	606	2.7831886910752575	0.9570000000000001
M5	rep2	TriComm PN23 2xMIC	PN23 2xMIC	PN23	2	212.0	634	PL	1	0.3010299956639812	0.0016
M5	rep2	TriComm PN23 2xMIC	PN23 2xMIC	PN23	2	212.0	634	PM	0	0.0	0.0
M5	rep2	TriComm PN23 2xMIC	PN23 2xMIC	PN23	2	284.0	370	LM	365	2.5634810853944106	0.9890000000000001
M5	rep2	TriComm PN23 2xMIC	PN23 2xMIC	PN23	2	284.0	370	PL	0	0.0	0.0
M5	rep2	TriComm PN23 2xMIC	PN23 2xMIC	PN23	2	284.0	370	PM	0	0.0	0.0
