replicate	vial	name	short	plasmid	drug	time	plate	strain	count	cfu_raw	detection_limit	CFU/mL alt	CFU/mL
rep1	M1	TriComm KAN+PN23 2xMIC	KAN+PN23 2xMIC	KAN+PN23	2	0.0	COL	LM	0.0	0			
rep1	M1	TriComm KAN+PN23 2xMIC	KAN+PN23 2xMIC	KAN+PN23	2	0.0	COL	PL	0.0	0			
rep1	M1	TriComm KAN+PN23 2xMIC	KAN+PN23 2xMIC	KAN+PN23	2	0.0	COL	PM	0.0	0			
rep1	M1	TriComm KAN+PN23 2xMIC	KAN+PN23 2xMIC	KAN+PN23	2	0.0	KAN	LM	44.0	44000000	1000000.0	44000000.0	44000000.0
rep1	M1	TriComm KAN+PN23 2xMIC	KAN+PN23 2xMIC	KAN+PN23	2	0.0	KAN	PL	49.0	49000000	1000000.0	49000000.0	49000000.0
rep1	M1	TriComm KAN+PN23 2xMIC	KAN+PN23 2xMIC	KAN+PN23	2	0.0	KAN	PM	46.0	46000000	1000000.0	46000000.0	46000000.0
rep1	M1	TriComm KAN+PN23 2xMIC	KAN+PN23 2xMIC	KAN+PN23	2	22.0	COL	LM	81.0	8100000	100000.0	8100000.0	8100000.0
rep1	M1	TriComm KAN+PN23 2xMIC	KAN+PN23 2xMIC	KAN+PN23	2	22.0	COL	PL	0.0	0	100000.0	50000.0	
rep1	M1	TriComm KAN+PN23 2xMIC	KAN+PN23 2xMIC	KAN+PN23	2	22.0	COL	PM	0.0	0	100000.0	50000.0	
rep1	M1	TriComm KAN+PN23 2xMIC	KAN+PN23 2xMIC	KAN+PN23	2	22.0	KAN	LM	8.0	8000000	1000000.0	8000000.0	8000000.0
rep1	M1	TriComm KAN+PN23 2xMIC	KAN+PN23 2xMIC	KAN+PN23	2	22.0	KAN	PL	23.0	23000000	1000000.0	23000000.0	23000000.0
rep1	M1	TriComm KAN+PN23 2xMIC	KAN+PN23 2xMIC	KAN+PN23	2	22.0	KAN	PM	2.0	2000000	1000000.0	2000000.0	2000000.0
rep1	M1	TriComm KAN+PN23 2xMIC	KAN+PN23 2xMIC	KAN+PN23	2	46.0	COL	LM	68.0	6800000	100000.0	6800000.0	6800000.0
rep1	M1	TriComm KAN+PN23 2xMIC	KAN+PN23 2xMIC	KAN+PN23	2	46.0	COL	PL	0.0	0	100000.0	50000.0	
rep1	M1	TriComm KAN+PN23 2xMIC	KAN+PN23 2xMIC	KAN+PN23	2	46.0	COL	PM	0.0	0	100000.0	50000.0	
rep1	M1	TriComm KAN+PN23 2xMIC	KAN+PN23 2xMIC	KAN+PN23	2	46.0	KAN	LM	57.0	5700000	100000.00000000001	5700000.0	5700000.0
rep1	M1	TriComm KAN+PN23 2xMIC	KAN+PN23 2xMIC	KAN+PN23	2	46.0	KAN	PL	74.0	7400000	100000.00000000001	7400000.0	7400000.0
rep1	M1	TriComm KAN+PN23 2xMIC	KAN+PN23 2xMIC	KAN+PN23	2	46.0	KAN	PM	90.0	9000000	100000.00000000001	9000000.0	9000000.0
rep1	M1	TriComm KAN+PN23 2xMIC	KAN+PN23 2xMIC	KAN+PN23	2	70.0	COL	LM	39.0	3900000	100000.0	3900000.0	3900000.0
rep1	M1	TriComm KAN+PN23 2xMIC	KAN+PN23 2xMIC	KAN+PN23	2	70.0	COL	PL	0.0	0	100000.0	50000.0	
rep1	M1	TriComm KAN+PN23 2xMIC	KAN+PN23 2xMIC	KAN+PN23	2	70.0	COL	PM	0.0	0	100000.0	50000.0	
rep1	M1	TriComm KAN+PN23 2xMIC	KAN+PN23 2xMIC	KAN+PN23	2	70.0	KAN	LM	4.0	4000000	1000000.0	4000000.0	4000000.0
rep1	M1	TriComm KAN+PN23 2xMIC	KAN+PN23 2xMIC	KAN+PN23	2	70.0	KAN	PL	8.0	8000000	1000000.0	8000000.0	8000000.0
rep1	M1	TriComm KAN+PN23 2xMIC	KAN+PN23 2xMIC	KAN+PN23	2	70.0	KAN	PM	5.0	5000000	1000000.0	5000000.0	5000000.0
rep1	M1	TriComm KAN+PN23 2xMIC	KAN+PN23 2xMIC	KAN+PN23	2	94.0	COL	LM	23.0	2300000	100000.0	2300000.0	2300000.0
rep1	M1	TriComm KAN+PN23 2xMIC	KAN+PN23 2xMIC	KAN+PN23	2	94.0	COL	PL	0.0	0	100000.0	50000.0	
rep1	M1	TriComm KAN+PN23 2xMIC	KAN+PN23 2xMIC	KAN+PN23	2	94.0	COL	PM	0.0	0	100000.0	50000.0	
rep1	M1	TriComm KAN+PN23 2xMIC	KAN+PN23 2xMIC	KAN+PN23	2	94.0	KAN	LM	2.0	2000000	1000000.0	2000000.0	2000000.0
rep1	M1	TriComm KAN+PN23 2xMIC	KAN+PN23 2xMIC	KAN+PN23	2	94.0	KAN	PL	27.0	27000000	1000000.0	27000000.0	27000000.0
rep1	M1	TriComm KAN+PN23 2xMIC	KAN+PN23 2xMIC	KAN+PN23	2	94.0	KAN	PM	13.0	13000000	1000000.0	13000000.0	13000000.0
rep1	M1	TriComm KAN+PN23 2xMIC	KAN+PN23 2xMIC	KAN+PN23	2	118.0	COL	LM	44.0	440000	10000.0	440000.0	440000.0
rep1	M1	TriComm KAN+PN23 2xMIC	KAN+PN23 2xMIC	KAN+PN23	2	118.0	COL	PL	0.0	0	10000.0	5000.0	
rep1	M1	TriComm KAN+PN23 2xMIC	KAN+PN23 2xMIC	KAN+PN23	2	118.0	COL	PM	0.0	0	10000.0	5000.0	
rep1	M1	TriComm KAN+PN23 2xMIC	KAN+PN23 2xMIC	KAN+PN23	2	118.0	KAN	LM	0.0	0	10000000.0	5000000.0	
rep1	M1	TriComm KAN+PN23 2xMIC	KAN+PN23 2xMIC	KAN+PN23	2	118.0	KAN	PL	15.0	150000000	10000000.0	150000000.0	150000000.0
rep1	M1	TriComm KAN+PN23 2xMIC	KAN+PN23 2xMIC	KAN+PN23	2	118.0	KAN	PM	10.0	100000000	10000000.0	100000000.0	100000000.0
rep1	M1	TriComm KAN+PN23 2xMIC	KAN+PN23 2xMIC	KAN+PN23	2	142.0	COL	LM	12.0	120000	10000.0	120000.0	120000.0
rep1	M1	TriComm KAN+PN23 2xMIC	KAN+PN23 2xMIC	KAN+PN23	2	142.0	COL	PL	0.0	0	10000.0	5000.0	
rep1	M1	TriComm KAN+PN23 2xMIC	KAN+PN23 2xMIC	KAN+PN23	2	142.0	COL	PM	0.0	0	10000.0	5000.0	
rep1	M1	TriComm KAN+PN23 2xMIC	KAN+PN23 2xMIC	KAN+PN23	2	142.0	KAN	LM	0.0	0	10000000.0	5000000.0	
rep1	M1	TriComm KAN+PN23 2xMIC	KAN+PN23 2xMIC	KAN+PN23	2	142.0	KAN	PL	12.0	120000000	10000000.0	120000000.0	120000000.0
rep1	M1	TriComm KAN+PN23 2xMIC	KAN+PN23 2xMIC	KAN+PN23	2	142.0	KAN	PM	4.0	40000000	10000000.0	40000000.0	40000000.0
rep1	M1	TriComm KAN+PN23 2xMIC	KAN+PN23 2xMIC	KAN+PN23	2	166.0	COL	LM	37.0	3700	100.0	3700.0	3700.0
rep1	M1	TriComm KAN+PN23 2xMIC	KAN+PN23 2xMIC	KAN+PN23	2	166.0	COL	PL	0.0	0	100.0	50.0	
rep1	M1	TriComm KAN+PN23 2xMIC	KAN+PN23 2xMIC	KAN+PN23	2	166.0	COL	PM	0.0	0	100.0	50.0	
rep1	M1	TriComm KAN+PN23 2xMIC	KAN+PN23 2xMIC	KAN+PN23	2	166.0	KAN	LM	2.0	200000	905263.1578947367	452631.57894736837	
rep1	M1	TriComm KAN+PN23 2xMIC	KAN+PN23 2xMIC	KAN+PN23	2	166.0	KAN	PL	2.0	2000000	905263.1578947367	2000000.0	2000000.0
rep1	M1	TriComm KAN+PN23 2xMIC	KAN+PN23 2xMIC	KAN+PN23	2	166.0	KAN	PM	15.0	15000000	905263.1578947367	15000000.0	15000000.0
rep1	M1	TriComm KAN+PN23 2xMIC	KAN+PN23 2xMIC	KAN+PN23	2	190.0	COL	LM	67.0	6700	100.0	6700.0	6700.0
rep1	M1	TriComm KAN+PN23 2xMIC	KAN+PN23 2xMIC	KAN+PN23	2	190.0	COL	PL	1.0	100	100.0	100.0	100.0
rep1	M1	TriComm KAN+PN23 2xMIC	KAN+PN23 2xMIC	KAN+PN23	2	190.0	COL	PM	0.0	0	100.0	50.0	
rep1	M1	TriComm KAN+PN23 2xMIC	KAN+PN23 2xMIC	KAN+PN23	2	190.0	KAN	LM	0.0	0	56666.666666666664	28333.333333333332	
rep1	M1	TriComm KAN+PN23 2xMIC	KAN+PN23 2xMIC	KAN+PN23	2	190.0	KAN	PL	26.0	260000	56666.666666666664	260000.0	260000.0
rep1	M1	TriComm KAN+PN23 2xMIC	KAN+PN23 2xMIC	KAN+PN23	2	190.0	KAN	PM	28.0	2800000	56666.666666666664	2800000.0	2800000.0
rep1	M1	TriComm KAN+PN23 2xMIC	KAN+PN23 2xMIC	KAN+PN23	2	214.0	COL	LM	0.0	0	1000000.0	500000.0	
rep1	M1	TriComm KAN+PN23 2xMIC	KAN+PN23 2xMIC	KAN+PN23	2	214.0	COL	PL	19.0	19000000	1000000.0	19000000.0	19000000.0
rep1	M1	TriComm KAN+PN23 2xMIC	KAN+PN23 2xMIC	KAN+PN23	2	214.0	COL	PM	0.0	0	1000000.0	500000.0	
rep1	M1	TriComm KAN+PN23 2xMIC	KAN+PN23 2xMIC	KAN+PN23	2	214.0	KAN	LM	0.0	0	538000.0	269000.0	
rep1	M1	TriComm KAN+PN23 2xMIC	KAN+PN23 2xMIC	KAN+PN23	2	214.0	KAN	PL	16.0	16000000	538000.0	16000000.0	16000000.0
rep1	M1	TriComm KAN+PN23 2xMIC	KAN+PN23 2xMIC	KAN+PN23	2	214.0	KAN	PM	14.0	140000	538000.0	269000.0	
rep1	M1	TriComm KAN+PN23 2xMIC	KAN+PN23 2xMIC	KAN+PN23	2	238.0	COL	LM	0.0	0	100000.0	50000.0	
rep1	M1	TriComm KAN+PN23 2xMIC	KAN+PN23 2xMIC	KAN+PN23	2	238.0	COL	PL	89.0	8900000	100000.0	8900000.0	8900000.0
rep1	M1	TriComm KAN+PN23 2xMIC	KAN+PN23 2xMIC	KAN+PN23	2	238.0	COL	PM	0.0	0	100000.0	50000.0	
rep1	M1	TriComm KAN+PN23 2xMIC	KAN+PN23 2xMIC	KAN+PN23	2	238.0	KAN	LM	0.0	0	470465.11627906974	235232.55813953487	
rep1	M1	TriComm KAN+PN23 2xMIC	KAN+PN23 2xMIC	KAN+PN23	2	238.0	KAN	PL	20.0	20000000	470465.11627906974	20000000.0	20000000.0
rep1	M1	TriComm KAN+PN23 2xMIC	KAN+PN23 2xMIC	KAN+PN23	2	238.0	KAN	PM	23.0	230000	470465.11627906974	235232.55813953487	
rep1	M1	TriComm KAN+PN23 2xMIC	KAN+PN23 2xMIC	KAN+PN23	2	262.0	COL	LM	0.0	0	76428.57142857142	38214.28571428571	
rep1	M1	TriComm KAN+PN23 2xMIC	KAN+PN23 2xMIC	KAN+PN23	2	262.0	COL	PL	32.0	3200000	76428.57142857142	3200000.0	3200000.0
rep1	M1	TriComm KAN+PN23 2xMIC	KAN+PN23 2xMIC	KAN+PN23	2	262.0	COL	PM	10.0	10000	76428.57142857142	38214.28571428571	
rep1	M1	TriComm KAN+PN23 2xMIC	KAN+PN23 2xMIC	KAN+PN23	2	262.0	KAN	LM	0.0	0	75593.22033898305	37796.61016949153	
rep1	M1	TriComm KAN+PN23 2xMIC	KAN+PN23 2xMIC	KAN+PN23	2	262.0	KAN	PL	43.0	4300000	75593.22033898305	4300000.0	4300000.0
rep1	M1	TriComm KAN+PN23 2xMIC	KAN+PN23 2xMIC	KAN+PN23	2	262.0	KAN	PM	16.0	160000	75593.22033898305	160000.0	160000.0
rep1	M1	TriComm KAN+PN23 2xMIC	KAN+PN23 2xMIC	KAN+PN23	2	285.0	COL	LM	0.0	0	67000.0	33500.0	
rep1	M1	TriComm KAN+PN23 2xMIC	KAN+PN23 2xMIC	KAN+PN23	2	285.0	COL	PL	19.0	1900000	67000.0	1900000.0	1900000.0
rep1	M1	TriComm KAN+PN23 2xMIC	KAN+PN23 2xMIC	KAN+PN23	2	285.0	COL	PM	11.0	110000	67000.0	110000.0	110000.0
rep1	M1	TriComm KAN+PN23 2xMIC	KAN+PN23 2xMIC	KAN+PN23	2	285.0	KAN	LM	0.0	0	67115.38461538462	33557.69230769231	
rep1	M1	TriComm KAN+PN23 2xMIC	KAN+PN23 2xMIC	KAN+PN23	2	285.0	KAN	PL	33.0	3300000	67115.38461538462	3300000.0	3300000.0
rep1	M1	TriComm KAN+PN23 2xMIC	KAN+PN23 2xMIC	KAN+PN23	2	285.0	KAN	PM	19.0	190000	67115.38461538462	190000.0	190000.0
rep1	M1	TriComm KAN+PN23 2xMIC	KAN+PN23 2xMIC	KAN+PN23	2	309.0	COL	LM	0.0	0	100000.0	50000.0	
rep1	M1	TriComm KAN+PN23 2xMIC	KAN+PN23 2xMIC	KAN+PN23	2	309.0	COL	PL	27.0	2700000	100000.0	2700000.0	2700000.0
rep1	M1	TriComm KAN+PN23 2xMIC	KAN+PN23 2xMIC	KAN+PN23	2	309.0	COL	PM	56.0	5600000	100000.0	5600000.0	5600000.0
rep1	M1	TriComm KAN+PN23 2xMIC	KAN+PN23 2xMIC	KAN+PN23	2	309.0	KAN	LM	0.0	0	100000.0	50000.0	
rep1	M1	TriComm KAN+PN23 2xMIC	KAN+PN23 2xMIC	KAN+PN23	2	309.0	KAN	PL	47.0	4700000	100000.0	4700000.0	4700000.0
rep1	M1	TriComm KAN+PN23 2xMIC	KAN+PN23 2xMIC	KAN+PN23	2	309.0	KAN	PM	57.0	5700000	100000.0	5700000.0	5700000.0
rep1	M2	TriComm KAN no drug	KAN no drug	KAN	0	0.0	COL	LM	0.0	0			
rep1	M2	TriComm KAN no drug	KAN no drug	KAN	0	0.0	COL	PL	0.0	0			
rep1	M2	TriComm KAN no drug	KAN no drug	KAN	0	0.0	COL	PM	0.0	0			
rep1	M2	TriComm KAN no drug	KAN no drug	KAN	0	0.0	KAN	LM	13.0	130000000	10000000.0	130000000.0	130000000.0
rep1	M2	TriComm KAN no drug	KAN no drug	KAN	0	0.0	KAN	PL	10.0	100000000	10000000.0	100000000.0	100000000.0
rep1	M2	TriComm KAN no drug	KAN no drug	KAN	0	0.0	KAN	PM	6.0	60000000	10000000.0	60000000.0	60000000.0
rep1	M2	TriComm KAN no drug	KAN no drug	KAN	0	22.0	COL	LM	0.0	0			
rep1	M2	TriComm KAN no drug	KAN no drug	KAN	0	22.0	COL	PL	0.0	0			
rep1	M2	TriComm KAN no drug	KAN no drug	KAN	0	22.0	COL	PM	0.0	0			
rep1	M2	TriComm KAN no drug	KAN no drug	KAN	0	22.0	KAN	LM	5.0	50000000	10000000.0	50000000.0	50000000.0
rep1	M2	TriComm KAN no drug	KAN no drug	KAN	0	22.0	KAN	PL	8.0	80000000	10000000.0	80000000.0	80000000.0
rep1	M2	TriComm KAN no drug	KAN no drug	KAN	0	22.0	KAN	PM	8.0	80000000	10000000.0	80000000.0	80000000.0
rep1	M2	TriComm KAN no drug	KAN no drug	KAN	0	46.0	COL	LM	0.0	0			
rep1	M2	TriComm KAN no drug	KAN no drug	KAN	0	46.0	COL	PL	0.0	0			
rep1	M2	TriComm KAN no drug	KAN no drug	KAN	0	46.0	COL	PM	0.0	0			
rep1	M2	TriComm KAN no drug	KAN no drug	KAN	0	46.0	KAN	LM	24.0	24000000	4162162.1621621624	24000000.0	24000000.0
rep1	M2	TriComm KAN no drug	KAN no drug	KAN	0	46.0	KAN	PL	7.0	70000000	4162162.1621621624	70000000.0	70000000.0
rep1	M2	TriComm KAN no drug	KAN no drug	KAN	0	46.0	KAN	PM	6.0	60000000	4162162.1621621624	60000000.0	60000000.0
rep1	M2	TriComm KAN no drug	KAN no drug	KAN	0	70.0	COL	LM	0.0	0			
rep1	M2	TriComm KAN no drug	KAN no drug	KAN	0	70.0	COL	PL	0.0	0			
rep1	M2	TriComm KAN no drug	KAN no drug	KAN	0	70.0	COL	PM	0.0	0			
rep1	M2	TriComm KAN no drug	KAN no drug	KAN	0	70.0	KAN	LM	1.0	10000000	10000000.0	10000000.0	10000000.0
rep1	M2	TriComm KAN no drug	KAN no drug	KAN	0	70.0	KAN	PL	18.0	180000000	10000000.0	180000000.0	180000000.0
rep1	M2	TriComm KAN no drug	KAN no drug	KAN	0	70.0	KAN	PM	24.0	240000000	10000000.0	240000000.0	240000000.0
rep1	M2	TriComm KAN no drug	KAN no drug	KAN	0	94.0	COL	LM	0.0	0			
rep1	M2	TriComm KAN no drug	KAN no drug	KAN	0	94.0	COL	PL	0.0	0			
rep1	M2	TriComm KAN no drug	KAN no drug	KAN	0	94.0	COL	PM	0.0	0			
rep1	M2	TriComm KAN no drug	KAN no drug	KAN	0	94.0	KAN	LM	0.0	0	10000000.0	5000000.0	
rep1	M2	TriComm KAN no drug	KAN no drug	KAN	0	94.0	KAN	PL	14.0	140000000	10000000.0	140000000.0	140000000.0
rep1	M2	TriComm KAN no drug	KAN no drug	KAN	0	94.0	KAN	PM	19.0	190000000	10000000.0	190000000.0	190000000.0
rep1	M2	TriComm KAN no drug	KAN no drug	KAN	0	118.0	COL	LM	0.0	0			
rep1	M2	TriComm KAN no drug	KAN no drug	KAN	0	118.0	COL	PL	0.0	0			
rep1	M2	TriComm KAN no drug	KAN no drug	KAN	0	118.0	COL	PM	0.0	0			
rep1	M2	TriComm KAN no drug	KAN no drug	KAN	0	118.0	KAN	LM	0.0	0	1000000.0000000001	500000.00000000006	
rep1	M2	TriComm KAN no drug	KAN no drug	KAN	0	118.0	KAN	PL	37.0	37000000	1000000.0000000001	37000000.0	37000000.0
rep1	M2	TriComm KAN no drug	KAN no drug	KAN	0	118.0	KAN	PM	56.0	56000000	1000000.0000000001	56000000.0	56000000.0
rep1	M2	TriComm KAN no drug	KAN no drug	KAN	0	142.0	COL	LM	0.0	0			
rep1	M2	TriComm KAN no drug	KAN no drug	KAN	0	142.0	COL	PL	0.0	0			
rep1	M2	TriComm KAN no drug	KAN no drug	KAN	0	142.0	COL	PM	0.0	0			
rep1	M2	TriComm KAN no drug	KAN no drug	KAN	0	142.0	KAN	LM	1.0	1000000	1000000.0	1000000.0	1000000.0
rep1	M2	TriComm KAN no drug	KAN no drug	KAN	0	142.0	KAN	PL	22.0	22000000	1000000.0	22000000.0	22000000.0
rep1	M2	TriComm KAN no drug	KAN no drug	KAN	0	142.0	KAN	PM	22.0	22000000	1000000.0	22000000.0	22000000.0
rep1	M2	TriComm KAN no drug	KAN no drug	KAN	0	166.0	COL	LM	0.0	0			
rep1	M2	TriComm KAN no drug	KAN no drug	KAN	0	166.0	COL	PL	0.0	0			
rep1	M2	TriComm KAN no drug	KAN no drug	KAN	0	166.0	COL	PM	0.0	0			
rep1	M2	TriComm KAN no drug	KAN no drug	KAN	0	166.0	KAN	LM	0.0	0	1000000.0	500000.0	
rep1	M2	TriComm KAN no drug	KAN no drug	KAN	0	166.0	KAN	PL	20.0	20000000	1000000.0	20000000.0	20000000.0
rep1	M2	TriComm KAN no drug	KAN no drug	KAN	0	166.0	KAN	PM	16.0	16000000	1000000.0	16000000.0	16000000.0
rep1	M2	TriComm KAN no drug	KAN no drug	KAN	0	190.0	COL	LM	0.0	0			
rep1	M2	TriComm KAN no drug	KAN no drug	KAN	0	190.0	COL	PL	0.0	0			
rep1	M2	TriComm KAN no drug	KAN no drug	KAN	0	190.0	COL	PM	0.0	0			
rep1	M2	TriComm KAN no drug	KAN no drug	KAN	0	190.0	KAN	LM	0.0	0	1000000.0	500000.0	
rep1	M2	TriComm KAN no drug	KAN no drug	KAN	0	190.0	KAN	PL	33.0	33000000	1000000.0	33000000.0	33000000.0
rep1	M2	TriComm KAN no drug	KAN no drug	KAN	0	190.0	KAN	PM	25.0	25000000	1000000.0	25000000.0	25000000.0
rep1	M2	TriComm KAN no drug	KAN no drug	KAN	0	214.0	COL	LM	0.0	0			
rep1	M2	TriComm KAN no drug	KAN no drug	KAN	0	214.0	COL	PL	0.0	0			
rep1	M2	TriComm KAN no drug	KAN no drug	KAN	0	214.0	COL	PM	0.0	0			
rep1	M2	TriComm KAN no drug	KAN no drug	KAN	0	214.0	KAN	LM	0.0	0	10000.0	5000.0	
rep1	M2	TriComm KAN no drug	KAN no drug	KAN	0	214.0	KAN	PL	2.0	20000	10000.0	20000.0	20000.0
rep1	M2	TriComm KAN no drug	KAN no drug	KAN	0	214.0	KAN	PM	57.0	570000	10000.0	570000.0	570000.0
rep1	M2	TriComm KAN no drug	KAN no drug	KAN	0	238.0	COL	LM	0.0	0			
rep1	M2	TriComm KAN no drug	KAN no drug	KAN	0	238.0	COL	PL	0.0	0			
rep1	M2	TriComm KAN no drug	KAN no drug	KAN	0	238.0	COL	PM	0.0	0			
rep1	M2	TriComm KAN no drug	KAN no drug	KAN	0	238.0	KAN	LM	0.0	0	10000000.0	5000000.0	
rep1	M2	TriComm KAN no drug	KAN no drug	KAN	0	238.0	KAN	PL	0.0	0	10000000.0	5000000.0	
rep1	M2	TriComm KAN no drug	KAN no drug	KAN	0	238.0	KAN	PM	23.0	230000000	10000000.0	230000000.0	230000000.0
rep1	M2	TriComm KAN no drug	KAN no drug	KAN	0	262.0	COL	LM	0.0	0			
rep1	M2	TriComm KAN no drug	KAN no drug	KAN	0	262.0	COL	PL	0.0	0			
rep1	M2	TriComm KAN no drug	KAN no drug	KAN	0	262.0	COL	PM	0.0	0			
rep1	M2	TriComm KAN no drug	KAN no drug	KAN	0	262.0	KAN	LM	0.0	0	953448.275862069	476724.1379310345	
rep1	M2	TriComm KAN no drug	KAN no drug	KAN	0	262.0	KAN	PL	3.0	300000	953448.275862069	476724.1379310345	
rep1	M2	TriComm KAN no drug	KAN no drug	KAN	0	262.0	KAN	PM	55.0	55000000	953448.275862069	55000000.0	55000000.0
rep1	M2	TriComm KAN no drug	KAN no drug	KAN	0	285.0	COL	LM	0.0	0			
rep1	M2	TriComm KAN no drug	KAN no drug	KAN	0	285.0	COL	PL	0.0	0			
rep1	M2	TriComm KAN no drug	KAN no drug	KAN	0	285.0	COL	PM	0.0	0			
rep1	M2	TriComm KAN no drug	KAN no drug	KAN	0	285.0	KAN	LM	0.0	0	907692.3076923076	453846.1538461538	
rep1	M2	TriComm KAN no drug	KAN no drug	KAN	0	285.0	KAN	PL	4.0	400000	907692.3076923076	453846.1538461538	
rep1	M2	TriComm KAN no drug	KAN no drug	KAN	0	285.0	KAN	PM	35.0	35000000	907692.3076923076	35000000.0	35000000.0
rep1	M2	TriComm KAN no drug	KAN no drug	KAN	0	309.0	COL	LM	0.0	0			
rep1	M2	TriComm KAN no drug	KAN no drug	KAN	0	309.0	COL	PL	0.0	0			
rep1	M2	TriComm KAN no drug	KAN no drug	KAN	0	309.0	COL	PM	0.0	0			
rep1	M2	TriComm KAN no drug	KAN no drug	KAN	0	309.0	KAN	LM	0.0	0	84220.77922077922	42110.38961038961	
rep1	M2	TriComm KAN no drug	KAN no drug	KAN	0	309.0	KAN	PL	27.0	270000	84220.77922077922	270000.0	270000.0
rep1	M2	TriComm KAN no drug	KAN no drug	KAN	0	309.0	KAN	PM	127.0	12700000	84220.77922077922	12700000.0	12700000.0
rep1	M3	TriComm KAN 1xMIC	KAN 1xMIC	KAN	1	0.0	COL	LM	0.0	0			
rep1	M3	TriComm KAN 1xMIC	KAN 1xMIC	KAN	1	0.0	COL	PL	0.0	0			
rep1	M3	TriComm KAN 1xMIC	KAN 1xMIC	KAN	1	0.0	COL	PM	0.0	0			
rep1	M3	TriComm KAN 1xMIC	KAN 1xMIC	KAN	1	0.0	KAN	LM	60.0	60000000	1000000.0	60000000.0	60000000.0
rep1	M3	TriComm KAN 1xMIC	KAN 1xMIC	KAN	1	0.0	KAN	PL	50.0	50000000	1000000.0	50000000.0	50000000.0
rep1	M3	TriComm KAN 1xMIC	KAN 1xMIC	KAN	1	0.0	KAN	PM	53.0	53000000	1000000.0	53000000.0	53000000.0
rep1	M3	TriComm KAN 1xMIC	KAN 1xMIC	KAN	1	22.0	COL	LM	0.0	0			
rep1	M3	TriComm KAN 1xMIC	KAN 1xMIC	KAN	1	22.0	COL	PL	0.0	0			
rep1	M3	TriComm KAN 1xMIC	KAN 1xMIC	KAN	1	22.0	COL	PM	0.0	0			
rep1	M3	TriComm KAN 1xMIC	KAN 1xMIC	KAN	1	22.0	KAN	LM	20.0	20000000	1000000.0	20000000.0	20000000.0
rep1	M3	TriComm KAN 1xMIC	KAN 1xMIC	KAN	1	22.0	KAN	PL	44.0	44000000	1000000.0	44000000.0	44000000.0
rep1	M3	TriComm KAN 1xMIC	KAN 1xMIC	KAN	1	22.0	KAN	PM	23.0	23000000	1000000.0	23000000.0	23000000.0
rep1	M3	TriComm KAN 1xMIC	KAN 1xMIC	KAN	1	46.0	COL	LM	0.0	0			
rep1	M3	TriComm KAN 1xMIC	KAN 1xMIC	KAN	1	46.0	COL	PL	0.0	0			
rep1	M3	TriComm KAN 1xMIC	KAN 1xMIC	KAN	1	46.0	COL	PM	0.0	0			
rep1	M3	TriComm KAN 1xMIC	KAN 1xMIC	KAN	1	46.0	KAN	LM	1.0	10000000	10000000.0	10000000.0	10000000.0
rep1	M3	TriComm KAN 1xMIC	KAN 1xMIC	KAN	1	46.0	KAN	PL	4.0	40000000	10000000.0	40000000.0	40000000.0
rep1	M3	TriComm KAN 1xMIC	KAN 1xMIC	KAN	1	46.0	KAN	PM	5.0	50000000	10000000.0	50000000.0	50000000.0
rep1	M3	TriComm KAN 1xMIC	KAN 1xMIC	KAN	1	70.0	COL	LM	0.0	0			
rep1	M3	TriComm KAN 1xMIC	KAN 1xMIC	KAN	1	70.0	COL	PL	0.0	0			
rep1	M3	TriComm KAN 1xMIC	KAN 1xMIC	KAN	1	70.0	COL	PM	0.0	0			
rep1	M3	TriComm KAN 1xMIC	KAN 1xMIC	KAN	1	70.0	KAN	LM	1.0	10000000	10000000.0	10000000.0	10000000.0
rep1	M3	TriComm KAN 1xMIC	KAN 1xMIC	KAN	1	70.0	KAN	PL	12.0	120000000	10000000.0	120000000.0	120000000.0
rep1	M3	TriComm KAN 1xMIC	KAN 1xMIC	KAN	1	70.0	KAN	PM	8.0	80000000	10000000.0	80000000.0	80000000.0
rep1	M3	TriComm KAN 1xMIC	KAN 1xMIC	KAN	1	94.0	COL	LM	0.0	0			
rep1	M3	TriComm KAN 1xMIC	KAN 1xMIC	KAN	1	94.0	COL	PL	0.0	0			
rep1	M3	TriComm KAN 1xMIC	KAN 1xMIC	KAN	1	94.0	COL	PM	0.0	0			
rep1	M3	TriComm KAN 1xMIC	KAN 1xMIC	KAN	1	94.0	KAN	LM	46.0	460000	8171.875	460000.0	460000.0
rep1	M3	TriComm KAN 1xMIC	KAN 1xMIC	KAN	1	94.0	KAN	PL	26.0	26000	8171.875	26000.0	26000.0
rep1	M3	TriComm KAN 1xMIC	KAN 1xMIC	KAN	1	94.0	KAN	PM	56.0	560000	8171.875	560000.0	560000.0
rep1	M3	TriComm KAN 1xMIC	KAN 1xMIC	KAN	1	118.0	COL	LM	0.0	0			
rep1	M3	TriComm KAN 1xMIC	KAN 1xMIC	KAN	1	118.0	COL	PL	0.0	0			
rep1	M3	TriComm KAN 1xMIC	KAN 1xMIC	KAN	1	118.0	COL	PM	0.0	0			
rep1	M3	TriComm KAN 1xMIC	KAN 1xMIC	KAN	1	118.0	KAN	LM	27.0	27000000	452173.9130434783	27000000.0	27000000.0
rep1	M3	TriComm KAN 1xMIC	KAN 1xMIC	KAN	1	118.0	KAN	PL	28.0	2800000	452173.9130434783	2800000.0	2800000.0
rep1	M3	TriComm KAN 1xMIC	KAN 1xMIC	KAN	1	118.0	KAN	PM	14.0	1400000	452173.9130434783	1400000.0	1400000.0
rep1	M3	TriComm KAN 1xMIC	KAN 1xMIC	KAN	1	142.0	COL	LM	0.0	0			
rep1	M3	TriComm KAN 1xMIC	KAN 1xMIC	KAN	1	142.0	COL	PL	0.0	0			
rep1	M3	TriComm KAN 1xMIC	KAN 1xMIC	KAN	1	142.0	COL	PM	0.0	0			
rep1	M3	TriComm KAN 1xMIC	KAN 1xMIC	KAN	1	142.0	KAN	LM	27.0	27000000	1000000.0	27000000.0	27000000.0
rep1	M3	TriComm KAN 1xMIC	KAN 1xMIC	KAN	1	142.0	KAN	PL	24.0	24000000	1000000.0	24000000.0	24000000.0
rep1	M3	TriComm KAN 1xMIC	KAN 1xMIC	KAN	1	142.0	KAN	PM	6.0	6000000	1000000.0	6000000.0	6000000.0
rep1	M3	TriComm KAN 1xMIC	KAN 1xMIC	KAN	1	166.0	COL	LM	0.0	0			
rep1	M3	TriComm KAN 1xMIC	KAN 1xMIC	KAN	1	166.0	COL	PL	0.0	0			
rep1	M3	TriComm KAN 1xMIC	KAN 1xMIC	KAN	1	166.0	COL	PM	0.0	0			
rep1	M3	TriComm KAN 1xMIC	KAN 1xMIC	KAN	1	166.0	KAN	LM	2.0	200000	941935.4838709678	470967.7419354839	
rep1	M3	TriComm KAN 1xMIC	KAN 1xMIC	KAN	1	166.0	KAN	PL	4.0	4000000	941935.4838709678	4000000.0	4000000.0
rep1	M3	TriComm KAN 1xMIC	KAN 1xMIC	KAN	1	166.0	KAN	PM	25.0	25000000	941935.4838709678	25000000.0	25000000.0
rep1	M3	TriComm KAN 1xMIC	KAN 1xMIC	KAN	1	190.0	COL	LM	0.0	0			
rep1	M3	TriComm KAN 1xMIC	KAN 1xMIC	KAN	1	190.0	COL	PL	0.0	0			
rep1	M3	TriComm KAN 1xMIC	KAN 1xMIC	KAN	1	190.0	COL	PM	0.0	0			
rep1	M3	TriComm KAN 1xMIC	KAN 1xMIC	KAN	1	190.0	KAN	LM	0.0	0	1000000.0	500000.0	
rep1	M3	TriComm KAN 1xMIC	KAN 1xMIC	KAN	1	190.0	KAN	PL	0.0	0	1000000.0	500000.0	
rep1	M3	TriComm KAN 1xMIC	KAN 1xMIC	KAN	1	190.0	KAN	PM	18.0	18000000	1000000.0	18000000.0	18000000.0
rep1	M3	TriComm KAN 1xMIC	KAN 1xMIC	KAN	1	214.0	COL	LM	0.0	0			
rep1	M3	TriComm KAN 1xMIC	KAN 1xMIC	KAN	1	214.0	COL	PL	0.0	0			
rep1	M3	TriComm KAN 1xMIC	KAN 1xMIC	KAN	1	214.0	COL	PM	0.0	0			
rep1	M3	TriComm KAN 1xMIC	KAN 1xMIC	KAN	1	214.0	KAN	LM	14.0	1400000	770909.0909090908	1400000.0	1400000.0
rep1	M3	TriComm KAN 1xMIC	KAN 1xMIC	KAN	1	214.0	KAN	PL	23.0	23000000	770909.0909090908	23000000.0	23000000.0
rep1	M3	TriComm KAN 1xMIC	KAN 1xMIC	KAN	1	214.0	KAN	PM	18.0	18000000	770909.0909090908	18000000.0	18000000.0
rep1	M3	TriComm KAN 1xMIC	KAN 1xMIC	KAN	1	238.0	COL	LM	0.0	0			
rep1	M3	TriComm KAN 1xMIC	KAN 1xMIC	KAN	1	238.0	COL	PL	0.0	0			
rep1	M3	TriComm KAN 1xMIC	KAN 1xMIC	KAN	1	238.0	COL	PM	0.0	0			
rep1	M3	TriComm KAN 1xMIC	KAN 1xMIC	KAN	1	238.0	KAN	LM	2.0	200000	100000.0	200000.0	200000.0
rep1	M3	TriComm KAN 1xMIC	KAN 1xMIC	KAN	1	238.0	KAN	PL	4.0	400000	100000.0	400000.0	400000.0
rep1	M3	TriComm KAN 1xMIC	KAN 1xMIC	KAN	1	238.0	KAN	PM	23.0	2300000	100000.0	2300000.0	2300000.0
rep1	M3	TriComm KAN 1xMIC	KAN 1xMIC	KAN	1	262.0	COL	LM	0.0	0			
rep1	M3	TriComm KAN 1xMIC	KAN 1xMIC	KAN	1	262.0	COL	PL	0.0	0			
rep1	M3	TriComm KAN 1xMIC	KAN 1xMIC	KAN	1	262.0	COL	PM	0.0	0			
rep1	M3	TriComm KAN 1xMIC	KAN 1xMIC	KAN	1	262.0	KAN	LM	3.0	30000	10000.0	30000.0	30000.0
rep1	M3	TriComm KAN 1xMIC	KAN 1xMIC	KAN	1	262.0	KAN	PL	10.0	100000	10000.0	100000.0	100000.0
rep1	M3	TriComm KAN 1xMIC	KAN 1xMIC	KAN	1	262.0	KAN	PM	74.0	740000	10000.0	740000.0	740000.0
rep1	M3	TriComm KAN 1xMIC	KAN 1xMIC	KAN	1	285.0	COL	LM	0.0	0			
rep1	M3	TriComm KAN 1xMIC	KAN 1xMIC	KAN	1	285.0	COL	PL	0.0	0			
rep1	M3	TriComm KAN 1xMIC	KAN 1xMIC	KAN	1	285.0	COL	PM	0.0	0			
rep1	M3	TriComm KAN 1xMIC	KAN 1xMIC	KAN	1	285.0	KAN	LM	0.0	0	100000.0	50000.0	
rep1	M3	TriComm KAN 1xMIC	KAN 1xMIC	KAN	1	285.0	KAN	PL	2.0	200000	100000.0	200000.0	200000.0
rep1	M3	TriComm KAN 1xMIC	KAN 1xMIC	KAN	1	285.0	KAN	PM	18.0	1800000	100000.0	1800000.0	1800000.0
rep1	M3	TriComm KAN 1xMIC	KAN 1xMIC	KAN	1	309.0	COL	LM	0.0	0			
rep1	M3	TriComm KAN 1xMIC	KAN 1xMIC	KAN	1	309.0	COL	PL	0.0	0			
rep1	M3	TriComm KAN 1xMIC	KAN 1xMIC	KAN	1	309.0	COL	PM	0.0	0			
rep1	M3	TriComm KAN 1xMIC	KAN 1xMIC	KAN	1	309.0	KAN	LM	0.0	0	100000.0	50000.0	
rep1	M3	TriComm KAN 1xMIC	KAN 1xMIC	KAN	1	309.0	KAN	PL	60.0	6000000	100000.0	6000000.0	6000000.0
rep1	M3	TriComm KAN 1xMIC	KAN 1xMIC	KAN	1	309.0	KAN	PM	52.0	5200000	100000.0	5200000.0	5200000.0
rep1	M4	TriComm KAN 2xMIC	KAN 2xMIC	KAN	2	0.0	COL	LM	0.0	0			
rep1	M4	TriComm KAN 2xMIC	KAN 2xMIC	KAN	2	0.0	COL	PL	0.0	0			
rep1	M4	TriComm KAN 2xMIC	KAN 2xMIC	KAN	2	0.0	COL	PM	0.0	0			
rep1	M4	TriComm KAN 2xMIC	KAN 2xMIC	KAN	2	0.0	KAN	LM	10.0	100000000	10000000.0	100000000.0	100000000.0
rep1	M4	TriComm KAN 2xMIC	KAN 2xMIC	KAN	2	0.0	KAN	PL	7.0	70000000	10000000.0	70000000.0	70000000.0
rep1	M4	TriComm KAN 2xMIC	KAN 2xMIC	KAN	2	0.0	KAN	PM	6.0	60000000	10000000.0	60000000.0	60000000.0
rep1	M4	TriComm KAN 2xMIC	KAN 2xMIC	KAN	2	22.0	COL	LM	0.0	0			
rep1	M4	TriComm KAN 2xMIC	KAN 2xMIC	KAN	2	22.0	COL	PL	0.0	0			
rep1	M4	TriComm KAN 2xMIC	KAN 2xMIC	KAN	2	22.0	COL	PM	0.0	0			
rep1	M4	TriComm KAN 2xMIC	KAN 2xMIC	KAN	2	22.0	KAN	LM	0.0	0	522448.9795918367	261224.48979591834	
rep1	M4	TriComm KAN 2xMIC	KAN 2xMIC	KAN	2	22.0	KAN	PL	23.0	23000000	522448.9795918367	23000000.0	23000000.0
rep1	M4	TriComm KAN 2xMIC	KAN 2xMIC	KAN	2	22.0	KAN	PM	26.0	2600000	522448.9795918367	2600000.0	2600000.0
rep1	M4	TriComm KAN 2xMIC	KAN 2xMIC	KAN	2	46.0	COL	LM	0.0	0			
rep1	M4	TriComm KAN 2xMIC	KAN 2xMIC	KAN	2	46.0	COL	PL	0.0	0			
rep1	M4	TriComm KAN 2xMIC	KAN 2xMIC	KAN	2	46.0	COL	PM	0.0	0			
rep1	M4	TriComm KAN 2xMIC	KAN 2xMIC	KAN	2	46.0	KAN	LM	1.0	100000	506451.6129032258	253225.8064516129	
rep1	M4	TriComm KAN 2xMIC	KAN 2xMIC	KAN	2	46.0	KAN	PL	14.0	14000000	506451.6129032258	14000000.0	14000000.0
rep1	M4	TriComm KAN 2xMIC	KAN 2xMIC	KAN	2	46.0	KAN	PM	16.0	1600000	506451.6129032258	1600000.0	1600000.0
rep1	M4	TriComm KAN 2xMIC	KAN 2xMIC	KAN	2	70.0	COL	LM	0.0	0			
rep1	M4	TriComm KAN 2xMIC	KAN 2xMIC	KAN	2	70.0	COL	PL	0.0	0			
rep1	M4	TriComm KAN 2xMIC	KAN 2xMIC	KAN	2	70.0	COL	PM	0.0	0			
rep1	M4	TriComm KAN 2xMIC	KAN 2xMIC	KAN	2	70.0	KAN	LM	1.0	100000	100000.0	100000.0	100000.0
rep1	M4	TriComm KAN 2xMIC	KAN 2xMIC	KAN	2	70.0	KAN	PL	40.0	4000000	100000.0	4000000.0	4000000.0
rep1	M4	TriComm KAN 2xMIC	KAN 2xMIC	KAN	2	70.0	KAN	PM	9.0	900000	100000.0	900000.0	900000.0
rep1	M4	TriComm KAN 2xMIC	KAN 2xMIC	KAN	2	94.0	COL	LM	0.0	0			
rep1	M4	TriComm KAN 2xMIC	KAN 2xMIC	KAN	2	94.0	COL	PL	0.0	0			
rep1	M4	TriComm KAN 2xMIC	KAN 2xMIC	KAN	2	94.0	COL	PM	0.0	0			
rep1	M4	TriComm KAN 2xMIC	KAN 2xMIC	KAN	2	94.0	KAN	LM	0.0	0	1000000.0	500000.0	
rep1	M4	TriComm KAN 2xMIC	KAN 2xMIC	KAN	2	94.0	KAN	PL	6.0	6000000	1000000.0	6000000.0	6000000.0
rep1	M4	TriComm KAN 2xMIC	KAN 2xMIC	KAN	2	94.0	KAN	PM	3.0	3000000	1000000.0	3000000.0	3000000.0
rep1	M4	TriComm KAN 2xMIC	KAN 2xMIC	KAN	2	118.0	COL	LM	0.0	0			
rep1	M4	TriComm KAN 2xMIC	KAN 2xMIC	KAN	2	118.0	COL	PL	0.0	0			
rep1	M4	TriComm KAN 2xMIC	KAN 2xMIC	KAN	2	118.0	COL	PM	0.0	0			
rep1	M4	TriComm KAN 2xMIC	KAN 2xMIC	KAN	2	118.0	KAN	LM	0.0	0	1000000.0	500000.0	
rep1	M4	TriComm KAN 2xMIC	KAN 2xMIC	KAN	2	118.0	KAN	PL	29.0	29000000	1000000.0	29000000.0	29000000.0
rep1	M4	TriComm KAN 2xMIC	KAN 2xMIC	KAN	2	118.0	KAN	PM	3.0	3000000	1000000.0	3000000.0	3000000.0
rep1	M4	TriComm KAN 2xMIC	KAN 2xMIC	KAN	2	142.0	COL	LM	0.0	0			
rep1	M4	TriComm KAN 2xMIC	KAN 2xMIC	KAN	2	142.0	COL	PL	0.0	0			
rep1	M4	TriComm KAN 2xMIC	KAN 2xMIC	KAN	2	142.0	COL	PM	0.0	0			
rep1	M4	TriComm KAN 2xMIC	KAN 2xMIC	KAN	2	142.0	KAN	LM	0.0	0	1000000.0	500000.0	
rep1	M4	TriComm KAN 2xMIC	KAN 2xMIC	KAN	2	142.0	KAN	PL	29.0	29000000	1000000.0	29000000.0	29000000.0
rep1	M4	TriComm KAN 2xMIC	KAN 2xMIC	KAN	2	142.0	KAN	PM	3.0	3000000	1000000.0	3000000.0	3000000.0
rep1	M4	TriComm KAN 2xMIC	KAN 2xMIC	KAN	2	166.0	COL	LM	0.0	0			
rep1	M4	TriComm KAN 2xMIC	KAN 2xMIC	KAN	2	166.0	COL	PL	0.0	0			
rep1	M4	TriComm KAN 2xMIC	KAN 2xMIC	KAN	2	166.0	COL	PM	0.0	0			
rep1	M4	TriComm KAN 2xMIC	KAN 2xMIC	KAN	2	166.0	KAN	LM	0.0	0	1000000.0	500000.0	
rep1	M4	TriComm KAN 2xMIC	KAN 2xMIC	KAN	2	166.0	KAN	PL	61.0	61000000	1000000.0	61000000.0	61000000.0
rep1	M4	TriComm KAN 2xMIC	KAN 2xMIC	KAN	2	166.0	KAN	PM	87.0	87000000	1000000.0	87000000.0	87000000.0
rep1	M4	TriComm KAN 2xMIC	KAN 2xMIC	KAN	2	190.0	COL	LM	0.0	0			
rep1	M4	TriComm KAN 2xMIC	KAN 2xMIC	KAN	2	190.0	COL	PL	0.0	0			
rep1	M4	TriComm KAN 2xMIC	KAN 2xMIC	KAN	2	190.0	COL	PM	0.0	0			
rep1	M4	TriComm KAN 2xMIC	KAN 2xMIC	KAN	2	190.0	KAN	LM	0.0	0	100000.0	50000.0	
rep1	M4	TriComm KAN 2xMIC	KAN 2xMIC	KAN	2	190.0	KAN	PL	18.0	1800000	100000.0	1800000.0	1800000.0
rep1	M4	TriComm KAN 2xMIC	KAN 2xMIC	KAN	2	190.0	KAN	PM	24.0	2400000	100000.0	2400000.0	2400000.0
rep1	M4	TriComm KAN 2xMIC	KAN 2xMIC	KAN	2	214.0	COL	LM	0.0	0	7461.538461538461	3730.7692307692305	
rep1	M4	TriComm KAN 2xMIC	KAN 2xMIC	KAN	2	214.0	COL	PL	11.0	11000	7461.538461538461	11000.0	11000.0
rep1	M4	TriComm KAN 2xMIC	KAN 2xMIC	KAN	2	214.0	COL	PM	28.0	280000	7461.538461538461	280000.0	280000.0
rep1	M4	TriComm KAN 2xMIC	KAN 2xMIC	KAN	2	214.0	KAN	LM	0.0	0	10000.0	5000.0	
rep1	M4	TriComm KAN 2xMIC	KAN 2xMIC	KAN	2	214.0	KAN	PL	33.0	330000	10000.0	330000.0	330000.0
rep1	M4	TriComm KAN 2xMIC	KAN 2xMIC	KAN	2	214.0	KAN	PM	61.0	610000	10000.0	610000.0	610000.0
rep1	M4	TriComm KAN 2xMIC	KAN 2xMIC	KAN	2	238.0	COL	LM	0.0	0	80434.78260869565	40217.391304347824	
rep1	M4	TriComm KAN 2xMIC	KAN 2xMIC	KAN	2	238.0	COL	PL	20.0	200000	80434.78260869565	200000.0	200000.0
rep1	M4	TriComm KAN 2xMIC	KAN 2xMIC	KAN	2	238.0	COL	PM	72.0	7200000	80434.78260869565	7200000.0	7200000.0
rep1	M4	TriComm KAN 2xMIC	KAN 2xMIC	KAN	2	238.0	KAN	LM	0.0	0	1000000.0	500000.0	
rep1	M4	TriComm KAN 2xMIC	KAN 2xMIC	KAN	2	238.0	KAN	PL	27.0	27000000	1000000.0	27000000.0	27000000.0
rep1	M4	TriComm KAN 2xMIC	KAN 2xMIC	KAN	2	238.0	KAN	PM	14.0	14000000	1000000.0	14000000.0	14000000.0
rep1	M4	TriComm KAN 2xMIC	KAN 2xMIC	KAN	2	262.0	COL	LM	0.0	0	100000.0	50000.0	
rep1	M4	TriComm KAN 2xMIC	KAN 2xMIC	KAN	2	262.0	COL	PL	0.0	0	100000.0	50000.0	
rep1	M4	TriComm KAN 2xMIC	KAN 2xMIC	KAN	2	262.0	COL	PM	33.0	3300000	100000.0	3300000.0	3300000.0
rep1	M4	TriComm KAN 2xMIC	KAN 2xMIC	KAN	2	262.0	KAN	LM	1.0	10000	98000.0	49000.0	
rep1	M4	TriComm KAN 2xMIC	KAN 2xMIC	KAN	2	262.0	KAN	PL	8.0	800000	98000.0	800000.0	800000.0
rep1	M4	TriComm KAN 2xMIC	KAN 2xMIC	KAN	2	262.0	KAN	PM	36.0	3600000	98000.0	3600000.0	3600000.0
rep1	M4	TriComm KAN 2xMIC	KAN 2xMIC	KAN	2	285.0	COL	LM	0.0	0	1000000.0	500000.0	
rep1	M4	TriComm KAN 2xMIC	KAN 2xMIC	KAN	2	285.0	COL	PL	0.0	0	1000000.0	500000.0	
rep1	M4	TriComm KAN 2xMIC	KAN 2xMIC	KAN	2	285.0	COL	PM	22.0	22000000	1000000.0	22000000.0	22000000.0
rep1	M4	TriComm KAN 2xMIC	KAN 2xMIC	KAN	2	285.0	KAN	LM	0.0	0	302247.19101123593	151123.59550561797	
rep1	M4	TriComm KAN 2xMIC	KAN 2xMIC	KAN	2	285.0	KAN	PL	69.0	6900000	302247.19101123593	6900000.0	6900000.0
rep1	M4	TriComm KAN 2xMIC	KAN 2xMIC	KAN	2	285.0	KAN	PM	20.0	20000000	302247.19101123593	20000000.0	20000000.0
rep1	M4	TriComm KAN 2xMIC	KAN 2xMIC	KAN	2	309.0	COL	LM	0.0	0	1000000.0	500000.0	
rep1	M4	TriComm KAN 2xMIC	KAN 2xMIC	KAN	2	309.0	COL	PL	0.0	0	1000000.0	500000.0	
rep1	M4	TriComm KAN 2xMIC	KAN 2xMIC	KAN	2	309.0	COL	PM	38.0	38000000	1000000.0	38000000.0	38000000.0
rep1	M4	TriComm KAN 2xMIC	KAN 2xMIC	KAN	2	309.0	KAN	LM	1.0	1000000	1000000.0	1000000.0	1000000.0
rep1	M4	TriComm KAN 2xMIC	KAN 2xMIC	KAN	2	309.0	KAN	PL	14.0	14000000	1000000.0	14000000.0	14000000.0
rep1	M4	TriComm KAN 2xMIC	KAN 2xMIC	KAN	2	309.0	KAN	PM	15.0	15000000	1000000.0	15000000.0	15000000.0
rep1	M5	TriComm PN23 no drug	PN23 no drug	PN23	0	0.0	COL	LM	101.0	101000000	1000000.0	101000000.0	101000000.0
rep1	M5	TriComm PN23 no drug	PN23 no drug	PN23	0	0.0	COL	PL	0.0	0	1000000.0	500000.0	
rep1	M5	TriComm PN23 no drug	PN23 no drug	PN23	0	0.0	COL	PM	0.0	0	1000000.0	500000.0	
rep1	M5	TriComm PN23 no drug	PN23 no drug	PN23	0	0.0	KAN	LM	13.0	130000000	10000000.0	130000000.0	130000000.0
rep1	M5	TriComm PN23 no drug	PN23 no drug	PN23	0	0.0	KAN	PL	4.0	40000000	10000000.0	40000000.0	40000000.0
rep1	M5	TriComm PN23 no drug	PN23 no drug	PN23	0	0.0	KAN	PM	3.0	30000000	10000000.0	30000000.0	30000000.0
rep1	M5	TriComm PN23 no drug	PN23 no drug	PN23	0	22.0	COL	LM	135.0	13500000	100000.0	13500000.0	13500000.0
rep1	M5	TriComm PN23 no drug	PN23 no drug	PN23	0	22.0	COL	PL	0.0	0	100000.0	50000.0	
rep1	M5	TriComm PN23 no drug	PN23 no drug	PN23	0	22.0	COL	PM	0.0	0	100000.0	50000.0	
rep1	M5	TriComm PN23 no drug	PN23 no drug	PN23	0	22.0	KAN	LM	25.0	25000000	999999.9999999999	25000000.0	25000000.0
rep1	M5	TriComm PN23 no drug	PN23 no drug	PN23	0	22.0	KAN	PL	38.0	38000000	999999.9999999999	38000000.0	38000000.0
rep1	M5	TriComm PN23 no drug	PN23 no drug	PN23	0	22.0	KAN	PM	35.0	35000000	999999.9999999999	35000000.0	35000000.0
rep1	M5	TriComm PN23 no drug	PN23 no drug	PN23	0	46.0	COL	LM	84.0	8400000	100000.0	8400000.0	8400000.0
rep1	M5	TriComm PN23 no drug	PN23 no drug	PN23	0	46.0	COL	PL	0.0	0	100000.0	50000.0	
rep1	M5	TriComm PN23 no drug	PN23 no drug	PN23	0	46.0	COL	PM	0.0	0	100000.0	50000.0	
rep1	M5	TriComm PN23 no drug	PN23 no drug	PN23	0	46.0	KAN	LM	9.0	9000000	1000000.0	9000000.0	9000000.0
rep1	M5	TriComm PN23 no drug	PN23 no drug	PN23	0	46.0	KAN	PL	22.0	22000000	1000000.0	22000000.0	22000000.0
rep1	M5	TriComm PN23 no drug	PN23 no drug	PN23	0	46.0	KAN	PM	14.0	14000000	1000000.0	14000000.0	14000000.0
rep1	M5	TriComm PN23 no drug	PN23 no drug	PN23	0	70.0	COL	LM	54.0	5400000	100000.0	5400000.0	5400000.0
rep1	M5	TriComm PN23 no drug	PN23 no drug	PN23	0	70.0	COL	PL	0.0	0	100000.0	50000.0	
rep1	M5	TriComm PN23 no drug	PN23 no drug	PN23	0	70.0	COL	PM	0.0	0	100000.0	50000.0	
rep1	M5	TriComm PN23 no drug	PN23 no drug	PN23	0	70.0	KAN	LM	6.0	6000000	1000000.0	6000000.0	6000000.0
rep1	M5	TriComm PN23 no drug	PN23 no drug	PN23	0	70.0	KAN	PL	10.0	10000000	1000000.0	10000000.0	10000000.0
rep1	M5	TriComm PN23 no drug	PN23 no drug	PN23	0	70.0	KAN	PM	4.0	4000000	1000000.0	4000000.0	4000000.0
rep1	M5	TriComm PN23 no drug	PN23 no drug	PN23	0	94.0	COL	LM	28.0	2800000	93700.0	2800000.0	2800000.0
rep1	M5	TriComm PN23 no drug	PN23 no drug	PN23	0	94.0	COL	PL	1.0	1000	93700.0	46850.0	
rep1	M5	TriComm PN23 no drug	PN23 no drug	PN23	0	94.0	COL	PM	1.0	10000	93700.0	46850.0	
rep1	M5	TriComm PN23 no drug	PN23 no drug	PN23	0	94.0	KAN	LM	3.0	3000000	1000000.0	3000000.0	3000000.0
rep1	M5	TriComm PN23 no drug	PN23 no drug	PN23	0	94.0	KAN	PL	31.0	31000000	1000000.0	31000000.0	31000000.0
rep1	M5	TriComm PN23 no drug	PN23 no drug	PN23	0	94.0	KAN	PM	8.0	8000000	1000000.0	8000000.0	8000000.0
rep1	M5	TriComm PN23 no drug	PN23 no drug	PN23	0	118.0	COL	LM	8.0	800000	31461.538461538465	800000.0	800000.0
rep1	M5	TriComm PN23 no drug	PN23 no drug	PN23	0	118.0	COL	PL	11.0	11000	31461.538461538465	15730.769230769232	
rep1	M5	TriComm PN23 no drug	PN23 no drug	PN23	0	118.0	COL	PM	7.0	7000	31461.538461538465	15730.769230769232	
rep1	M5	TriComm PN23 no drug	PN23 no drug	PN23	0	118.0	KAN	LM	0.0	0	10000000.0	5000000.0	
rep1	M5	TriComm PN23 no drug	PN23 no drug	PN23	0	118.0	KAN	PL	9.0	90000000	10000000.0	90000000.0	90000000.0
rep1	M5	TriComm PN23 no drug	PN23 no drug	PN23	0	118.0	KAN	PM	20.0	200000000	10000000.0	200000000.0	200000000.0
rep1	M5	TriComm PN23 no drug	PN23 no drug	PN23	0	142.0	COL	LM	34.0	340000	4873.4177215189875	340000.0	340000.0
rep1	M5	TriComm PN23 no drug	PN23 no drug	PN23	0	142.0	COL	PL	28.0	28000	4873.4177215189875	28000.0	28000.0
rep1	M5	TriComm PN23 no drug	PN23 no drug	PN23	0	142.0	COL	PM	17.0	17000	4873.4177215189875	17000.0	17000.0
rep1	M5	TriComm PN23 no drug	PN23 no drug	PN23	0	142.0	KAN	LM	0.0	0	10000000.0	5000000.0	
rep1	M5	TriComm PN23 no drug	PN23 no drug	PN23	0	142.0	KAN	PL	16.0	160000000	10000000.0	160000000.0	160000000.0
rep1	M5	TriComm PN23 no drug	PN23 no drug	PN23	0	142.0	KAN	PM	37.0	370000000	10000000.0	370000000.0	370000000.0
rep1	M5	TriComm PN23 no drug	PN23 no drug	PN23	0	166.0	COL	LM	36.0	36000	1000.0	36000.0	36000.0
rep1	M5	TriComm PN23 no drug	PN23 no drug	PN23	0	166.0	COL	PL	16.0	16000	1000.0	16000.0	16000.0
rep1	M5	TriComm PN23 no drug	PN23 no drug	PN23	0	166.0	COL	PM	6.0	6000	1000.0	6000.0	6000.0
rep1	M5	TriComm PN23 no drug	PN23 no drug	PN23	0	166.0	KAN	LM	0.0	0	1000000.0	500000.0	
rep1	M5	TriComm PN23 no drug	PN23 no drug	PN23	0	166.0	KAN	PL	46.0	46000000	1000000.0	46000000.0	46000000.0
rep1	M5	TriComm PN23 no drug	PN23 no drug	PN23	0	166.0	KAN	PM	38.0	38000000	1000000.0	38000000.0	38000000.0
rep1	M5	TriComm PN23 no drug	PN23 no drug	PN23	0	190.0	COL	LM	22.0	22000	1000.0	22000.0	22000.0
rep1	M5	TriComm PN23 no drug	PN23 no drug	PN23	0	190.0	COL	PL	4.0	4000	1000.0	4000.0	4000.0
rep1	M5	TriComm PN23 no drug	PN23 no drug	PN23	0	190.0	COL	PM	4.0	4000	1000.0	4000.0	4000.0
rep1	M5	TriComm PN23 no drug	PN23 no drug	PN23	0	190.0	KAN	LM	0.0	0	1000000.0	500000.0	
rep1	M5	TriComm PN23 no drug	PN23 no drug	PN23	0	190.0	KAN	PL	35.0	35000000	1000000.0	35000000.0	35000000.0
rep1	M5	TriComm PN23 no drug	PN23 no drug	PN23	0	190.0	KAN	PM	46.0	46000000	1000000.0	46000000.0	46000000.0
rep1	M5	TriComm PN23 no drug	PN23 no drug	PN23	0	214.0	COL	LM	15.0	15000	1000.0	15000.0	15000.0
rep1	M5	TriComm PN23 no drug	PN23 no drug	PN23	0	214.0	COL	PL	6.0	6000	1000.0	6000.0	6000.0
rep1	M5	TriComm PN23 no drug	PN23 no drug	PN23	0	214.0	COL	PM	5.0	5000	1000.0	5000.0	5000.0
rep1	M5	TriComm PN23 no drug	PN23 no drug	PN23	0	214.0	KAN	LM	0.0	0	1000000.0	500000.0	
rep1	M5	TriComm PN23 no drug	PN23 no drug	PN23	0	214.0	KAN	PL	26.0	26000000	1000000.0	26000000.0	26000000.0
rep1	M5	TriComm PN23 no drug	PN23 no drug	PN23	0	214.0	KAN	PM	20.0	20000000	1000000.0	20000000.0	20000000.0
rep1	M5	TriComm PN23 no drug	PN23 no drug	PN23	0	238.0	COL	LM	0.0	0	100.0	50.0	
rep1	M5	TriComm PN23 no drug	PN23 no drug	PN23	0	238.0	COL	PL	32.0	3200	100.0	3200.0	3200.0
rep1	M5	TriComm PN23 no drug	PN23 no drug	PN23	0	238.0	COL	PM	19.0	1900	100.0	1900.0	1900.0
rep1	M5	TriComm PN23 no drug	PN23 no drug	PN23	0	238.0	KAN	LM	0.0	0	1000000.0	500000.0	
rep1	M5	TriComm PN23 no drug	PN23 no drug	PN23	0	238.0	KAN	PL	39.0	39000000	1000000.0	39000000.0	39000000.0
rep1	M5	TriComm PN23 no drug	PN23 no drug	PN23	0	238.0	KAN	PM	20.0	20000000	1000000.0	20000000.0	20000000.0
rep1	M5	TriComm PN23 no drug	PN23 no drug	PN23	0	262.0	COL	LM	23.0	2300	100.0	2300.0	2300.0
rep1	M5	TriComm PN23 no drug	PN23 no drug	PN23	0	262.0	COL	PL	0.0	0	100.0	50.0	
rep1	M5	TriComm PN23 no drug	PN23 no drug	PN23	0	262.0	COL	PM	1.0	100	100.0	100.0	100.0
rep1	M5	TriComm PN23 no drug	PN23 no drug	PN23	0	262.0	KAN	LM	0.0	0	100000.0	50000.0	
rep1	M5	TriComm PN23 no drug	PN23 no drug	PN23	0	262.0	KAN	PL	24.0	2400000	100000.0	2400000.0	2400000.0
rep1	M5	TriComm PN23 no drug	PN23 no drug	PN23	0	262.0	KAN	PM	32.0	3200000	100000.0	3200000.0	3200000.0
rep1	M5	TriComm PN23 no drug	PN23 no drug	PN23	0	285.0	COL	LM	22.0	2200	100.0	2200.0	2200.0
rep1	M5	TriComm PN23 no drug	PN23 no drug	PN23	0	285.0	COL	PL	0.0	0	100.0	50.0	
rep1	M5	TriComm PN23 no drug	PN23 no drug	PN23	0	285.0	COL	PM	1.0	100	100.0	100.0	100.0
rep1	M5	TriComm PN23 no drug	PN23 no drug	PN23	0	285.0	KAN	LM	0.0	0	100000.00000000001	50000.00000000001	
rep1	M5	TriComm PN23 no drug	PN23 no drug	PN23	0	285.0	KAN	PL	27.0	2700000	100000.00000000001	2700000.0	2700000.0
rep1	M5	TriComm PN23 no drug	PN23 no drug	PN23	0	285.0	KAN	PM	66.0	6600000	100000.00000000001	6600000.0	6600000.0
rep1	M5	TriComm PN23 no drug	PN23 no drug	PN23	0	309.0	COL	LM	4.0	4000	1000.0	4000.0	4000.0
rep1	M5	TriComm PN23 no drug	PN23 no drug	PN23	0	309.0	COL	PL	0.0	0	1000.0	500.0	
rep1	M5	TriComm PN23 no drug	PN23 no drug	PN23	0	309.0	COL	PM	0.0	0	1000.0	500.0	
rep1	M5	TriComm PN23 no drug	PN23 no drug	PN23	0	309.0	KAN	LM	0.0	0	1000000.0	500000.0	
rep1	M5	TriComm PN23 no drug	PN23 no drug	PN23	0	309.0	KAN	PL	4.0	4000000	1000000.0	4000000.0	4000000.0
rep1	M5	TriComm PN23 no drug	PN23 no drug	PN23	0	309.0	KAN	PM	12.0	12000000	1000000.0	12000000.0	12000000.0
rep1	M6	TriComm PN23 1xMIC	PN23 1xMIC	PN23	1	0.0	COL	LM	126.0	126000000	1000000.0	126000000.0	126000000.0
rep1	M6	TriComm PN23 1xMIC	PN23 1xMIC	PN23	1	0.0	COL	PL	0.0	0	1000000.0	500000.0	
rep1	M6	TriComm PN23 1xMIC	PN23 1xMIC	PN23	1	0.0	COL	PM	0.0	0	1000000.0	500000.0	
rep1	M6	TriComm PN23 1xMIC	PN23 1xMIC	PN23	1	0.0	KAN	LM	12.0	120000000	3593220.338983051	120000000.0	120000000.0
rep1	M6	TriComm PN23 1xMIC	PN23 1xMIC	PN23	1	0.0	KAN	PL	42.0	42000000	3593220.338983051	42000000.0	42000000.0
rep1	M6	TriComm PN23 1xMIC	PN23 1xMIC	PN23	1	0.0	KAN	PM	5.0	50000000	3593220.338983051	50000000.0	50000000.0
rep1	M6	TriComm PN23 1xMIC	PN23 1xMIC	PN23	1	22.0	COL	LM	69.0	69000000	1000000.0	69000000.0	69000000.0
rep1	M6	TriComm PN23 1xMIC	PN23 1xMIC	PN23	1	22.0	COL	PL	0.0	0	1000000.0	500000.0	
rep1	M6	TriComm PN23 1xMIC	PN23 1xMIC	PN23	1	22.0	COL	PM	0.0	0	1000000.0	500000.0	
rep1	M6	TriComm PN23 1xMIC	PN23 1xMIC	PN23	1	22.0	KAN	LM	10.0	10000000	4157894.736842105	10000000.0	10000000.0
rep1	M6	TriComm PN23 1xMIC	PN23 1xMIC	PN23	1	22.0	KAN	PL	27.0	27000000	4157894.736842105	27000000.0	27000000.0
rep1	M6	TriComm PN23 1xMIC	PN23 1xMIC	PN23	1	22.0	KAN	PM	20.0	200000000	4157894.736842105	200000000.0	200000000.0
rep1	M6	TriComm PN23 1xMIC	PN23 1xMIC	PN23	1	46.0	COL	LM	52.0	52000000	1000000.0	52000000.0	52000000.0
rep1	M6	TriComm PN23 1xMIC	PN23 1xMIC	PN23	1	46.0	COL	PL	0.0	0	1000000.0	500000.0	
rep1	M6	TriComm PN23 1xMIC	PN23 1xMIC	PN23	1	46.0	COL	PM	0.0	0	1000000.0	500000.0	
rep1	M6	TriComm PN23 1xMIC	PN23 1xMIC	PN23	1	46.0	KAN	LM	54.0	54000000	1534653.4653465347	54000000.0	54000000.0
rep1	M6	TriComm PN23 1xMIC	PN23 1xMIC	PN23	1	46.0	KAN	PL	41.0	41000000	1534653.4653465347	41000000.0	41000000.0
rep1	M6	TriComm PN23 1xMIC	PN23 1xMIC	PN23	1	46.0	KAN	PM	6.0	60000000	1534653.4653465347	60000000.0	60000000.0
rep1	M6	TriComm PN23 1xMIC	PN23 1xMIC	PN23	1	70.0	COL	LM	64.0	6400000	100000.0	6400000.0	6400000.0
rep1	M6	TriComm PN23 1xMIC	PN23 1xMIC	PN23	1	70.0	COL	PL	0.0	0	100000.0	50000.0	
rep1	M6	TriComm PN23 1xMIC	PN23 1xMIC	PN23	1	70.0	COL	PM	0.0	0	100000.0	50000.0	
rep1	M6	TriComm PN23 1xMIC	PN23 1xMIC	PN23	1	70.0	KAN	LM	2.0	20000000	10000000.0	20000000.0	20000000.0
rep1	M6	TriComm PN23 1xMIC	PN23 1xMIC	PN23	1	70.0	KAN	PL	25.0	250000000	10000000.0	250000000.0	250000000.0
rep1	M6	TriComm PN23 1xMIC	PN23 1xMIC	PN23	1	70.0	KAN	PM	48.0	480000000	10000000.0	480000000.0	480000000.0
rep1	M6	TriComm PN23 1xMIC	PN23 1xMIC	PN23	1	94.0	COL	LM	68.0	680000	9160.0	680000.0	680000.0
rep1	M6	TriComm PN23 1xMIC	PN23 1xMIC	PN23	1	94.0	COL	PL	2.0	2000	9160.0	4580.0	
rep1	M6	TriComm PN23 1xMIC	PN23 1xMIC	PN23	1	94.0	COL	PM	5.0	5000	9160.0	4580.0	
rep1	M6	TriComm PN23 1xMIC	PN23 1xMIC	PN23	1	94.0	KAN	LM	0.0	0	10000000.0	5000000.0	
rep1	M6	TriComm PN23 1xMIC	PN23 1xMIC	PN23	1	94.0	KAN	PL	5.0	50000000	10000000.0	50000000.0	50000000.0
rep1	M6	TriComm PN23 1xMIC	PN23 1xMIC	PN23	1	94.0	KAN	PM	6.0	60000000	10000000.0	60000000.0	60000000.0
rep1	M6	TriComm PN23 1xMIC	PN23 1xMIC	PN23	1	118.0	COL	LM	12.0	120000	3037.7358490566035	120000.0	120000.0
rep1	M6	TriComm PN23 1xMIC	PN23 1xMIC	PN23	1	118.0	COL	PL	30.0	30000	3037.7358490566035	30000.0	30000.0
rep1	M6	TriComm PN23 1xMIC	PN23 1xMIC	PN23	1	118.0	COL	PM	11.0	11000	3037.7358490566035	11000.0	11000.0
rep1	M6	TriComm PN23 1xMIC	PN23 1xMIC	PN23	1	118.0	KAN	LM	0.0	0	1000000.0	500000.0	
rep1	M6	TriComm PN23 1xMIC	PN23 1xMIC	PN23	1	118.0	KAN	PL	84.0	84000000	1000000.0	84000000.0	84000000.0
rep1	M6	TriComm PN23 1xMIC	PN23 1xMIC	PN23	1	118.0	KAN	PM	11.0	11000000	1000000.0	11000000.0	11000000.0
rep1	M6	TriComm PN23 1xMIC	PN23 1xMIC	PN23	1	142.0	COL	LM	5.0	5000	4500.0	5000.0	5000.0
rep1	M6	TriComm PN23 1xMIC	PN23 1xMIC	PN23	1	142.0	COL	PL	6.0	6000	4500.0	6000.0	6000.0
rep1	M6	TriComm PN23 1xMIC	PN23 1xMIC	PN23	1	142.0	COL	PM	7.0	70000	4500.0	70000.0	70000.0
rep1	M6	TriComm PN23 1xMIC	PN23 1xMIC	PN23	1	142.0	KAN	LM	0.0	0	100000.0	50000.0	
rep1	M6	TriComm PN23 1xMIC	PN23 1xMIC	PN23	1	142.0	KAN	PL	18.0	1800000	100000.0	1800000.0	1800000.0
rep1	M6	TriComm PN23 1xMIC	PN23 1xMIC	PN23	1	142.0	KAN	PM	4.0	400000	100000.0	400000.0	400000.0
rep1	M6	TriComm PN23 1xMIC	PN23 1xMIC	PN23	1	166.0	COL	LM	0.0	0	87837.83783783784	43918.91891891892	
rep1	M6	TriComm PN23 1xMIC	PN23 1xMIC	PN23	1	166.0	COL	PL	5.0	50000	87837.83783783784	43918.91891891892	
rep1	M6	TriComm PN23 1xMIC	PN23 1xMIC	PN23	1	166.0	COL	PM	32.0	3200000	87837.83783783784	3200000.0	3200000.0
rep1	M6	TriComm PN23 1xMIC	PN23 1xMIC	PN23	1	166.0	KAN	LM	0.0	0	58169.01408450704	29084.50704225352	
rep1	M6	TriComm PN23 1xMIC	PN23 1xMIC	PN23	1	166.0	KAN	PL	33.0	330000	58169.01408450704	330000.0	330000.0
rep1	M6	TriComm PN23 1xMIC	PN23 1xMIC	PN23	1	166.0	KAN	PM	38.0	3800000	58169.01408450704	3800000.0	3800000.0
rep1	M6	TriComm PN23 1xMIC	PN23 1xMIC	PN23	1	190.0	COL	LM	0.0	0	8548.387096774193	4274.193548387097	
rep1	M6	TriComm PN23 1xMIC	PN23 1xMIC	PN23	1	190.0	COL	PL	10.0	10000	8548.387096774193	10000.0	10000.0
rep1	M6	TriComm PN23 1xMIC	PN23 1xMIC	PN23	1	190.0	COL	PM	52.0	520000	8548.387096774193	520000.0	520000.0
rep1	M6	TriComm PN23 1xMIC	PN23 1xMIC	PN23	1	190.0	KAN	LM	0.0	0	419354.83870967745	209677.41935483873	
rep1	M6	TriComm PN23 1xMIC	PN23 1xMIC	PN23	1	190.0	KAN	PL	33.0	33000000	419354.83870967745	33000000.0	33000000.0
rep1	M6	TriComm PN23 1xMIC	PN23 1xMIC	PN23	1	190.0	KAN	PM	60.0	6000000	419354.83870967745	6000000.0	6000000.0
rep1	M6	TriComm PN23 1xMIC	PN23 1xMIC	PN23	1	214.0	COL	LM	0.0	0	1000.0000000000001	500.00000000000006	
rep1	M6	TriComm PN23 1xMIC	PN23 1xMIC	PN23	1	214.0	COL	PL	50.0	50000	1000.0000000000001	50000.0	50000.0
rep1	M6	TriComm PN23 1xMIC	PN23 1xMIC	PN23	1	214.0	COL	PM	25.0	25000	1000.0000000000001	25000.0	25000.0
rep1	M6	TriComm PN23 1xMIC	PN23 1xMIC	PN23	1	214.0	KAN	LM	0.0	0	40000.0	20000.0	
rep1	M6	TriComm PN23 1xMIC	PN23 1xMIC	PN23	1	214.0	KAN	PL	19.0	1900000	40000.0	1900000.0	1900000.0
rep1	M6	TriComm PN23 1xMIC	PN23 1xMIC	PN23	1	214.0	KAN	PM	38.0	380000	40000.0	380000.0	380000.0
rep1	M6	TriComm PN23 1xMIC	PN23 1xMIC	PN23	1	238.0	COL	LM	0.0	0	82000.0	41000.0	
rep1	M6	TriComm PN23 1xMIC	PN23 1xMIC	PN23	1	238.0	COL	PL	6.0	60000	82000.0	41000.0	
rep1	M6	TriComm PN23 1xMIC	PN23 1xMIC	PN23	1	238.0	COL	PM	24.0	2400000	82000.0	2400000.0	2400000.0
rep1	M6	TriComm PN23 1xMIC	PN23 1xMIC	PN23	1	238.0	KAN	LM	0.0	0	1000000.0	500000.0	
rep1	M6	TriComm PN23 1xMIC	PN23 1xMIC	PN23	1	238.0	KAN	PL	13.0	13000000	1000000.0	13000000.0	13000000.0
rep1	M6	TriComm PN23 1xMIC	PN23 1xMIC	PN23	1	238.0	KAN	PM	6.0	6000000	1000000.0	6000000.0	6000000.0
rep1	M6	TriComm PN23 1xMIC	PN23 1xMIC	PN23	1	262.0	COL	LM	2.0	2000	953.8461538461538	2000.0	2000.0
rep1	M6	TriComm PN23 1xMIC	PN23 1xMIC	PN23	1	262.0	COL	PL	2.0	200	953.8461538461538	476.9230769230769	
rep1	M6	TriComm PN23 1xMIC	PN23 1xMIC	PN23	1	262.0	COL	PM	35.0	35000	953.8461538461538	35000.0	35000.0
rep1	M6	TriComm PN23 1xMIC	PN23 1xMIC	PN23	1	262.0	KAN	LM	0.0	0	820000.0	410000.0	
rep1	M6	TriComm PN23 1xMIC	PN23 1xMIC	PN23	1	262.0	KAN	PL	16.0	16000000	820000.0	16000000.0	16000000.0
rep1	M6	TriComm PN23 1xMIC	PN23 1xMIC	PN23	1	262.0	KAN	PM	4.0	400000	820000.0	410000.0	
rep1	M6	TriComm PN23 1xMIC	PN23 1xMIC	PN23	1	285.0	COL	LM	0.0	0	100000.0	50000.0	
rep1	M6	TriComm PN23 1xMIC	PN23 1xMIC	PN23	1	285.0	COL	PL	0.0	0	100000.0	50000.0	
rep1	M6	TriComm PN23 1xMIC	PN23 1xMIC	PN23	1	285.0	COL	PM	26.0	2600000	100000.0	2600000.0	2600000.0
rep1	M6	TriComm PN23 1xMIC	PN23 1xMIC	PN23	1	285.0	KAN	LM	0.0	0	534482.7586206896	267241.3793103448	
rep1	M6	TriComm PN23 1xMIC	PN23 1xMIC	PN23	1	285.0	KAN	PL	28.0	28000000	534482.7586206896	28000000.0	28000000.0
rep1	M6	TriComm PN23 1xMIC	PN23 1xMIC	PN23	1	285.0	KAN	PM	30.0	3000000	534482.7586206896	3000000.0	3000000.0
rep1	M6	TriComm PN23 1xMIC	PN23 1xMIC	PN23	1	309.0	COL	LM	0.0	0	1000000.0	500000.0	
rep1	M6	TriComm PN23 1xMIC	PN23 1xMIC	PN23	1	309.0	COL	PL	0.0	0	1000000.0	500000.0	
rep1	M6	TriComm PN23 1xMIC	PN23 1xMIC	PN23	1	309.0	COL	PM	39.0	39000000	1000000.0	39000000.0	39000000.0
rep1	M6	TriComm PN23 1xMIC	PN23 1xMIC	PN23	1	309.0	KAN	LM	0.0	0	10000000.0	5000000.0	
rep1	M6	TriComm PN23 1xMIC	PN23 1xMIC	PN23	1	309.0	KAN	PL	12.0	120000000	10000000.0	120000000.0	120000000.0
rep1	M6	TriComm PN23 1xMIC	PN23 1xMIC	PN23	1	309.0	KAN	PM	13.0	130000000	10000000.0	130000000.0	130000000.0
rep1	M7	TriComm PN23 2xMIC	PN23 2xMIC	PN23	2	0.0	COL	LM	107.0	107000000	999999.9999999999	107000000.0	107000000.0
rep1	M7	TriComm PN23 2xMIC	PN23 2xMIC	PN23	2	0.0	COL	PL	0.0	0	999999.9999999999	499999.99999999994	
rep1	M7	TriComm PN23 2xMIC	PN23 2xMIC	PN23	2	0.0	COL	PM	0.0	0	999999.9999999999	499999.99999999994	
rep1	M7	TriComm PN23 2xMIC	PN23 2xMIC	PN23	2	0.0	KAN	LM	9.0	90000000	10000000.0	90000000.0	90000000.0
rep1	M7	TriComm PN23 2xMIC	PN23 2xMIC	PN23	2	0.0	KAN	PL	6.0	60000000	10000000.0	60000000.0	60000000.0
rep1	M7	TriComm PN23 2xMIC	PN23 2xMIC	PN23	2	0.0	KAN	PM	4.0	40000000	10000000.0	40000000.0	40000000.0
rep1	M7	TriComm PN23 2xMIC	PN23 2xMIC	PN23	2	22.0	COL	LM	61.0	61000000	1000000.0	61000000.0	61000000.0
rep1	M7	TriComm PN23 2xMIC	PN23 2xMIC	PN23	2	22.0	COL	PL	0.0	0	1000000.0	500000.0	
rep1	M7	TriComm PN23 2xMIC	PN23 2xMIC	PN23	2	22.0	COL	PM	0.0	0	1000000.0	500000.0	
rep1	M7	TriComm PN23 2xMIC	PN23 2xMIC	PN23	2	22.0	KAN	LM	48.0	48000000	1000000.0	48000000.0	48000000.0
rep1	M7	TriComm PN23 2xMIC	PN23 2xMIC	PN23	2	22.0	KAN	PL	5.0	5000000	1000000.0	5000000.0	5000000.0
rep1	M7	TriComm PN23 2xMIC	PN23 2xMIC	PN23	2	22.0	KAN	PM	2.0	2000000	1000000.0	2000000.0	2000000.0
rep1	M7	TriComm PN23 2xMIC	PN23 2xMIC	PN23	2	46.0	COL	LM	29.0	29000000	1000000.0	29000000.0	29000000.0
rep1	M7	TriComm PN23 2xMIC	PN23 2xMIC	PN23	2	46.0	COL	PL	0.0	0	1000000.0	500000.0	
rep1	M7	TriComm PN23 2xMIC	PN23 2xMIC	PN23	2	46.0	COL	PM	0.0	0	1000000.0	500000.0	
rep1	M7	TriComm PN23 2xMIC	PN23 2xMIC	PN23	2	46.0	KAN	LM	31.0	31000000	764285.7142857142	31000000.0	31000000.0
rep1	M7	TriComm PN23 2xMIC	PN23 2xMIC	PN23	2	46.0	KAN	PL	9.0	900000	764285.7142857142	900000.0	900000.0
rep1	M7	TriComm PN23 2xMIC	PN23 2xMIC	PN23	2	46.0	KAN	PM	2.0	200000	764285.7142857142	382142.8571428571	
rep1	M7	TriComm PN23 2xMIC	PN23 2xMIC	PN23	2	70.0	COL	LM	125.0	12500000	100000.0	12500000.0	12500000.0
rep1	M7	TriComm PN23 2xMIC	PN23 2xMIC	PN23	2	70.0	COL	PL	0.0	0	100000.0	50000.0	
rep1	M7	TriComm PN23 2xMIC	PN23 2xMIC	PN23	2	70.0	COL	PM	0.0	0	100000.0	50000.0	
rep1	M7	TriComm PN23 2xMIC	PN23 2xMIC	PN23	2	70.0	KAN	LM	15.0	15000000	355348.8372093023	15000000.0	15000000.0
rep1	M7	TriComm PN23 2xMIC	PN23 2xMIC	PN23	2	70.0	KAN	PL	21.0	210000	355348.8372093023	177674.41860465115	
rep1	M7	TriComm PN23 2xMIC	PN23 2xMIC	PN23	2	70.0	KAN	PM	7.0	70000	355348.8372093023	177674.41860465115	
rep1	M7	TriComm PN23 2xMIC	PN23 2xMIC	PN23	2	94.0	COL	LM	61.0	6100000	100000.0	6100000.0	6100000.0
rep1	M7	TriComm PN23 2xMIC	PN23 2xMIC	PN23	2	94.0	COL	PL	0.0	0	100000.0	50000.0	
rep1	M7	TriComm PN23 2xMIC	PN23 2xMIC	PN23	2	94.0	COL	PM	0.0	0	100000.0	50000.0	
rep1	M7	TriComm PN23 2xMIC	PN23 2xMIC	PN23	2	94.0	KAN	LM	11.0	11000000	413333.3333333333	11000000.0	11000000.0
rep1	M7	TriComm PN23 2xMIC	PN23 2xMIC	PN23	2	94.0	KAN	PL	7.0	70000	413333.3333333333	206666.66666666666	
rep1	M7	TriComm PN23 2xMIC	PN23 2xMIC	PN23	2	94.0	KAN	PM	9.0	90000	413333.3333333333	206666.66666666666	
rep1	M7	TriComm PN23 2xMIC	PN23 2xMIC	PN23	2	118.0	COL	LM	34.0	3400000	100000.0	3400000.0	3400000.0
rep1	M7	TriComm PN23 2xMIC	PN23 2xMIC	PN23	2	118.0	COL	PL	0.0	0	100000.0	50000.0	
rep1	M7	TriComm PN23 2xMIC	PN23 2xMIC	PN23	2	118.0	COL	PM	0.0	0	100000.0	50000.0	
rep1	M7	TriComm PN23 2xMIC	PN23 2xMIC	PN23	2	118.0	KAN	LM	36.0	3600000	100000.0	3600000.0	3600000.0
rep1	M7	TriComm PN23 2xMIC	PN23 2xMIC	PN23	2	118.0	KAN	PL	0.0	0	100000.0	50000.0	
rep1	M7	TriComm PN23 2xMIC	PN23 2xMIC	PN23	2	118.0	KAN	PM	0.0	0	100000.0	50000.0	
rep1	M7	TriComm PN23 2xMIC	PN23 2xMIC	PN23	2	142.0	COL	LM	26.0	260000	10000.0	260000.0	260000.0
rep1	M7	TriComm PN23 2xMIC	PN23 2xMIC	PN23	2	142.0	COL	PL	0.0	0	10000.0	5000.0	
rep1	M7	TriComm PN23 2xMIC	PN23 2xMIC	PN23	2	142.0	COL	PM	0.0	0	10000.0	5000.0	
rep1	M7	TriComm PN23 2xMIC	PN23 2xMIC	PN23	2	142.0	KAN	LM	58.0	580000	9030.76923076923	580000.0	580000.0
rep1	M7	TriComm PN23 2xMIC	PN23 2xMIC	PN23	2	142.0	KAN	PL	6.0	6000	9030.76923076923	4515.384615384615	
rep1	M7	TriComm PN23 2xMIC	PN23 2xMIC	PN23	2	142.0	KAN	PM	1.0	1000	9030.76923076923	4515.384615384615	
rep1	M7	TriComm PN23 2xMIC	PN23 2xMIC	PN23	2	166.0	COL	LM	2.0	200	100.0	200.0	200.0
rep1	M7	TriComm PN23 2xMIC	PN23 2xMIC	PN23	2	166.0	COL	PL	0.0	0	100.0	50.0	
rep1	M7	TriComm PN23 2xMIC	PN23 2xMIC	PN23	2	166.0	COL	PM	0.0	0	100.0	50.0	
rep1	M7	TriComm PN23 2xMIC	PN23 2xMIC	PN23	2	166.0	KAN	LM	4.0	4000	1000.0	4000.0	4000.0
rep1	M7	TriComm PN23 2xMIC	PN23 2xMIC	PN23	2	166.0	KAN	PL	0.0	0	1000.0	500.0	
rep1	M7	TriComm PN23 2xMIC	PN23 2xMIC	PN23	2	166.0	KAN	PM	0.0	0	1000.0	500.0	
rep1	M7	TriComm PN23 2xMIC	PN23 2xMIC	PN23	2	190.0	COL	LM	0.0	0			
rep1	M7	TriComm PN23 2xMIC	PN23 2xMIC	PN23	2	190.0	COL	PL	0.0	0			
rep1	M7	TriComm PN23 2xMIC	PN23 2xMIC	PN23	2	190.0	COL	PM	0.0	0			
rep1	M7	TriComm PN23 2xMIC	PN23 2xMIC	PN23	2	190.0	KAN	LM	1.0	100	100.0	100.0	100.0
rep1	M7	TriComm PN23 2xMIC	PN23 2xMIC	PN23	2	190.0	KAN	PL	0.0	0	100.0	50.0	
rep1	M7	TriComm PN23 2xMIC	PN23 2xMIC	PN23	2	190.0	KAN	PM	1.0	100	100.0	100.0	100.0
rep1	M7	TriComm PN23 2xMIC	PN23 2xMIC	PN23	2	214.0	COL	LM	0.0	0	100.0	50.0	
rep1	M7	TriComm PN23 2xMIC	PN23 2xMIC	PN23	2	214.0	COL	PL	0.0	0	100.0	50.0	
rep1	M7	TriComm PN23 2xMIC	PN23 2xMIC	PN23	2	214.0	COL	PM	6.0	600	100.0	600.0	600.0
rep1	M7	TriComm PN23 2xMIC	PN23 2xMIC	PN23	2	214.0	KAN	LM	1.0	100	100.0	100.0	100.0
rep1	M7	TriComm PN23 2xMIC	PN23 2xMIC	PN23	2	214.0	KAN	PL	3.0	300	100.0	300.0	300.0
rep1	M7	TriComm PN23 2xMIC	PN23 2xMIC	PN23	2	214.0	KAN	PM	12.0	1200	100.0	1200.0	1200.0
rep1	M7	TriComm PN23 2xMIC	PN23 2xMIC	PN23	2	238.0	COL	LM	0.0	0	1000.0	500.0	
rep1	M7	TriComm PN23 2xMIC	PN23 2xMIC	PN23	2	238.0	COL	PL	0.0	0	1000.0	500.0	
rep1	M7	TriComm PN23 2xMIC	PN23 2xMIC	PN23	2	238.0	COL	PM	15.0	15000	1000.0	15000.0	15000.0
rep1	M7	TriComm PN23 2xMIC	PN23 2xMIC	PN23	2	238.0	KAN	LM	0.0	0	1000.0	500.0	
rep1	M7	TriComm PN23 2xMIC	PN23 2xMIC	PN23	2	238.0	KAN	PL	2.0	2000	1000.0	2000.0	2000.0
rep1	M7	TriComm PN23 2xMIC	PN23 2xMIC	PN23	2	238.0	KAN	PM	19.0	19000	1000.0	19000.0	19000.0
rep1	M7	TriComm PN23 2xMIC	PN23 2xMIC	PN23	2	262.0	COL	LM	0.0	0	10000.0	5000.0	
rep1	M7	TriComm PN23 2xMIC	PN23 2xMIC	PN23	2	262.0	COL	PL	0.0	0	10000.0	5000.0	
rep1	M7	TriComm PN23 2xMIC	PN23 2xMIC	PN23	2	262.0	COL	PM	13.0	130000	10000.0	130000.0	130000.0
rep1	M7	TriComm PN23 2xMIC	PN23 2xMIC	PN23	2	262.0	KAN	LM	0.0	0	9550.0	4775.0	
rep1	M7	TriComm PN23 2xMIC	PN23 2xMIC	PN23	2	262.0	KAN	PL	1.0	100	9550.0	4775.0	
rep1	M7	TriComm PN23 2xMIC	PN23 2xMIC	PN23	2	262.0	KAN	PM	21.0	210000	9550.0	210000.0	210000.0
rep1	M7	TriComm PN23 2xMIC	PN23 2xMIC	PN23	2	285.0	COL	LM	0.0	0	1000.0	500.0	
rep1	M7	TriComm PN23 2xMIC	PN23 2xMIC	PN23	2	285.0	COL	PL	0.0	0	1000.0	500.0	
rep1	M7	TriComm PN23 2xMIC	PN23 2xMIC	PN23	2	285.0	COL	PM	74.0	74000	1000.0	74000.0	74000.0
rep1	M7	TriComm PN23 2xMIC	PN23 2xMIC	PN23	2	285.0	KAN	LM	0.0	0	10000.0	5000.0	
rep1	M7	TriComm PN23 2xMIC	PN23 2xMIC	PN23	2	285.0	KAN	PL	0.0	0	10000.0	5000.0	
rep1	M7	TriComm PN23 2xMIC	PN23 2xMIC	PN23	2	285.0	KAN	PM	15.0	150000	10000.0	150000.0	150000.0
rep1	M7	TriComm PN23 2xMIC	PN23 2xMIC	PN23	2	309.0	COL	LM	0.0	0	10000.0	5000.0	
rep1	M7	TriComm PN23 2xMIC	PN23 2xMIC	PN23	2	309.0	COL	PL	0.0	0	10000.0	5000.0	
rep1	M7	TriComm PN23 2xMIC	PN23 2xMIC	PN23	2	309.0	COL	PM	8.0	80000	10000.0	80000.0	80000.0
rep1	M7	TriComm PN23 2xMIC	PN23 2xMIC	PN23	2	309.0	KAN	LM	0.0	0	1000.0	500.0	
rep1	M7	TriComm PN23 2xMIC	PN23 2xMIC	PN23	2	309.0	KAN	PL	0.0	0	1000.0	500.0	
rep1	M7	TriComm PN23 2xMIC	PN23 2xMIC	PN23	2	309.0	KAN	PM	65.0	65000	1000.0	65000.0	65000.0
rep2	M1	TriComm KAN+PN23 2xMIC	KAN+PN23 2xMIC	KAN+PN23	2	0.0	COL	LM	0.0	0			
rep2	M1	TriComm KAN+PN23 2xMIC	KAN+PN23 2xMIC	KAN+PN23	2	0.0	COL	PL	0.0	0			
rep2	M1	TriComm KAN+PN23 2xMIC	KAN+PN23 2xMIC	KAN+PN23	2	0.0	COL	PM	0.0	0			
rep2	M1	TriComm KAN+PN23 2xMIC	KAN+PN23 2xMIC	KAN+PN23	2	0.0	KAN	LM	9.0	9000000	1000000.0	9000000.0	9000000.0
rep2	M1	TriComm KAN+PN23 2xMIC	KAN+PN23 2xMIC	KAN+PN23	2	0.0	KAN	PL	50.0	50000000	1000000.0	50000000.0	50000000.0
rep2	M1	TriComm KAN+PN23 2xMIC	KAN+PN23 2xMIC	KAN+PN23	2	0.0	KAN	PM	36.0	36000000	1000000.0	36000000.0	36000000.0
rep2	M1	TriComm KAN+PN23 2xMIC	KAN+PN23 2xMIC	KAN+PN23	2	22.0	COL	LM	10.0	10000000	1000000.0	10000000.0	10000000.0
rep2	M1	TriComm KAN+PN23 2xMIC	KAN+PN23 2xMIC	KAN+PN23	2	22.0	COL	PL	0.0	0	1000000.0	500000.0	
rep2	M1	TriComm KAN+PN23 2xMIC	KAN+PN23 2xMIC	KAN+PN23	2	22.0	COL	PM	0.0	0	1000000.0	500000.0	
rep2	M1	TriComm KAN+PN23 2xMIC	KAN+PN23 2xMIC	KAN+PN23	2	22.0	KAN	LM	6.0	6000000	1000000.0	6000000.0	6000000.0
rep2	M1	TriComm KAN+PN23 2xMIC	KAN+PN23 2xMIC	KAN+PN23	2	22.0	KAN	PL	36.0	36000000	1000000.0	36000000.0	36000000.0
rep2	M1	TriComm KAN+PN23 2xMIC	KAN+PN23 2xMIC	KAN+PN23	2	22.0	KAN	PM	11.0	11000000	1000000.0	11000000.0	11000000.0
rep2	M1	TriComm KAN+PN23 2xMIC	KAN+PN23 2xMIC	KAN+PN23	2	46.0	COL	LM	48.0	4800000	76461.53846153847	4800000.0	4800000.0
rep2	M1	TriComm KAN+PN23 2xMIC	KAN+PN23 2xMIC	KAN+PN23	2	46.0	COL	PL	17.0	170000	76461.53846153847	170000.0	170000.0
rep2	M1	TriComm KAN+PN23 2xMIC	KAN+PN23 2xMIC	KAN+PN23	2	46.0	COL	PM	0.0	0	76461.53846153847	38230.769230769234	
rep2	M1	TriComm KAN+PN23 2xMIC	KAN+PN23 2xMIC	KAN+PN23	2	46.0	KAN	LM	11.0	11000000	425862.0689655172	11000000.0	11000000.0
rep2	M1	TriComm KAN+PN23 2xMIC	KAN+PN23 2xMIC	KAN+PN23	2	46.0	KAN	PL	10.0	10000000	425862.0689655172	10000000.0	10000000.0
rep2	M1	TriComm KAN+PN23 2xMIC	KAN+PN23 2xMIC	KAN+PN23	2	46.0	KAN	PM	37.0	3700000	425862.0689655172	3700000.0	3700000.0
rep2	M1	TriComm KAN+PN23 2xMIC	KAN+PN23 2xMIC	KAN+PN23	2	70.0	COL	LM	21.0	2100000	95285.71428571428	2100000.0	2100000.0
rep2	M1	TriComm KAN+PN23 2xMIC	KAN+PN23 2xMIC	KAN+PN23	2	70.0	COL	PL	19.0	1900000	95285.71428571428	1900000.0	1900000.0
rep2	M1	TriComm KAN+PN23 2xMIC	KAN+PN23 2xMIC	KAN+PN23	2	70.0	COL	PM	2.0	2000	95285.71428571428	47642.85714285714	
rep2	M1	TriComm KAN+PN23 2xMIC	KAN+PN23 2xMIC	KAN+PN23	2	70.0	KAN	LM	4.0	4000000	1000000.0	4000000.0	4000000.0
rep2	M1	TriComm KAN+PN23 2xMIC	KAN+PN23 2xMIC	KAN+PN23	2	70.0	KAN	PL	16.0	16000000	1000000.0	16000000.0	16000000.0
rep2	M1	TriComm KAN+PN23 2xMIC	KAN+PN23 2xMIC	KAN+PN23	2	70.0	KAN	PM	10.0	10000000	1000000.0	10000000.0	10000000.0
rep2	M1	TriComm KAN+PN23 2xMIC	KAN+PN23 2xMIC	KAN+PN23	2	94.0	COL	LM	2.0	200000	83636.36363636363	200000.0	200000.0
rep2	M1	TriComm KAN+PN23 2xMIC	KAN+PN23 2xMIC	KAN+PN23	2	94.0	COL	PL	16.0	1600000	83636.36363636363	1600000.0	1600000.0
rep2	M1	TriComm KAN+PN23 2xMIC	KAN+PN23 2xMIC	KAN+PN23	2	94.0	COL	PM	4.0	40000	83636.36363636363	41818.181818181816	
rep2	M1	TriComm KAN+PN23 2xMIC	KAN+PN23 2xMIC	KAN+PN23	2	94.0	KAN	LM	0.0	0	10000000.0	5000000.0	
rep2	M1	TriComm KAN+PN23 2xMIC	KAN+PN23 2xMIC	KAN+PN23	2	94.0	KAN	PL	2.0	20000000	10000000.0	20000000.0	20000000.0
rep2	M1	TriComm KAN+PN23 2xMIC	KAN+PN23 2xMIC	KAN+PN23	2	94.0	KAN	PM	26.0	260000000	10000000.0	260000000.0	260000000.0
rep2	M1	TriComm KAN+PN23 2xMIC	KAN+PN23 2xMIC	KAN+PN23	2	118.0	COL	LM	0.0	0	9045.454545454546	4522.727272727273	
rep2	M1	TriComm KAN+PN23 2xMIC	KAN+PN23 2xMIC	KAN+PN23	2	118.0	COL	PL	59.0	590000	9045.454545454546	590000.0	590000.0
rep2	M1	TriComm KAN+PN23 2xMIC	KAN+PN23 2xMIC	KAN+PN23	2	118.0	COL	PM	7.0	7000	9045.454545454546	4522.727272727273	
rep2	M1	TriComm KAN+PN23 2xMIC	KAN+PN23 2xMIC	KAN+PN23	2	118.0	KAN	LM	0.0	0	9035714.285714285	4517857.142857143	
rep2	M1	TriComm KAN+PN23 2xMIC	KAN+PN23 2xMIC	KAN+PN23	2	118.0	KAN	PL	3.0	3000000	9035714.285714285	4517857.142857143	
rep2	M1	TriComm KAN+PN23 2xMIC	KAN+PN23 2xMIC	KAN+PN23	2	118.0	KAN	PM	25.0	250000000	9035714.285714285	250000000.0	250000000.0
rep2	M2	TriComm KAN no drug	KAN no drug	KAN	0	0.0	COL	LM	0.0	0			
rep2	M2	TriComm KAN no drug	KAN no drug	KAN	0	0.0	COL	PL	0.0	0			
rep2	M2	TriComm KAN no drug	KAN no drug	KAN	0	0.0	COL	PM	0.0	0			
rep2	M2	TriComm KAN no drug	KAN no drug	KAN	0	0.0	KAN	LM	57.0	57000000	1000000.0	57000000.0	57000000.0
rep2	M2	TriComm KAN no drug	KAN no drug	KAN	0	0.0	KAN	PL	56.0	56000000	1000000.0	56000000.0	56000000.0
rep2	M2	TriComm KAN no drug	KAN no drug	KAN	0	0.0	KAN	PM	51.0	51000000	1000000.0	51000000.0	51000000.0
rep2	M2	TriComm KAN no drug	KAN no drug	KAN	0	22.0	COL	LM	0.0	0			
rep2	M2	TriComm KAN no drug	KAN no drug	KAN	0	22.0	COL	PL	0.0	0			
rep2	M2	TriComm KAN no drug	KAN no drug	KAN	0	22.0	COL	PM	0.0	0			
rep2	M2	TriComm KAN no drug	KAN no drug	KAN	0	22.0	KAN	LM	8.0	80000000	10000000.0	80000000.0	80000000.0
rep2	M2	TriComm KAN no drug	KAN no drug	KAN	0	22.0	KAN	PL	6.0	60000000	10000000.0	60000000.0	60000000.0
rep2	M2	TriComm KAN no drug	KAN no drug	KAN	0	22.0	KAN	PM	5.0	50000000	10000000.0	50000000.0	50000000.0
rep2	M2	TriComm KAN no drug	KAN no drug	KAN	0	46.0	COL	LM	0.0	0			
rep2	M2	TriComm KAN no drug	KAN no drug	KAN	0	46.0	COL	PL	0.0	0			
rep2	M2	TriComm KAN no drug	KAN no drug	KAN	0	46.0	COL	PM	0.0	0			
rep2	M2	TriComm KAN no drug	KAN no drug	KAN	0	46.0	KAN	LM	0.0	0	99999.99999999999	49999.99999999999	
rep2	M2	TriComm KAN no drug	KAN no drug	KAN	0	46.0	KAN	PL	21.0	2100000	99999.99999999999	2100000.0	2100000.0
rep2	M2	TriComm KAN no drug	KAN no drug	KAN	0	46.0	KAN	PM	28.0	2800000	99999.99999999999	2800000.0	2800000.0
rep2	M2	TriComm KAN no drug	KAN no drug	KAN	0	70.0	COL	LM	0.0	0			
rep2	M2	TriComm KAN no drug	KAN no drug	KAN	0	70.0	COL	PL	0.0	0			
rep2	M2	TriComm KAN no drug	KAN no drug	KAN	0	70.0	COL	PM	0.0	0			
rep2	M2	TriComm KAN no drug	KAN no drug	KAN	0	70.0	KAN	LM	0.0	0	1000000.0	500000.0	
rep2	M2	TriComm KAN no drug	KAN no drug	KAN	0	70.0	KAN	PL	1.0	1000000	1000000.0	1000000.0	1000000.0
rep2	M2	TriComm KAN no drug	KAN no drug	KAN	0	70.0	KAN	PM	84.0	84000000	1000000.0	84000000.0	84000000.0
rep2	M2	TriComm KAN no drug	KAN no drug	KAN	0	94.0	COL	LM	0.0	0			
rep2	M2	TriComm KAN no drug	KAN no drug	KAN	0	94.0	COL	PL	0.0	0			
rep2	M2	TriComm KAN no drug	KAN no drug	KAN	0	94.0	COL	PM	0.0	0			
rep2	M2	TriComm KAN no drug	KAN no drug	KAN	0	94.0	KAN	LM	0.0	0	10000000.0	5000000.0	
rep2	M2	TriComm KAN no drug	KAN no drug	KAN	0	94.0	KAN	PL	0.0	0	10000000.0	5000000.0	
rep2	M2	TriComm KAN no drug	KAN no drug	KAN	0	94.0	KAN	PM	10.0	100000000	10000000.0	100000000.0	100000000.0
rep2	M2	TriComm KAN no drug	KAN no drug	KAN	0	118.0	COL	LM	0.0	0			
rep2	M2	TriComm KAN no drug	KAN no drug	KAN	0	118.0	COL	PL	0.0	0			
rep2	M2	TriComm KAN no drug	KAN no drug	KAN	0	118.0	COL	PM	0.0	0			
rep2	M2	TriComm KAN no drug	KAN no drug	KAN	0	118.0	KAN	LM	0.0	0	1000000.0	500000.0	
rep2	M2	TriComm KAN no drug	KAN no drug	KAN	0	118.0	KAN	PL	0.0	0	1000000.0	500000.0	
rep2	M2	TriComm KAN no drug	KAN no drug	KAN	0	118.0	KAN	PM	102.0	102000000	1000000.0	102000000.0	102000000.0
rep2	M2	TriComm KAN no drug	KAN no drug	KAN	0	143.0	COL	LM	0.0	0			
rep2	M2	TriComm KAN no drug	KAN no drug	KAN	0	143.0	COL	PL	0.0	0			
rep2	M2	TriComm KAN no drug	KAN no drug	KAN	0	143.0	COL	PM	0.0	0			
rep2	M2	TriComm KAN no drug	KAN no drug	KAN	0	143.0	KAN	LM	0.0	0	10000000.0	5000000.0	
rep2	M2	TriComm KAN no drug	KAN no drug	KAN	0	143.0	KAN	PL	0.0	0	10000000.0	5000000.0	
rep2	M2	TriComm KAN no drug	KAN no drug	KAN	0	143.0	KAN	PM	9.0	90000000	10000000.0	90000000.0	90000000.0
rep2	M2	TriComm KAN no drug	KAN no drug	KAN	0	166.0	COL	LM	0.0	0			
rep2	M2	TriComm KAN no drug	KAN no drug	KAN	0	166.0	COL	PL	0.0	0			
rep2	M2	TriComm KAN no drug	KAN no drug	KAN	0	166.0	COL	PM	0.0	0			
rep2	M2	TriComm KAN no drug	KAN no drug	KAN	0	166.0	KAN	LM	0.0	0	1000000.0	500000.0	
rep2	M2	TriComm KAN no drug	KAN no drug	KAN	0	166.0	KAN	PL	0.0	0	1000000.0	500000.0	
rep2	M2	TriComm KAN no drug	KAN no drug	KAN	0	166.0	KAN	PM	36.0	36000000	1000000.0	36000000.0	36000000.0
rep2	M2	TriComm KAN no drug	KAN no drug	KAN	0	190.0	COL	LM	0.0	0			
rep2	M2	TriComm KAN no drug	KAN no drug	KAN	0	190.0	COL	PL	0.0	0			
rep2	M2	TriComm KAN no drug	KAN no drug	KAN	0	190.0	COL	PM	0.0	0			
rep2	M2	TriComm KAN no drug	KAN no drug	KAN	0	190.0	KAN	LM	0.0	0	92928.57142857142	46464.28571428571	
rep2	M2	TriComm KAN no drug	KAN no drug	KAN	0	190.0	KAN	PL	2.0	2000	92928.57142857142	46464.28571428571	
rep2	M2	TriComm KAN no drug	KAN no drug	KAN	0	190.0	KAN	PM	26.0	2600000	92928.57142857142	2600000.0	2600000.0
rep2	M2	TriComm KAN no drug	KAN no drug	KAN	0	214.0	COL	LM	0.0	0			
rep2	M2	TriComm KAN no drug	KAN no drug	KAN	0	214.0	COL	PL	0.0	0			
rep2	M2	TriComm KAN no drug	KAN no drug	KAN	0	214.0	COL	PM	0.0	0			
rep2	M2	TriComm KAN no drug	KAN no drug	KAN	0	214.0	KAN	LM	0.0	0	100000.0	50000.0	
rep2	M2	TriComm KAN no drug	KAN no drug	KAN	0	214.0	KAN	PL	0.0	0	100000.0	50000.0	
rep2	M2	TriComm KAN no drug	KAN no drug	KAN	0	214.0	KAN	PM	5.0	500000	100000.0	500000.0	500000.0
rep2	M2	TriComm KAN no drug	KAN no drug	KAN	0	238.0	COL	LM	0.0	0			
rep2	M2	TriComm KAN no drug	KAN no drug	KAN	0	238.0	COL	PL	0.0	0			
rep2	M2	TriComm KAN no drug	KAN no drug	KAN	0	238.0	COL	PM	0.0	0			
rep2	M2	TriComm KAN no drug	KAN no drug	KAN	0	238.0	KAN	LM	0.0	0	10000.0	5000.0	
rep2	M2	TriComm KAN no drug	KAN no drug	KAN	0	238.0	KAN	PL	0.0	0	10000.0	5000.0	
rep2	M2	TriComm KAN no drug	KAN no drug	KAN	0	238.0	KAN	PM	18.0	180000	10000.0	180000.0	180000.0
rep2	M2	TriComm KAN no drug	KAN no drug	KAN	0	262.0	COL	LM	0.0	0			
rep2	M2	TriComm KAN no drug	KAN no drug	KAN	0	262.0	COL	PL	0.0	0			
rep2	M2	TriComm KAN no drug	KAN no drug	KAN	0	262.0	COL	PM	0.0	0			
rep2	M2	TriComm KAN no drug	KAN no drug	KAN	0	262.0	KAN	LM	0.0	0	10000.0	5000.0	
rep2	M2	TriComm KAN no drug	KAN no drug	KAN	0	262.0	KAN	PL	0.0	0	10000.0	5000.0	
rep2	M2	TriComm KAN no drug	KAN no drug	KAN	0	262.0	KAN	PM	18.0	180000	10000.0	180000.0	180000.0
rep2	M2	TriComm KAN no drug	KAN no drug	KAN	0	286.0	COL	LM	0.0	0			
rep2	M2	TriComm KAN no drug	KAN no drug	KAN	0	286.0	COL	PL	0.0	0			
rep2	M2	TriComm KAN no drug	KAN no drug	KAN	0	286.0	COL	PM	0.0	0			
rep2	M2	TriComm KAN no drug	KAN no drug	KAN	0	286.0	KAN	LM	0.0	0	10000.0	5000.0	
rep2	M2	TriComm KAN no drug	KAN no drug	KAN	0	286.0	KAN	PL	0.0	0	10000.0	5000.0	
rep2	M2	TriComm KAN no drug	KAN no drug	KAN	0	286.0	KAN	PM	8.0	80000	10000.0	80000.0	80000.0
rep2	M2	TriComm KAN no drug	KAN no drug	KAN	0	310.0	COL	LM	0.0	0			
rep2	M2	TriComm KAN no drug	KAN no drug	KAN	0	310.0	COL	PL	0.0	0			
rep2	M2	TriComm KAN no drug	KAN no drug	KAN	0	310.0	COL	PM	0.0	0			
rep2	M2	TriComm KAN no drug	KAN no drug	KAN	0	310.0	KAN	LM	0.0	0	10000.0	5000.0	
rep2	M2	TriComm KAN no drug	KAN no drug	KAN	0	310.0	KAN	PL	0.0	0	10000.0	5000.0	
rep2	M2	TriComm KAN no drug	KAN no drug	KAN	0	310.0	KAN	PM	38.0	380000	10000.0	380000.0	380000.0
rep2	M3	TriComm KAN 1xMIC	KAN 1xMIC	KAN	1	0.0	COL	LM	0.0	0			
rep2	M3	TriComm KAN 1xMIC	KAN 1xMIC	KAN	1	0.0	COL	PL	0.0	0			
rep2	M3	TriComm KAN 1xMIC	KAN 1xMIC	KAN	1	0.0	COL	PM	0.0	0			
rep2	M3	TriComm KAN 1xMIC	KAN 1xMIC	KAN	1	0.0	KAN	LM	23.0	23000000	1000000.0	23000000.0	23000000.0
rep2	M3	TriComm KAN 1xMIC	KAN 1xMIC	KAN	1	0.0	KAN	PL	42.0	42000000	1000000.0	42000000.0	42000000.0
rep2	M3	TriComm KAN 1xMIC	KAN 1xMIC	KAN	1	0.0	KAN	PM	31.0	31000000	1000000.0	31000000.0	31000000.0
rep2	M3	TriComm KAN 1xMIC	KAN 1xMIC	KAN	1	22.0	COL	LM	0.0	0			
rep2	M3	TriComm KAN 1xMIC	KAN 1xMIC	KAN	1	22.0	COL	PL	0.0	0			
rep2	M3	TriComm KAN 1xMIC	KAN 1xMIC	KAN	1	22.0	COL	PM	0.0	0			
rep2	M3	TriComm KAN 1xMIC	KAN 1xMIC	KAN	1	22.0	KAN	LM	1.0	10000000	10000000.0	10000000.0	10000000.0
rep2	M3	TriComm KAN 1xMIC	KAN 1xMIC	KAN	1	22.0	KAN	PL	4.0	40000000	10000000.0	40000000.0	40000000.0
rep2	M3	TriComm KAN 1xMIC	KAN 1xMIC	KAN	1	22.0	KAN	PM	5.0	50000000	10000000.0	50000000.0	50000000.0
rep2	M3	TriComm KAN 1xMIC	KAN 1xMIC	KAN	1	46.0	COL	LM	0.0	0			
rep2	M3	TriComm KAN 1xMIC	KAN 1xMIC	KAN	1	46.0	COL	PL	0.0	0			
rep2	M3	TriComm KAN 1xMIC	KAN 1xMIC	KAN	1	46.0	COL	PM	0.0	0			
rep2	M3	TriComm KAN 1xMIC	KAN 1xMIC	KAN	1	46.0	KAN	LM	0.0	0	1000000.0	500000.0	
rep2	M3	TriComm KAN 1xMIC	KAN 1xMIC	KAN	1	46.0	KAN	PL	83.0	83000000	1000000.0	83000000.0	83000000.0
rep2	M3	TriComm KAN 1xMIC	KAN 1xMIC	KAN	1	46.0	KAN	PM	61.0	61000000	1000000.0	61000000.0	61000000.0
rep2	M3	TriComm KAN 1xMIC	KAN 1xMIC	KAN	1	70.0	COL	LM	0.0	0			
rep2	M3	TriComm KAN 1xMIC	KAN 1xMIC	KAN	1	70.0	COL	PL	0.0	0			
rep2	M3	TriComm KAN 1xMIC	KAN 1xMIC	KAN	1	70.0	COL	PM	0.0	0			
rep2	M3	TriComm KAN 1xMIC	KAN 1xMIC	KAN	1	70.0	KAN	LM	0.0	0	1000000.0	500000.0	
rep2	M3	TriComm KAN 1xMIC	KAN 1xMIC	KAN	1	70.0	KAN	PL	11.0	11000000	1000000.0	11000000.0	11000000.0
rep2	M3	TriComm KAN 1xMIC	KAN 1xMIC	KAN	1	70.0	KAN	PM	78.0	78000000	1000000.0	78000000.0	78000000.0
rep2	M3	TriComm KAN 1xMIC	KAN 1xMIC	KAN	1	94.0	COL	LM	0.0	0			
rep2	M3	TriComm KAN 1xMIC	KAN 1xMIC	KAN	1	94.0	COL	PL	0.0	0			
rep2	M3	TriComm KAN 1xMIC	KAN 1xMIC	KAN	1	94.0	COL	PM	0.0	0			
rep2	M3	TriComm KAN 1xMIC	KAN 1xMIC	KAN	1	94.0	KAN	LM	0.0	0	1000000.0	500000.0	
rep2	M3	TriComm KAN 1xMIC	KAN 1xMIC	KAN	1	94.0	KAN	PL	3.0	3000000	1000000.0	3000000.0	3000000.0
rep2	M3	TriComm KAN 1xMIC	KAN 1xMIC	KAN	1	94.0	KAN	PM	78.0	78000000	1000000.0	78000000.0	78000000.0
rep2	M3	TriComm KAN 1xMIC	KAN 1xMIC	KAN	1	118.0	COL	LM	0.0	0			
rep2	M3	TriComm KAN 1xMIC	KAN 1xMIC	KAN	1	118.0	COL	PL	0.0	0			
rep2	M3	TriComm KAN 1xMIC	KAN 1xMIC	KAN	1	118.0	COL	PM	0.0	0			
rep2	M3	TriComm KAN 1xMIC	KAN 1xMIC	KAN	1	118.0	KAN	LM	0.0	0	1000000.0	500000.0	
rep2	M3	TriComm KAN 1xMIC	KAN 1xMIC	KAN	1	118.0	KAN	PL	0.0	0	1000000.0	500000.0	
rep2	M3	TriComm KAN 1xMIC	KAN 1xMIC	KAN	1	118.0	KAN	PM	102.0	102000000	1000000.0	102000000.0	102000000.0
rep2	M3	TriComm KAN 1xMIC	KAN 1xMIC	KAN	1	143.0	COL	LM	0.0	0			
rep2	M3	TriComm KAN 1xMIC	KAN 1xMIC	KAN	1	143.0	COL	PL	0.0	0			
rep2	M3	TriComm KAN 1xMIC	KAN 1xMIC	KAN	1	143.0	COL	PM	0.0	0			
rep2	M3	TriComm KAN 1xMIC	KAN 1xMIC	KAN	1	143.0	KAN	LM	0.0	0	869090.9090909091	434545.45454545453	
rep2	M3	TriComm KAN 1xMIC	KAN 1xMIC	KAN	1	143.0	KAN	PL	8.0	800000	869090.9090909091	434545.45454545453	
rep2	M3	TriComm KAN 1xMIC	KAN 1xMIC	KAN	1	143.0	KAN	PM	47.0	47000000	869090.9090909091	47000000.0	47000000.0
rep2	M3	TriComm KAN 1xMIC	KAN 1xMIC	KAN	1	166.0	COL	LM	0.0	0			
rep2	M3	TriComm KAN 1xMIC	KAN 1xMIC	KAN	1	166.0	COL	PL	0.0	0			
rep2	M3	TriComm KAN 1xMIC	KAN 1xMIC	KAN	1	166.0	COL	PM	0.0	0			
rep2	M3	TriComm KAN 1xMIC	KAN 1xMIC	KAN	1	166.0	KAN	LM	0.0	0	100000.0	50000.0	
rep2	M3	TriComm KAN 1xMIC	KAN 1xMIC	KAN	1	166.0	KAN	PL	3.0	300000	100000.0	300000.0	300000.0
rep2	M3	TriComm KAN 1xMIC	KAN 1xMIC	KAN	1	166.0	KAN	PM	32.0	3200000	100000.0	3200000.0	3200000.0
rep2	M3	TriComm KAN 1xMIC	KAN 1xMIC	KAN	1	190.0	COL	LM	0.0	0			
rep2	M3	TriComm KAN 1xMIC	KAN 1xMIC	KAN	1	190.0	COL	PL	0.0	0			
rep2	M3	TriComm KAN 1xMIC	KAN 1xMIC	KAN	1	190.0	COL	PM	0.0	0			
rep2	M3	TriComm KAN 1xMIC	KAN 1xMIC	KAN	1	190.0	KAN	LM	0.0	0	100000.0	50000.0	
rep2	M3	TriComm KAN 1xMIC	KAN 1xMIC	KAN	1	190.0	KAN	PL	13.0	1300000	100000.0	1300000.0	1300000.0
rep2	M3	TriComm KAN 1xMIC	KAN 1xMIC	KAN	1	190.0	KAN	PM	18.0	1800000	100000.0	1800000.0	1800000.0
rep2	M3	TriComm KAN 1xMIC	KAN 1xMIC	KAN	1	214.0	COL	LM	0.0	0			
rep2	M3	TriComm KAN 1xMIC	KAN 1xMIC	KAN	1	214.0	COL	PL	0.0	0			
rep2	M3	TriComm KAN 1xMIC	KAN 1xMIC	KAN	1	214.0	COL	PM	0.0	0			
rep2	M3	TriComm KAN 1xMIC	KAN 1xMIC	KAN	1	214.0	KAN	LM	0.0	0	100000.0	50000.0	
rep2	M3	TriComm KAN 1xMIC	KAN 1xMIC	KAN	1	214.0	KAN	PL	13.0	1300000	100000.0	1300000.0	1300000.0
rep2	M3	TriComm KAN 1xMIC	KAN 1xMIC	KAN	1	214.0	KAN	PM	10.0	1000000	100000.0	1000000.0	1000000.0
rep2	M3	TriComm KAN 1xMIC	KAN 1xMIC	KAN	1	238.0	COL	LM	0.0	0			
rep2	M3	TriComm KAN 1xMIC	KAN 1xMIC	KAN	1	238.0	COL	PL	0.0	0			
rep2	M3	TriComm KAN 1xMIC	KAN 1xMIC	KAN	1	238.0	COL	PM	0.0	0			
rep2	M3	TriComm KAN 1xMIC	KAN 1xMIC	KAN	1	238.0	KAN	LM	0.0	0	100000.0	50000.0	
rep2	M3	TriComm KAN 1xMIC	KAN 1xMIC	KAN	1	238.0	KAN	PL	7.0	700000	100000.0	700000.0	700000.0
rep2	M3	TriComm KAN 1xMIC	KAN 1xMIC	KAN	1	238.0	KAN	PM	39.0	3900000	100000.0	3900000.0	3900000.0
rep2	M3	TriComm KAN 1xMIC	KAN 1xMIC	KAN	1	262.0	COL	LM	0.0	0			
rep2	M3	TriComm KAN 1xMIC	KAN 1xMIC	KAN	1	262.0	COL	PL	0.0	0			
rep2	M3	TriComm KAN 1xMIC	KAN 1xMIC	KAN	1	262.0	COL	PM	0.0	0			
rep2	M3	TriComm KAN 1xMIC	KAN 1xMIC	KAN	1	262.0	KAN	LM	0.0	0	1000000.0	500000.0	
rep2	M3	TriComm KAN 1xMIC	KAN 1xMIC	KAN	1	262.0	KAN	PL	1.0	1000000	1000000.0	1000000.0	1000000.0
rep2	M3	TriComm KAN 1xMIC	KAN 1xMIC	KAN	1	262.0	KAN	PM	44.0	44000000	1000000.0	44000000.0	44000000.0
rep2	M3	TriComm KAN 1xMIC	KAN 1xMIC	KAN	1	286.0	COL	LM	0.0	0			
rep2	M3	TriComm KAN 1xMIC	KAN 1xMIC	KAN	1	286.0	COL	PL	0.0	0			
rep2	M3	TriComm KAN 1xMIC	KAN 1xMIC	KAN	1	286.0	COL	PM	0.0	0			
rep2	M3	TriComm KAN 1xMIC	KAN 1xMIC	KAN	1	286.0	KAN	LM	0.0	0	1000000.0	500000.0	
rep2	M3	TriComm KAN 1xMIC	KAN 1xMIC	KAN	1	286.0	KAN	PL	2.0	2000000	1000000.0	2000000.0	2000000.0
rep2	M3	TriComm KAN 1xMIC	KAN 1xMIC	KAN	1	286.0	KAN	PM	42.0	42000000	1000000.0	42000000.0	42000000.0
rep2	M3	TriComm KAN 1xMIC	KAN 1xMIC	KAN	1	310.0	COL	LM	0.0	0			
rep2	M3	TriComm KAN 1xMIC	KAN 1xMIC	KAN	1	310.0	COL	PL	0.0	0			
rep2	M3	TriComm KAN 1xMIC	KAN 1xMIC	KAN	1	310.0	COL	PM	0.0	0			
rep2	M3	TriComm KAN 1xMIC	KAN 1xMIC	KAN	1	310.0	KAN	LM	0.0	0	91176.47058823529	45588.23529411764	
rep2	M3	TriComm KAN 1xMIC	KAN 1xMIC	KAN	1	310.0	KAN	PL	10.0	100000	91176.47058823529	100000.0	100000.0
rep2	M3	TriComm KAN 1xMIC	KAN 1xMIC	KAN	1	310.0	KAN	PM	92.0	9200000	91176.47058823529	9200000.0	9200000.0
rep2	M4	TriComm KAN 2xMIC	KAN 2xMIC	KAN	2	0.0	COL	LM	0.0	0			
rep2	M4	TriComm KAN 2xMIC	KAN 2xMIC	KAN	2	0.0	COL	PL	0.0	0			
rep2	M4	TriComm KAN 2xMIC	KAN 2xMIC	KAN	2	0.0	COL	PM	0.0	0			
rep2	M4	TriComm KAN 2xMIC	KAN 2xMIC	KAN	2	0.0	KAN	LM	30.0	30000000	1000000.0	30000000.0	30000000.0
rep2	M4	TriComm KAN 2xMIC	KAN 2xMIC	KAN	2	0.0	KAN	PL	53.0	53000000	1000000.0	53000000.0	53000000.0
rep2	M4	TriComm KAN 2xMIC	KAN 2xMIC	KAN	2	0.0	KAN	PM	37.0	37000000	1000000.0	37000000.0	37000000.0
rep2	M4	TriComm KAN 2xMIC	KAN 2xMIC	KAN	2	22.0	COL	LM	0.0	0			
rep2	M4	TriComm KAN 2xMIC	KAN 2xMIC	KAN	2	22.0	COL	PL	0.0	0			
rep2	M4	TriComm KAN 2xMIC	KAN 2xMIC	KAN	2	22.0	COL	PM	0.0	0			
rep2	M4	TriComm KAN 2xMIC	KAN 2xMIC	KAN	2	22.0	KAN	LM	0.0	0	1000000.0	500000.0	
rep2	M4	TriComm KAN 2xMIC	KAN 2xMIC	KAN	2	22.0	KAN	PL	13.0	13000000	1000000.0	13000000.0	13000000.0
rep2	M4	TriComm KAN 2xMIC	KAN 2xMIC	KAN	2	22.0	KAN	PM	10.0	10000000	1000000.0	10000000.0	10000000.0
rep2	M4	TriComm KAN 2xMIC	KAN 2xMIC	KAN	2	46.0	COL	LM	0.0	0	1000.0	500.0	
rep2	M4	TriComm KAN 2xMIC	KAN 2xMIC	KAN	2	46.0	COL	PL	0.0	0	1000.0	500.0	
rep2	M4	TriComm KAN 2xMIC	KAN 2xMIC	KAN	2	46.0	COL	PM	7.0	7000	1000.0	7000.0	7000.0
rep2	M4	TriComm KAN 2xMIC	KAN 2xMIC	KAN	2	46.0	KAN	LM	1.0	100000	508000.00000000006	254000.00000000003	
rep2	M4	TriComm KAN 2xMIC	KAN 2xMIC	KAN	2	46.0	KAN	PL	34.0	34000000	508000.00000000006	34000000.0	34000000.0
rep2	M4	TriComm KAN 2xMIC	KAN 2xMIC	KAN	2	46.0	KAN	PM	40.0	4000000	508000.00000000006	4000000.0	4000000.0
rep2	M4	TriComm KAN 2xMIC	KAN 2xMIC	KAN	2	70.0	COL	LM	0.0	0	100000.0	50000.0	
rep2	M4	TriComm KAN 2xMIC	KAN 2xMIC	KAN	2	70.0	COL	PL	0.0	0	100000.0	50000.0	
rep2	M4	TriComm KAN 2xMIC	KAN 2xMIC	KAN	2	70.0	COL	PM	6.0	600000	100000.0	600000.0	600000.0
rep2	M4	TriComm KAN 2xMIC	KAN 2xMIC	KAN	2	70.0	KAN	LM	0.0	0	477027.02702702704	238513.51351351352	
rep2	M4	TriComm KAN 2xMIC	KAN 2xMIC	KAN	2	70.0	KAN	PL	43.0	4300000	477027.02702702704	4300000.0	4300000.0
rep2	M4	TriComm KAN 2xMIC	KAN 2xMIC	KAN	2	70.0	KAN	PM	31.0	31000000	477027.02702702704	31000000.0	31000000.0
rep2	M4	TriComm KAN 2xMIC	KAN 2xMIC	KAN	2	94.0	COL	LM	0.0	0	100000.0	50000.0	
rep2	M4	TriComm KAN 2xMIC	KAN 2xMIC	KAN	2	94.0	COL	PL	0.0	0	100000.0	50000.0	
rep2	M4	TriComm KAN 2xMIC	KAN 2xMIC	KAN	2	94.0	COL	PM	34.0	3400000	100000.0	3400000.0	3400000.0
rep2	M4	TriComm KAN 2xMIC	KAN 2xMIC	KAN	2	94.0	KAN	LM	0.0	0	10000000.0	5000000.0	
rep2	M4	TriComm KAN 2xMIC	KAN 2xMIC	KAN	2	94.0	KAN	PL	9.0	90000000	10000000.0	90000000.0	90000000.0
rep2	M4	TriComm KAN 2xMIC	KAN 2xMIC	KAN	2	94.0	KAN	PM	17.0	170000000	10000000.0	170000000.0	170000000.0
rep2	M4	TriComm KAN 2xMIC	KAN 2xMIC	KAN	2	118.0	COL	LM	0.0	0	100000.0	50000.0	
rep2	M4	TriComm KAN 2xMIC	KAN 2xMIC	KAN	2	118.0	COL	PL	0.0	0	100000.0	50000.0	
rep2	M4	TriComm KAN 2xMIC	KAN 2xMIC	KAN	2	118.0	COL	PM	26.0	2600000	100000.0	2600000.0	2600000.0
rep2	M4	TriComm KAN 2xMIC	KAN 2xMIC	KAN	2	118.0	KAN	LM	0.0	0	10000000.0	5000000.0	
rep2	M4	TriComm KAN 2xMIC	KAN 2xMIC	KAN	2	118.0	KAN	PL	6.0	60000000	10000000.0	60000000.0	60000000.0
rep2	M4	TriComm KAN 2xMIC	KAN 2xMIC	KAN	2	118.0	KAN	PM	17.0	170000000	10000000.0	170000000.0	170000000.0
rep2	M5	TriComm PN23 no drug	PN23 no drug	PN23	0	0.0	COL	LM	90.0	90000000	1000000.0	90000000.0	90000000.0
rep2	M5	TriComm PN23 no drug	PN23 no drug	PN23	0	0.0	COL	PL	0.0	0	1000000.0	500000.0	
rep2	M5	TriComm PN23 no drug	PN23 no drug	PN23	0	0.0	COL	PM	0.0	0	1000000.0	500000.0	
rep2	M5	TriComm PN23 no drug	PN23 no drug	PN23	0	0.0	KAN	LM	20.0	200000000	2440000.0	200000000.0	200000000.0
rep2	M5	TriComm PN23 no drug	PN23 no drug	PN23	0	0.0	KAN	PL	54.0	54000000	2440000.0	54000000.0	54000000.0
rep2	M5	TriComm PN23 no drug	PN23 no drug	PN23	0	0.0	KAN	PM	51.0	51000000	2440000.0	51000000.0	51000000.0
rep2	M5	TriComm PN23 no drug	PN23 no drug	PN23	0	22.0	COL	LM	84.0	84000000	1000000.0	84000000.0	84000000.0
rep2	M5	TriComm PN23 no drug	PN23 no drug	PN23	0	22.0	COL	PL	0.0	0	1000000.0	500000.0	
rep2	M5	TriComm PN23 no drug	PN23 no drug	PN23	0	22.0	COL	PM	0.0	0	1000000.0	500000.0	
rep2	M5	TriComm PN23 no drug	PN23 no drug	PN23	0	22.0	KAN	LM	6.0	60000000	10000000.0	60000000.0	60000000.0
rep2	M5	TriComm PN23 no drug	PN23 no drug	PN23	0	22.0	KAN	PL	6.0	60000000	10000000.0	60000000.0	60000000.0
rep2	M5	TriComm PN23 no drug	PN23 no drug	PN23	0	22.0	KAN	PM	3.0	30000000	10000000.0	30000000.0	30000000.0
rep2	M5	TriComm PN23 no drug	PN23 no drug	PN23	0	46.0	COL	LM	31.0	31000000	1000000.0	31000000.0	31000000.0
rep2	M5	TriComm PN23 no drug	PN23 no drug	PN23	0	46.0	COL	PL	0.0	0	1000000.0	500000.0	
rep2	M5	TriComm PN23 no drug	PN23 no drug	PN23	0	46.0	COL	PM	0.0	0	1000000.0	500000.0	
rep2	M5	TriComm PN23 no drug	PN23 no drug	PN23	0	46.0	KAN	LM	2.0	20000000	10000000.0	20000000.0	20000000.0
rep2	M5	TriComm PN23 no drug	PN23 no drug	PN23	0	46.0	KAN	PL	28.0	280000000	10000000.0	280000000.0	280000000.0
rep2	M5	TriComm PN23 no drug	PN23 no drug	PN23	0	46.0	KAN	PM	8.0	80000000	10000000.0	80000000.0	80000000.0
rep2	M5	TriComm PN23 no drug	PN23 no drug	PN23	0	70.0	COL	LM	32.0	32000	1000.0	32000.0	32000.0
rep2	M5	TriComm PN23 no drug	PN23 no drug	PN23	0	70.0	COL	PL	0.0	0	1000.0	500.0	
rep2	M5	TriComm PN23 no drug	PN23 no drug	PN23	0	70.0	COL	PM	0.0	0	1000.0	500.0	
rep2	M5	TriComm PN23 no drug	PN23 no drug	PN23	0	70.0	KAN	LM	1.0	1000000	612608.695652174	1000000.0	1000000.0
rep2	M5	TriComm PN23 no drug	PN23 no drug	PN23	0	70.0	KAN	PL	13.0	13000000	612608.695652174	13000000.0	13000000.0
rep2	M5	TriComm PN23 no drug	PN23 no drug	PN23	0	70.0	KAN	PM	9.0	90000	612608.695652174	306304.347826087	
rep2	M5	TriComm PN23 no drug	PN23 no drug	PN23	0	94.0	COL	LM	17.0	17000	1000.0	17000.0	17000.0
rep2	M5	TriComm PN23 no drug	PN23 no drug	PN23	0	94.0	COL	PL	0.0	0	1000.0	500.0	
rep2	M5	TriComm PN23 no drug	PN23 no drug	PN23	0	94.0	COL	PM	0.0	0	1000.0	500.0	
rep2	M5	TriComm PN23 no drug	PN23 no drug	PN23	0	94.0	KAN	LM	1.0	10000000	10000000.0	10000000.0	10000000.0
rep2	M5	TriComm PN23 no drug	PN23 no drug	PN23	0	94.0	KAN	PL	8.0	80000000	10000000.0	80000000.0	80000000.0
rep2	M5	TriComm PN23 no drug	PN23 no drug	PN23	0	94.0	KAN	PM	3.0	30000000	10000000.0	30000000.0	30000000.0
rep2	M5	TriComm PN23 no drug	PN23 no drug	PN23	0	118.0	COL	LM	11.0	11000	1000.0	11000.0	11000.0
rep2	M5	TriComm PN23 no drug	PN23 no drug	PN23	0	118.0	COL	PL	0.0	0	1000.0	500.0	
rep2	M5	TriComm PN23 no drug	PN23 no drug	PN23	0	118.0	COL	PM	0.0	0	1000.0	500.0	
rep2	M5	TriComm PN23 no drug	PN23 no drug	PN23	0	118.0	KAN	LM	0.0	0	1000000.0	500000.0	
rep2	M5	TriComm PN23 no drug	PN23 no drug	PN23	0	118.0	KAN	PL	60.0	60000000	1000000.0	60000000.0	60000000.0
rep2	M5	TriComm PN23 no drug	PN23 no drug	PN23	0	118.0	KAN	PM	21.0	21000000	1000000.0	21000000.0	21000000.0
rep2	M5	TriComm PN23 no drug	PN23 no drug	PN23	0	143.0	COL	LM	0.0	0			
rep2	M5	TriComm PN23 no drug	PN23 no drug	PN23	0	143.0	COL	PL	0.0	0			
rep2	M5	TriComm PN23 no drug	PN23 no drug	PN23	0	143.0	COL	PM	0.0	0			
rep2	M5	TriComm PN23 no drug	PN23 no drug	PN23	0	143.0	KAN	LM	0.0	0	1000000.0	500000.0	
rep2	M5	TriComm PN23 no drug	PN23 no drug	PN23	0	143.0	KAN	PL	29.0	29000000	1000000.0	29000000.0	29000000.0
rep2	M5	TriComm PN23 no drug	PN23 no drug	PN23	0	143.0	KAN	PM	15.0	15000000	1000000.0	15000000.0	15000000.0
rep2	M5	TriComm PN23 no drug	PN23 no drug	PN23	0	166.0	COL	LM	2.0	200	100.0	200.0	200.0
rep2	M5	TriComm PN23 no drug	PN23 no drug	PN23	0	166.0	COL	PL	0.0	0	100.0	50.0	
rep2	M5	TriComm PN23 no drug	PN23 no drug	PN23	0	166.0	COL	PM	0.0	0	100.0	50.0	
rep2	M5	TriComm PN23 no drug	PN23 no drug	PN23	0	166.0	KAN	LM	0.0	0	1000000.0	500000.0	
rep2	M5	TriComm PN23 no drug	PN23 no drug	PN23	0	166.0	KAN	PL	33.0	33000000	1000000.0	33000000.0	33000000.0
rep2	M5	TriComm PN23 no drug	PN23 no drug	PN23	0	166.0	KAN	PM	22.0	22000000	1000000.0	22000000.0	22000000.0
rep2	M5	TriComm PN23 no drug	PN23 no drug	PN23	0	190.0	COL	LM	2.0	200	100.0	200.0	200.0
rep2	M5	TriComm PN23 no drug	PN23 no drug	PN23	0	190.0	COL	PL	0.0	0	100.0	50.0	
rep2	M5	TriComm PN23 no drug	PN23 no drug	PN23	0	190.0	COL	PM	0.0	0	100.0	50.0	
rep2	M5	TriComm PN23 no drug	PN23 no drug	PN23	0	190.0	KAN	LM	0.0	0	1000000.0	500000.0	
rep2	M5	TriComm PN23 no drug	PN23 no drug	PN23	0	190.0	KAN	PL	6.0	6000000	1000000.0	6000000.0	6000000.0
rep2	M5	TriComm PN23 no drug	PN23 no drug	PN23	0	190.0	KAN	PM	19.0	19000000	1000000.0	19000000.0	19000000.0
rep2	M5	TriComm PN23 no drug	PN23 no drug	PN23	0	214.0	COL	LM	2.0	200	100.0	200.0	200.0
rep2	M5	TriComm PN23 no drug	PN23 no drug	PN23	0	214.0	COL	PL	0.0	0	100.0	50.0	
rep2	M5	TriComm PN23 no drug	PN23 no drug	PN23	0	214.0	COL	PM	0.0	0	100.0	50.0	
rep2	M5	TriComm PN23 no drug	PN23 no drug	PN23	0	214.0	KAN	LM	0.0	0	100000.0	50000.0	
rep2	M5	TriComm PN23 no drug	PN23 no drug	PN23	0	214.0	KAN	PL	9.0	900000	100000.0	900000.0	900000.0
rep2	M5	TriComm PN23 no drug	PN23 no drug	PN23	0	214.0	KAN	PM	36.0	3600000	100000.0	3600000.0	3600000.0
rep2	M5	TriComm PN23 no drug	PN23 no drug	PN23	0	238.0	COL	LM	0.0	0			
rep2	M5	TriComm PN23 no drug	PN23 no drug	PN23	0	238.0	COL	PL	0.0	0			
rep2	M5	TriComm PN23 no drug	PN23 no drug	PN23	0	238.0	COL	PM	0.0	0			
rep2	M5	TriComm PN23 no drug	PN23 no drug	PN23	0	238.0	KAN	LM	0.0	0	10000.0	5000.0	
rep2	M5	TriComm PN23 no drug	PN23 no drug	PN23	0	238.0	KAN	PL	2.0	20000	10000.0	20000.0	20000.0
rep2	M5	TriComm PN23 no drug	PN23 no drug	PN23	0	238.0	KAN	PM	17.0	170000	10000.0	170000.0	170000.0
rep2	M5	TriComm PN23 no drug	PN23 no drug	PN23	0	262.0	COL	LM	0.0	0			
rep2	M5	TriComm PN23 no drug	PN23 no drug	PN23	0	262.0	COL	PL	0.0	0			
rep2	M5	TriComm PN23 no drug	PN23 no drug	PN23	0	262.0	COL	PM	0.0	0			
rep2	M5	TriComm PN23 no drug	PN23 no drug	PN23	0	262.0	KAN	LM	0.0	0	10000.0	5000.0	
rep2	M5	TriComm PN23 no drug	PN23 no drug	PN23	0	262.0	KAN	PL	6.0	60000	10000.0	60000.0	60000.0
rep2	M5	TriComm PN23 no drug	PN23 no drug	PN23	0	262.0	KAN	PM	28.0	280000	10000.0	280000.0	280000.0
rep2	M5	TriComm PN23 no drug	PN23 no drug	PN23	0	286.0	COL	LM	0.0	0			
rep2	M5	TriComm PN23 no drug	PN23 no drug	PN23	0	286.0	COL	PL	0.0	0			
rep2	M5	TriComm PN23 no drug	PN23 no drug	PN23	0	286.0	COL	PM	0.0	0			
rep2	M5	TriComm PN23 no drug	PN23 no drug	PN23	0	286.0	KAN	LM	0.0	0	10000.0	5000.0	
rep2	M5	TriComm PN23 no drug	PN23 no drug	PN23	0	286.0	KAN	PL	4.0	40000	10000.0	40000.0	40000.0
rep2	M5	TriComm PN23 no drug	PN23 no drug	PN23	0	286.0	KAN	PM	18.0	180000	10000.0	180000.0	180000.0
rep2	M5	TriComm PN23 no drug	PN23 no drug	PN23	0	310.0	COL	LM	0.0	0	100.0	50.0	
rep2	M5	TriComm PN23 no drug	PN23 no drug	PN23	0	310.0	COL	PL	23.0	2300	100.0	2300.0	2300.0
rep2	M5	TriComm PN23 no drug	PN23 no drug	PN23	0	310.0	COL	PM	0.0	0	100.0	50.0	
rep2	M5	TriComm PN23 no drug	PN23 no drug	PN23	0	310.0	KAN	LM	0.0	0	1000000.0	500000.0	
rep2	M5	TriComm PN23 no drug	PN23 no drug	PN23	0	310.0	KAN	PL	4.0	4000000	1000000.0	4000000.0	4000000.0
rep2	M5	TriComm PN23 no drug	PN23 no drug	PN23	0	310.0	KAN	PM	4.0	4000000	1000000.0	4000000.0	4000000.0
rep2	M6	TriComm PN23 1xMIC	PN23 1xMIC	PN23	1	0.0	COL	LM	9.0	90000000	10000000.0	90000000.0	90000000.0
rep2	M6	TriComm PN23 1xMIC	PN23 1xMIC	PN23	1	0.0	COL	PL	0.0	0	10000000.0	5000000.0	
rep2	M6	TriComm PN23 1xMIC	PN23 1xMIC	PN23	1	0.0	COL	PM	0.0	0	10000000.0	5000000.0	
rep2	M6	TriComm PN23 1xMIC	PN23 1xMIC	PN23	1	0.0	KAN	LM	7.0	70000000	3177419.35483871	70000000.0	70000000.0
rep2	M6	TriComm PN23 1xMIC	PN23 1xMIC	PN23	1	0.0	KAN	PL	8.0	80000000	3177419.35483871	80000000.0	80000000.0
rep2	M6	TriComm PN23 1xMIC	PN23 1xMIC	PN23	1	0.0	KAN	PM	47.0	47000000	3177419.35483871	47000000.0	47000000.0
rep2	M6	TriComm PN23 1xMIC	PN23 1xMIC	PN23	1	22.0	COL	LM	82.0	82000000	1000000.0	82000000.0	82000000.0
rep2	M6	TriComm PN23 1xMIC	PN23 1xMIC	PN23	1	22.0	COL	PL	0.0	0	1000000.0	500000.0	
rep2	M6	TriComm PN23 1xMIC	PN23 1xMIC	PN23	1	22.0	COL	PM	0.0	0	1000000.0	500000.0	
rep2	M6	TriComm PN23 1xMIC	PN23 1xMIC	PN23	1	22.0	KAN	LM	5.0	50000000	2406250.0	50000000.0	50000000.0
rep2	M6	TriComm PN23 1xMIC	PN23 1xMIC	PN23	1	22.0	KAN	PL	14.0	14000000	2406250.0	14000000.0	14000000.0
rep2	M6	TriComm PN23 1xMIC	PN23 1xMIC	PN23	1	22.0	KAN	PM	13.0	13000000	2406250.0	13000000.0	13000000.0
rep2	M6	TriComm PN23 1xMIC	PN23 1xMIC	PN23	1	46.0	COL	LM	45.0	45000000	1000000.0	45000000.0	45000000.0
rep2	M6	TriComm PN23 1xMIC	PN23 1xMIC	PN23	1	46.0	COL	PL	0.0	0	1000000.0	500000.0	
rep2	M6	TriComm PN23 1xMIC	PN23 1xMIC	PN23	1	46.0	COL	PM	0.0	0	1000000.0	500000.0	
rep2	M6	TriComm PN23 1xMIC	PN23 1xMIC	PN23	1	46.0	KAN	LM	54.0	54000000	1000000.0	54000000.0	54000000.0
rep2	M6	TriComm PN23 1xMIC	PN23 1xMIC	PN23	1	46.0	KAN	PL	42.0	42000000	1000000.0	42000000.0	42000000.0
rep2	M6	TriComm PN23 1xMIC	PN23 1xMIC	PN23	1	46.0	KAN	PM	12.0	12000000	1000000.0	12000000.0	12000000.0
rep2	M6	TriComm PN23 1xMIC	PN23 1xMIC	PN23	1	70.0	COL	LM	8.0	800000	61923.07692307693	800000.0	800000.0
rep2	M6	TriComm PN23 1xMIC	PN23 1xMIC	PN23	1	70.0	COL	PL	0.0	0	61923.07692307693	30961.538461538465	
rep2	M6	TriComm PN23 1xMIC	PN23 1xMIC	PN23	1	70.0	COL	PM	5.0	5000	61923.07692307693	30961.538461538465	
rep2	M6	TriComm PN23 1xMIC	PN23 1xMIC	PN23	1	70.0	KAN	LM	1.0	1000000	909174.3119266055	1000000.0	1000000.0
rep2	M6	TriComm PN23 1xMIC	PN23 1xMIC	PN23	1	70.0	KAN	PL	97.0	97000000	909174.3119266055	97000000.0	97000000.0
rep2	M6	TriComm PN23 1xMIC	PN23 1xMIC	PN23	1	70.0	KAN	PM	11.0	1100000	909174.3119266055	1100000.0	1100000.0
rep2	M6	TriComm PN23 1xMIC	PN23 1xMIC	PN23	1	94.0	COL	LM	2.0	20000	10000.0	20000.0	20000.0
rep2	M6	TriComm PN23 1xMIC	PN23 1xMIC	PN23	1	94.0	COL	PL	0.0	0	10000.0	5000.0	
rep2	M6	TriComm PN23 1xMIC	PN23 1xMIC	PN23	1	94.0	COL	PM	31.0	310000	10000.0	310000.0	310000.0
rep2	M6	TriComm PN23 1xMIC	PN23 1xMIC	PN23	1	94.0	KAN	LM	0.0	0	802439.0243902439	401219.51219512196	
rep2	M6	TriComm PN23 1xMIC	PN23 1xMIC	PN23	1	94.0	KAN	PL	64.0	64000000	802439.0243902439	64000000.0	64000000.0
rep2	M6	TriComm PN23 1xMIC	PN23 1xMIC	PN23	1	94.0	KAN	PM	18.0	1800000	802439.0243902439	1800000.0	1800000.0
rep2	M6	TriComm PN23 1xMIC	PN23 1xMIC	PN23	1	118.0	COL	LM	0.0	0	1000.0	500.0	
rep2	M6	TriComm PN23 1xMIC	PN23 1xMIC	PN23	1	118.0	COL	PL	0.0	0	1000.0	500.0	
rep2	M6	TriComm PN23 1xMIC	PN23 1xMIC	PN23	1	118.0	COL	PM	52.0	52000	1000.0	52000.0	52000.0
rep2	M6	TriComm PN23 1xMIC	PN23 1xMIC	PN23	1	118.0	KAN	LM	2.0	20000000	10000000.0	20000000.0	20000000.0
rep2	M6	TriComm PN23 1xMIC	PN23 1xMIC	PN23	1	118.0	KAN	PL	13.0	130000000	10000000.0	130000000.0	130000000.0
rep2	M6	TriComm PN23 1xMIC	PN23 1xMIC	PN23	1	118.0	KAN	PM	5.0	50000000	10000000.0	50000000.0	50000000.0
rep2	M6	TriComm PN23 1xMIC	PN23 1xMIC	PN23	1	143.0	COL	LM	3.0	3000	1000.0	3000.0	3000.0
rep2	M6	TriComm PN23 1xMIC	PN23 1xMIC	PN23	1	143.0	COL	PL	0.0	0	1000.0	500.0	
rep2	M6	TriComm PN23 1xMIC	PN23 1xMIC	PN23	1	143.0	COL	PM	35.0	35000	1000.0	35000.0	35000.0
rep2	M6	TriComm PN23 1xMIC	PN23 1xMIC	PN23	1	143.0	KAN	LM	0.0	0	1000000.0	500000.0	
rep2	M6	TriComm PN23 1xMIC	PN23 1xMIC	PN23	1	143.0	KAN	PL	21.0	21000000	1000000.0	21000000.0	21000000.0
rep2	M6	TriComm PN23 1xMIC	PN23 1xMIC	PN23	1	143.0	KAN	PM	20.0	20000000	1000000.0	20000000.0	20000000.0
rep2	M6	TriComm PN23 1xMIC	PN23 1xMIC	PN23	1	166.0	COL	LM	0.0	0	1000.0	500.0	
rep2	M6	TriComm PN23 1xMIC	PN23 1xMIC	PN23	1	166.0	COL	PL	0.0	0	1000.0	500.0	
rep2	M6	TriComm PN23 1xMIC	PN23 1xMIC	PN23	1	166.0	COL	PM	27.0	27000	1000.0	27000.0	27000.0
rep2	M6	TriComm PN23 1xMIC	PN23 1xMIC	PN23	1	166.0	KAN	LM	0.0	0	1000000.0	500000.0	
rep2	M6	TriComm PN23 1xMIC	PN23 1xMIC	PN23	1	166.0	KAN	PL	17.0	17000000	1000000.0	17000000.0	17000000.0
rep2	M6	TriComm PN23 1xMIC	PN23 1xMIC	PN23	1	166.0	KAN	PM	11.0	11000000	1000000.0	11000000.0	11000000.0
rep2	M6	TriComm PN23 1xMIC	PN23 1xMIC	PN23	1	190.0	COL	LM	0.0	0	100.0	50.0	
rep2	M6	TriComm PN23 1xMIC	PN23 1xMIC	PN23	1	190.0	COL	PL	0.0	0	100.0	50.0	
rep2	M6	TriComm PN23 1xMIC	PN23 1xMIC	PN23	1	190.0	COL	PM	18.0	1800	100.0	1800.0	1800.0
rep2	M6	TriComm PN23 1xMIC	PN23 1xMIC	PN23	1	190.0	KAN	LM	0.0	0	1000000.0	500000.0	
rep2	M6	TriComm PN23 1xMIC	PN23 1xMIC	PN23	1	190.0	KAN	PL	3.0	3000000	1000000.0	3000000.0	3000000.0
rep2	M6	TriComm PN23 1xMIC	PN23 1xMIC	PN23	1	190.0	KAN	PM	9.0	9000000	1000000.0	9000000.0	9000000.0
rep2	M6	TriComm PN23 1xMIC	PN23 1xMIC	PN23	1	214.0	COL	LM	0.0	0	1000.0	500.0	
rep2	M6	TriComm PN23 1xMIC	PN23 1xMIC	PN23	1	214.0	COL	PL	0.0	0	1000.0	500.0	
rep2	M6	TriComm PN23 1xMIC	PN23 1xMIC	PN23	1	214.0	COL	PM	55.0	55000	1000.0	55000.0	55000.0
rep2	M6	TriComm PN23 1xMIC	PN23 1xMIC	PN23	1	214.0	KAN	LM	0.0	0	1000000.0	500000.0	
rep2	M6	TriComm PN23 1xMIC	PN23 1xMIC	PN23	1	214.0	KAN	PL	18.0	18000000	1000000.0	18000000.0	18000000.0
rep2	M6	TriComm PN23 1xMIC	PN23 1xMIC	PN23	1	214.0	KAN	PM	14.0	14000000	1000000.0	14000000.0	14000000.0
rep2	M6	TriComm PN23 1xMIC	PN23 1xMIC	PN23	1	238.0	COL	LM	0.0	0	10000.0	5000.0	
rep2	M6	TriComm PN23 1xMIC	PN23 1xMIC	PN23	1	238.0	COL	PL	4.0	40000	10000.0	40000.0	40000.0
rep2	M6	TriComm PN23 1xMIC	PN23 1xMIC	PN23	1	238.0	COL	PM	50.0	500000	10000.0	500000.0	500000.0
rep2	M6	TriComm PN23 1xMIC	PN23 1xMIC	PN23	1	238.0	KAN	LM	0.0	0	10000000.0	5000000.0	
rep2	M6	TriComm PN23 1xMIC	PN23 1xMIC	PN23	1	238.0	KAN	PL	6.0	60000000	10000000.0	60000000.0	60000000.0
rep2	M6	TriComm PN23 1xMIC	PN23 1xMIC	PN23	1	238.0	KAN	PM	11.0	110000000	10000000.0	110000000.0	110000000.0
rep2	M6	TriComm PN23 1xMIC	PN23 1xMIC	PN23	1	262.0	COL	LM	0.0	0	9797.959183673469	4898.9795918367345	
rep2	M6	TriComm PN23 1xMIC	PN23 1xMIC	PN23	1	262.0	COL	PL	1.0	100	9797.959183673469	4898.9795918367345	
rep2	M6	TriComm PN23 1xMIC	PN23 1xMIC	PN23	1	262.0	COL	PM	48.0	480000	9797.959183673469	480000.0	480000.0
rep2	M6	TriComm PN23 1xMIC	PN23 1xMIC	PN23	1	262.0	KAN	LM	0.0	0	4000000.0	2000000.0	
rep2	M6	TriComm PN23 1xMIC	PN23 1xMIC	PN23	1	262.0	KAN	PL	26.0	26000000	4000000.0	26000000.0	26000000.0
rep2	M6	TriComm PN23 1xMIC	PN23 1xMIC	PN23	1	262.0	KAN	PM	13.0	130000000	4000000.0	130000000.0	130000000.0
rep2	M6	TriComm PN23 1xMIC	PN23 1xMIC	PN23	1	286.0	COL	LM	0.0	0	10000.0	5000.0	
rep2	M6	TriComm PN23 1xMIC	PN23 1xMIC	PN23	1	286.0	COL	PL	1.0	10000	10000.0	10000.0	10000.0
rep2	M6	TriComm PN23 1xMIC	PN23 1xMIC	PN23	1	286.0	COL	PM	28.0	280000	10000.0	280000.0	280000.0
rep2	M6	TriComm PN23 1xMIC	PN23 1xMIC	PN23	1	286.0	KAN	LM	0.0	0	1000000.0	500000.0	
rep2	M6	TriComm PN23 1xMIC	PN23 1xMIC	PN23	1	286.0	KAN	PL	16.0	16000000	1000000.0	16000000.0	16000000.0
rep2	M6	TriComm PN23 1xMIC	PN23 1xMIC	PN23	1	286.0	KAN	PM	48.0	48000000	1000000.0	48000000.0	48000000.0
rep2	M6	TriComm PN23 1xMIC	PN23 1xMIC	PN23	1	310.0	COL	LM	0.0	0	100000.0	50000.0	
rep2	M6	TriComm PN23 1xMIC	PN23 1xMIC	PN23	1	310.0	COL	PL	0.0	0	100000.0	50000.0	
rep2	M6	TriComm PN23 1xMIC	PN23 1xMIC	PN23	1	310.0	COL	PM	27.0	2700000	100000.0	2700000.0	2700000.0
rep2	M6	TriComm PN23 1xMIC	PN23 1xMIC	PN23	1	310.0	KAN	LM	0.0	0	100000.0	50000.0	
rep2	M6	TriComm PN23 1xMIC	PN23 1xMIC	PN23	1	310.0	KAN	PL	2.0	200000	100000.0	200000.0	200000.0
rep2	M6	TriComm PN23 1xMIC	PN23 1xMIC	PN23	1	310.0	KAN	PM	25.0	2500000	100000.0	2500000.0	2500000.0
rep2	M7	TriComm PN23 2xMIC	PN23 2xMIC	PN23	2	0.0	COL	LM	96.0	96000000	1000000.0	96000000.0	96000000.0
rep2	M7	TriComm PN23 2xMIC	PN23 2xMIC	PN23	2	0.0	COL	PL	0.0	0	1000000.0	500000.0	
rep2	M7	TriComm PN23 2xMIC	PN23 2xMIC	PN23	2	0.0	COL	PM	0.0	0	1000000.0	500000.0	
rep2	M7	TriComm PN23 2xMIC	PN23 2xMIC	PN23	2	0.0	KAN	LM	9.0	90000000	3769230.7692307695	90000000.0	90000000.0
rep2	M7	TriComm PN23 2xMIC	PN23 2xMIC	PN23	2	0.0	KAN	PL	7.0	70000000	3769230.7692307695	70000000.0	70000000.0
rep2	M7	TriComm PN23 2xMIC	PN23 2xMIC	PN23	2	0.0	KAN	PM	36.0	36000000	3769230.7692307695	36000000.0	36000000.0
rep2	M7	TriComm PN23 2xMIC	PN23 2xMIC	PN23	2	22.0	COL	LM	49.0	49000000	999999.9999999999	49000000.0	49000000.0
rep2	M7	TriComm PN23 2xMIC	PN23 2xMIC	PN23	2	22.0	COL	PL	0.0	0	999999.9999999999	499999.99999999994	
rep2	M7	TriComm PN23 2xMIC	PN23 2xMIC	PN23	2	22.0	COL	PM	0.0	0	999999.9999999999	499999.99999999994	
rep2	M7	TriComm PN23 2xMIC	PN23 2xMIC	PN23	2	22.0	KAN	LM	49.0	49000000	612790.6976744186	49000000.0	49000000.0
rep2	M7	TriComm PN23 2xMIC	PN23 2xMIC	PN23	2	22.0	KAN	PL	37.0	3700000	612790.6976744186	3700000.0	3700000.0
rep2	M7	TriComm PN23 2xMIC	PN23 2xMIC	PN23	2	22.0	KAN	PM	0.0	0	612790.6976744186	306395.3488372093	
rep2	M7	TriComm PN23 2xMIC	PN23 2xMIC	PN23	2	46.0	COL	LM	9.0	9000000	1000000.0	9000000.0	9000000.0
rep2	M7	TriComm PN23 2xMIC	PN23 2xMIC	PN23	2	46.0	COL	PL	0.0	0	1000000.0	500000.0	
rep2	M7	TriComm PN23 2xMIC	PN23 2xMIC	PN23	2	46.0	COL	PM	0.0	0	1000000.0	500000.0	
rep2	M7	TriComm PN23 2xMIC	PN23 2xMIC	PN23	2	46.0	KAN	LM	26.0	26000000	688461.5384615384	26000000.0	26000000.0
rep2	M7	TriComm PN23 2xMIC	PN23 2xMIC	PN23	2	46.0	KAN	PL	8.0	800000	688461.5384615384	800000.0	800000.0
rep2	M7	TriComm PN23 2xMIC	PN23 2xMIC	PN23	2	46.0	KAN	PM	5.0	50000	688461.5384615384	344230.7692307692	
rep2	M7	TriComm PN23 2xMIC	PN23 2xMIC	PN23	2	70.0	COL	LM	49.0	4900000	99999.99999999999	4900000.0	4900000.0
rep2	M7	TriComm PN23 2xMIC	PN23 2xMIC	PN23	2	70.0	COL	PL	0.0	0	99999.99999999999	49999.99999999999	
rep2	M7	TriComm PN23 2xMIC	PN23 2xMIC	PN23	2	70.0	COL	PM	0.0	0	99999.99999999999	49999.99999999999	
rep2	M7	TriComm PN23 2xMIC	PN23 2xMIC	PN23	2	70.0	KAN	LM	47.0	4700000	100000.0	4700000.0	4700000.0
rep2	M7	TriComm PN23 2xMIC	PN23 2xMIC	PN23	2	70.0	KAN	PL	9.0	900000	100000.0	900000.0	900000.0
rep2	M7	TriComm PN23 2xMIC	PN23 2xMIC	PN23	2	70.0	KAN	PM	2.0	200000	100000.0	200000.0	200000.0
rep2	M7	TriComm PN23 2xMIC	PN23 2xMIC	PN23	2	94.0	COL	LM	21.0	210000	10000.0	210000.0	210000.0
rep2	M7	TriComm PN23 2xMIC	PN23 2xMIC	PN23	2	94.0	COL	PL	0.0	0	10000.0	5000.0	
rep2	M7	TriComm PN23 2xMIC	PN23 2xMIC	PN23	2	94.0	COL	PM	0.0	0	10000.0	5000.0	
rep2	M7	TriComm PN23 2xMIC	PN23 2xMIC	PN23	2	94.0	KAN	LM	0.0	0	1000000.0	500000.0	
rep2	M7	TriComm PN23 2xMIC	PN23 2xMIC	PN23	2	94.0	KAN	PL	5.0	5000000	1000000.0	5000000.0	5000000.0
rep2	M7	TriComm PN23 2xMIC	PN23 2xMIC	PN23	2	94.0	KAN	PM	3.0	3000000	1000000.0	3000000.0	3000000.0
rep2	M7	TriComm PN23 2xMIC	PN23 2xMIC	PN23	2	118.0	COL	LM	8.0	800	100.0	800.0	800.0
rep2	M7	TriComm PN23 2xMIC	PN23 2xMIC	PN23	2	118.0	COL	PL	0.0	0	100.0	50.0	
rep2	M7	TriComm PN23 2xMIC	PN23 2xMIC	PN23	2	118.0	COL	PM	1.0	100	100.0	100.0	100.0
rep2	M7	TriComm PN23 2xMIC	PN23 2xMIC	PN23	2	118.0	KAN	LM	0.0	0	50500.0	25250.0	
rep2	M7	TriComm PN23 2xMIC	PN23 2xMIC	PN23	2	118.0	KAN	PL	27.0	2700000	50500.0	2700000.0	2700000.0
rep2	M7	TriComm PN23 2xMIC	PN23 2xMIC	PN23	2	118.0	KAN	PM	33.0	330000	50500.0	330000.0	330000.0
