vial	replicate	name	short	plasmid	drug	time	emission	wavelength
M0	rep1	TriComm KAN no drug	KAN no drug	KAN	0	2.0	638	523-620
M0	rep1	TriComm KAN no drug	KAN no drug	KAN	0	2.0	663	467-510
M0	rep1	TriComm KAN no drug	KAN no drug	KAN	0	20.0	2355	523-620
M0	rep1	TriComm KAN no drug	KAN no drug	KAN	0	20.0	2355	467-510
M0	rep1	TriComm KAN no drug	KAN no drug	KAN	0	44.0	2355	523-620
M0	rep1	TriComm KAN no drug	KAN no drug	KAN	0	44.0	2663	467-510
M0	rep1	TriComm KAN no drug	KAN no drug	KAN	0	64.0	8	523-620
M0	rep1	TriComm KAN no drug	KAN no drug	KAN	0	64.0	19	467-510
M0	rep1	TriComm KAN no drug	KAN no drug	KAN	0	88.0	25	523-620
M0	rep1	TriComm KAN no drug	KAN no drug	KAN	0	88.0	25	467-510
M0	rep1	TriComm KAN no drug	KAN no drug	KAN	0	112.0	18	523-620
M0	rep1	TriComm KAN no drug	KAN no drug	KAN	0	112.0	28	467-510
M0	rep1	TriComm KAN no drug	KAN no drug	KAN	0	136.0	24	523-620
M0	rep1	TriComm KAN no drug	KAN no drug	KAN	0	136.0	24	467-510
M0	rep1	TriComm KAN no drug	KAN no drug	KAN	0	160.0	14	523-620
M0	rep1	TriComm KAN no drug	KAN no drug	KAN	0	160.0	26	467-510
M0	rep1	TriComm KAN no drug	KAN no drug	KAN	0	184.0	51	523-620
M0	rep1	TriComm KAN no drug	KAN no drug	KAN	0	184.0	39	467-510
M0	rep1	TriComm KAN no drug	KAN no drug	KAN	0	208.0	66	523-620
M0	rep1	TriComm KAN no drug	KAN no drug	KAN	0	208.0	25	467-510
M1	rep1	TriComm KAN 16x MIC	KAN 16x MIC	KAN	16	2.0	565	523-620
M1	rep1	TriComm KAN 16x MIC	KAN 16x MIC	KAN	16	2.0	612	467-510
M1	rep1	TriComm KAN 16x MIC	KAN 16x MIC	KAN	16	20.0	2253	523-620
M1	rep1	TriComm KAN 16x MIC	KAN 16x MIC	KAN	16	20.0	2253	467-510
M1	rep1	TriComm KAN 16x MIC	KAN 16x MIC	KAN	16	44.0	2253	523-620
M1	rep1	TriComm KAN 16x MIC	KAN 16x MIC	KAN	16	44.0	889	467-510
M1	rep1	TriComm KAN 16x MIC	KAN 16x MIC	KAN	16	64.0	1775	523-620
M1	rep1	TriComm KAN 16x MIC	KAN 16x MIC	KAN	16	64.0	687	467-510
M1	rep1	TriComm KAN 16x MIC	KAN 16x MIC	KAN	16	88.0	1385	523-620
M1	rep1	TriComm KAN 16x MIC	KAN 16x MIC	KAN	16	88.0	517	467-510
M1	rep1	TriComm KAN 16x MIC	KAN 16x MIC	KAN	16	112.0	1029	523-620
M1	rep1	TriComm KAN 16x MIC	KAN 16x MIC	KAN	16	112.0	345	467-510
M1	rep1	TriComm KAN 16x MIC	KAN 16x MIC	KAN	16	136.0	675	523-620
M1	rep1	TriComm KAN 16x MIC	KAN 16x MIC	KAN	16	136.0	219	467-510
M1	rep1	TriComm KAN 16x MIC	KAN 16x MIC	KAN	16	160.0	428	523-620
M1	rep1	TriComm KAN 16x MIC	KAN 16x MIC	KAN	16	160.0	139	467-510
M1	rep1	TriComm KAN 16x MIC	KAN 16x MIC	KAN	16	184.0	352	523-620
M1	rep1	TriComm KAN 16x MIC	KAN 16x MIC	KAN	16	184.0	77	467-510
M1	rep1	TriComm KAN 16x MIC	KAN 16x MIC	KAN	16	208.0	240	523-620
M1	rep1	TriComm KAN 16x MIC	KAN 16x MIC	KAN	16	208.0	76	467-510
M2	rep1	TriComm KAN+PVI no drug	KAN+PVI no drug	KAN+PVI	0	2.0	584	523-620
M2	rep1	TriComm KAN+PVI no drug	KAN+PVI no drug	KAN+PVI	0	2.0	641	467-510
M2	rep1	TriComm KAN+PVI no drug	KAN+PVI no drug	KAN+PVI	0	20.0	2238	523-620
M2	rep1	TriComm KAN+PVI no drug	KAN+PVI no drug	KAN+PVI	0	20.0	2238	467-510
M2	rep1	TriComm KAN+PVI no drug	KAN+PVI no drug	KAN+PVI	0	44.0	2238	523-620
M2	rep1	TriComm KAN+PVI no drug	KAN+PVI no drug	KAN+PVI	0	44.0	2480	467-510
M2	rep1	TriComm KAN+PVI no drug	KAN+PVI no drug	KAN+PVI	0	64.0	2937	523-620
M2	rep1	TriComm KAN+PVI no drug	KAN+PVI no drug	KAN+PVI	0	64.0	4332	467-510
M2	rep1	TriComm KAN+PVI no drug	KAN+PVI no drug	KAN+PVI	0	88.0	4879	523-620
M2	rep1	TriComm KAN+PVI no drug	KAN+PVI no drug	KAN+PVI	0	88.0	5317	467-510
M2	rep1	TriComm KAN+PVI no drug	KAN+PVI no drug	KAN+PVI	0	112.0	8942	523-620
M2	rep1	TriComm KAN+PVI no drug	KAN+PVI no drug	KAN+PVI	0	112.0	3783	467-510
M2	rep1	TriComm KAN+PVI no drug	KAN+PVI no drug	KAN+PVI	0	136.0	10381	523-620
M2	rep1	TriComm KAN+PVI no drug	KAN+PVI no drug	KAN+PVI	0	136.0	3345	467-510
M2	rep1	TriComm KAN+PVI no drug	KAN+PVI no drug	KAN+PVI	0	160.0	7118	523-620
M2	rep1	TriComm KAN+PVI no drug	KAN+PVI no drug	KAN+PVI	0	160.0	3474	467-510
M2	rep1	TriComm KAN+PVI no drug	KAN+PVI no drug	KAN+PVI	0	184.0	4923	523-620
M2	rep1	TriComm KAN+PVI no drug	KAN+PVI no drug	KAN+PVI	0	184.0	2919	467-510
M2	rep1	TriComm KAN+PVI no drug	KAN+PVI no drug	KAN+PVI	0	208.0	4342	523-620
M2	rep1	TriComm KAN+PVI no drug	KAN+PVI no drug	KAN+PVI	0	208.0	2486	467-510
M3	rep1	TriComm KAN+PVI 16x MIC	KAN+PVI 16x MIC	KAN+PVI	16	2.0	665	523-620
M3	rep1	TriComm KAN+PVI 16x MIC	KAN+PVI 16x MIC	KAN+PVI	16	2.0	593	467-510
M3	rep1	TriComm KAN+PVI 16x MIC	KAN+PVI 16x MIC	KAN+PVI	16	20.0	2981	523-620
M3	rep1	TriComm KAN+PVI 16x MIC	KAN+PVI 16x MIC	KAN+PVI	16	20.0	2981	467-510
M3	rep1	TriComm KAN+PVI 16x MIC	KAN+PVI 16x MIC	KAN+PVI	16	44.0	2981	523-620
M3	rep1	TriComm KAN+PVI 16x MIC	KAN+PVI 16x MIC	KAN+PVI	16	44.0	3984	467-510
M3	rep1	TriComm KAN+PVI 16x MIC	KAN+PVI 16x MIC	KAN+PVI	16	64.0	5143	523-620
M3	rep1	TriComm KAN+PVI 16x MIC	KAN+PVI 16x MIC	KAN+PVI	16	64.0	3248	467-510
M3	rep1	TriComm KAN+PVI 16x MIC	KAN+PVI 16x MIC	KAN+PVI	16	88.0	11442	523-620
M3	rep1	TriComm KAN+PVI 16x MIC	KAN+PVI 16x MIC	KAN+PVI	16	88.0	2759	467-510
M3	rep1	TriComm KAN+PVI 16x MIC	KAN+PVI 16x MIC	KAN+PVI	16	112.0	13766	523-620
M3	rep1	TriComm KAN+PVI 16x MIC	KAN+PVI 16x MIC	KAN+PVI	16	112.0	2252	467-510
M3	rep1	TriComm KAN+PVI 16x MIC	KAN+PVI 16x MIC	KAN+PVI	16	136.0	14598	523-620
M3	rep1	TriComm KAN+PVI 16x MIC	KAN+PVI 16x MIC	KAN+PVI	16	136.0	2229	467-510
M3	rep1	TriComm KAN+PVI 16x MIC	KAN+PVI 16x MIC	KAN+PVI	16	160.0	13208	523-620
M3	rep1	TriComm KAN+PVI 16x MIC	KAN+PVI 16x MIC	KAN+PVI	16	160.0	2106	467-510
M3	rep1	TriComm KAN+PVI 16x MIC	KAN+PVI 16x MIC	KAN+PVI	16	184.0	12944	523-620
M3	rep1	TriComm KAN+PVI 16x MIC	KAN+PVI 16x MIC	KAN+PVI	16	184.0	2711	467-510
M3	rep1	TriComm KAN+PVI 16x MIC	KAN+PVI 16x MIC	KAN+PVI	16	208.0	9387	523-620
M3	rep1	TriComm KAN+PVI 16x MIC	KAN+PVI 16x MIC	KAN+PVI	16	208.0	2570	467-510
M4	rep1	TriComm PVI no drug	PVI no drug	PVI	0	2.0	555	523-620
M4	rep1	TriComm PVI no drug	PVI no drug	PVI	0	2.0	654	467-510
M4	rep1	TriComm PVI no drug	PVI no drug	PVI	0	20.0	2655	523-620
M4	rep1	TriComm PVI no drug	PVI no drug	PVI	0	20.0	2655	467-510
M4	rep1	TriComm PVI no drug	PVI no drug	PVI	0	44.0	2655	523-620
M4	rep1	TriComm PVI no drug	PVI no drug	PVI	0	44.0	3024	467-510
M4	rep1	TriComm PVI no drug	PVI no drug	PVI	0	64.0	3147	523-620
M4	rep1	TriComm PVI no drug	PVI no drug	PVI	0	64.0	4819	467-510
M4	rep1	TriComm PVI no drug	PVI no drug	PVI	0	88.0	3923	523-620
M4	rep1	TriComm PVI no drug	PVI no drug	PVI	0	88.0	5137	467-510
M4	rep1	TriComm PVI no drug	PVI no drug	PVI	0	112.0	5629	523-620
M4	rep1	TriComm PVI no drug	PVI no drug	PVI	0	112.0	4939	467-510
M4	rep1	TriComm PVI no drug	PVI no drug	PVI	0	136.0	8968	523-620
M4	rep1	TriComm PVI no drug	PVI no drug	PVI	0	136.0	6328	467-510
M4	rep1	TriComm PVI no drug	PVI no drug	PVI	0	160.0	6540	523-620
M4	rep1	TriComm PVI no drug	PVI no drug	PVI	0	160.0	6287	467-510
M4	rep1	TriComm PVI no drug	PVI no drug	PVI	0	184.0	8430	523-620
M4	rep1	TriComm PVI no drug	PVI no drug	PVI	0	184.0	7159	467-510
M4	rep1	TriComm PVI no drug	PVI no drug	PVI	0	208.0	6204	523-620
M4	rep1	TriComm PVI no drug	PVI no drug	PVI	0	208.0	5717	467-510
M5	rep1	TriComm PVI 16x MIC	PVI 16x MIC	PVI	16	2.0	567	523-620
M5	rep1	TriComm PVI 16x MIC	PVI 16x MIC	PVI	16	2.0	657	467-510
M5	rep1	TriComm PVI 16x MIC	PVI 16x MIC	PVI	16	20.0	2837	523-620
M5	rep1	TriComm PVI 16x MIC	PVI 16x MIC	PVI	16	20.0	2837	467-510
M5	rep1	TriComm PVI 16x MIC	PVI 16x MIC	PVI	16	44.0	2837	523-620
M5	rep1	TriComm PVI 16x MIC	PVI 16x MIC	PVI	16	44.0	3044	467-510
M5	rep1	TriComm PVI 16x MIC	PVI 16x MIC	PVI	16	64.0	4364	523-620
M5	rep1	TriComm PVI 16x MIC	PVI 16x MIC	PVI	16	64.0	4340	467-510
M5	rep1	TriComm PVI 16x MIC	PVI 16x MIC	PVI	16	88.0	11098	523-620
M5	rep1	TriComm PVI 16x MIC	PVI 16x MIC	PVI	16	88.0	2626	467-510
M5	rep1	TriComm PVI 16x MIC	PVI 16x MIC	PVI	16	112.0	6744	523-620
M5	rep1	TriComm PVI 16x MIC	PVI 16x MIC	PVI	16	112.0	2797	467-510
M5	rep1	TriComm PVI 16x MIC	PVI 16x MIC	PVI	16	136.0	4991	523-620
M5	rep1	TriComm PVI 16x MIC	PVI 16x MIC	PVI	16	136.0	4132	467-510
M5	rep1	TriComm PVI 16x MIC	PVI 16x MIC	PVI	16	160.0	4882	523-620
M5	rep1	TriComm PVI 16x MIC	PVI 16x MIC	PVI	16	160.0	4961	467-510
M5	rep1	TriComm PVI 16x MIC	PVI 16x MIC	PVI	16	184.0	4763	523-620
M5	rep1	TriComm PVI 16x MIC	PVI 16x MIC	PVI	16	184.0	6162	467-510
M5	rep1	TriComm PVI 16x MIC	PVI 16x MIC	PVI	16	208.0	4444	523-620
M5	rep1	TriComm PVI 16x MIC	PVI 16x MIC	PVI	16	208.0	5576	467-510
M6	rep1	TriComm PVB no drug	PVB no drug	PVB	0	2.0	572	523-620
M6	rep1	TriComm PVB no drug	PVB no drug	PVB	0	2.0	630	467-510
M6	rep1	TriComm PVB no drug	PVB no drug	PVB	0	20.0	2405	523-620
M6	rep1	TriComm PVB no drug	PVB no drug	PVB	0	20.0	2405	467-510
M6	rep1	TriComm PVB no drug	PVB no drug	PVB	0	44.0	2405	523-620
M6	rep1	TriComm PVB no drug	PVB no drug	PVB	0	44.0	2035	467-510
M6	rep1	TriComm PVB no drug	PVB no drug	PVB	0	64.0	5053	523-620
M6	rep1	TriComm PVB no drug	PVB no drug	PVB	0	64.0	4667	467-510
M6	rep1	TriComm PVB no drug	PVB no drug	PVB	0	88.0	4383	523-620
M6	rep1	TriComm PVB no drug	PVB no drug	PVB	0	88.0	4678	467-510
M6	rep1	TriComm PVB no drug	PVB no drug	PVB	0	112.0	3680	523-620
M6	rep1	TriComm PVB no drug	PVB no drug	PVB	0	112.0	3448	467-510
M6	rep1	TriComm PVB no drug	PVB no drug	PVB	0	136.0	6976	523-620
M6	rep1	TriComm PVB no drug	PVB no drug	PVB	0	136.0	2688	467-510
M6	rep1	TriComm PVB no drug	PVB no drug	PVB	0	160.0	4863	523-620
M6	rep1	TriComm PVB no drug	PVB no drug	PVB	0	160.0	2430	467-510
M6	rep1	TriComm PVB no drug	PVB no drug	PVB	0	184.0	4907	523-620
M6	rep1	TriComm PVB no drug	PVB no drug	PVB	0	184.0	2359	467-510
M6	rep1	TriComm PVB no drug	PVB no drug	PVB	0	208.0	3647	523-620
M6	rep1	TriComm PVB no drug	PVB no drug	PVB	0	208.0	2015	467-510
M7	rep1	TriComm PVB 16x MIC	PVB 16x MIC	PVB	16	2.0	531	523-620
M7	rep1	TriComm PVB 16x MIC	PVB 16x MIC	PVB	16	2.0	583	467-510
M7	rep1	TriComm PVB 16x MIC	PVB 16x MIC	PVB	16	20.0	2410	523-620
M7	rep1	TriComm PVB 16x MIC	PVB 16x MIC	PVB	16	20.0	2410	467-510
M7	rep1	TriComm PVB 16x MIC	PVB 16x MIC	PVB	16	44.0	2410	523-620
M7	rep1	TriComm PVB 16x MIC	PVB 16x MIC	PVB	16	44.0	1931	467-510
M7	rep1	TriComm PVB 16x MIC	PVB 16x MIC	PVB	16	64.0	4186	523-620
M7	rep1	TriComm PVB 16x MIC	PVB 16x MIC	PVB	16	64.0	4689	467-510
M7	rep1	TriComm PVB 16x MIC	PVB 16x MIC	PVB	16	88.0	5719	523-620
M7	rep1	TriComm PVB 16x MIC	PVB 16x MIC	PVB	16	88.0	3513	467-510
M7	rep1	TriComm PVB 16x MIC	PVB 16x MIC	PVB	16	112.0	9409	523-620
M7	rep1	TriComm PVB 16x MIC	PVB 16x MIC	PVB	16	112.0	2802	467-510
M7	rep1	TriComm PVB 16x MIC	PVB 16x MIC	PVB	16	136.0	6840	523-620
M7	rep1	TriComm PVB 16x MIC	PVB 16x MIC	PVB	16	136.0	2763	467-510
M7	rep1	TriComm PVB 16x MIC	PVB 16x MIC	PVB	16	160.0	4937	523-620
M7	rep1	TriComm PVB 16x MIC	PVB 16x MIC	PVB	16	160.0	2383	467-510
M7	rep1	TriComm PVB 16x MIC	PVB 16x MIC	PVB	16	184.0	4283	523-620
M7	rep1	TriComm PVB 16x MIC	PVB 16x MIC	PVB	16	184.0	2074	467-510
M7	rep1	TriComm PVB 16x MIC	PVB 16x MIC	PVB	16	208.0	2525	523-620
M7	rep1	TriComm PVB 16x MIC	PVB 16x MIC	PVB	16	208.0	1402	467-510
M0	rep2	TriComm KAN no drug	KAN no drug	KAN	0	2.0	1074	523-620
M0	rep2	TriComm KAN no drug	KAN no drug	KAN	0	2.0	719	467-510
M0	rep2	TriComm KAN no drug	KAN no drug	KAN	0	20.0	6313	523-620
M0	rep2	TriComm KAN no drug	KAN no drug	KAN	0	20.0	2650	467-510
M0	rep2	TriComm KAN no drug	KAN no drug	KAN	0	44.0	6761	523-620
M0	rep2	TriComm KAN no drug	KAN no drug	KAN	0	44.0	5294	467-510
M0	rep2	TriComm KAN no drug	KAN no drug	KAN	0	68.0	2539	523-620
M0	rep2	TriComm KAN no drug	KAN no drug	KAN	0	68.0	4821	467-510
M0	rep2	TriComm KAN no drug	KAN no drug	KAN	0	92.0	5802	523-620
M0	rep2	TriComm KAN no drug	KAN no drug	KAN	0	92.0	2914	467-510
M0	rep2	TriComm KAN no drug	KAN no drug	KAN	0	116.0	9103	523-620
M0	rep2	TriComm KAN no drug	KAN no drug	KAN	0	116.0	2514	467-510
M0	rep2	TriComm KAN no drug	KAN no drug	KAN	0	140.0	7896	523-620
M0	rep2	TriComm KAN no drug	KAN no drug	KAN	0	140.0	2524	467-510
M0	rep2	TriComm KAN no drug	KAN no drug	KAN	0	162.0	6018	523-620
M0	rep2	TriComm KAN no drug	KAN no drug	KAN	0	162.0	2438	467-510
M0	rep2	TriComm KAN no drug	KAN no drug	KAN	0	186.0	4592	523-620
M0	rep2	TriComm KAN no drug	KAN no drug	KAN	0	186.0	1938	467-510
M0	rep2	TriComm KAN no drug	KAN no drug	KAN	0	210.0	4906	523-620
M0	rep2	TriComm KAN no drug	KAN no drug	KAN	0	210.0	3000	467-510
M0	rep2	TriComm KAN no drug	KAN no drug	KAN	0	234.0	3984	523-620
M0	rep2	TriComm KAN no drug	KAN no drug	KAN	0	234.0	1977	467-510
M0	rep2	TriComm KAN no drug	KAN no drug	KAN	0	258.0	9299	523-620
M0	rep2	TriComm KAN no drug	KAN no drug	KAN	0	258.0	1264	467-510
M0	rep2	TriComm KAN no drug	KAN no drug	KAN	0	282.0	11258	523-620
M0	rep2	TriComm KAN no drug	KAN no drug	KAN	0	282.0	1319	467-510
M0	rep2	TriComm KAN no drug	KAN no drug	KAN	0	306.0	8269	523-620
M0	rep2	TriComm KAN no drug	KAN no drug	KAN	0	306.0	1222	467-510
M1	rep2	TriComm KAN 16x MIC	KAN 16x MIC	KAN	16	2.0	946	523-620
M1	rep2	TriComm KAN 16x MIC	KAN 16x MIC	KAN	16	2.0	630	467-510
M1	rep2	TriComm KAN 16x MIC	KAN 16x MIC	KAN	16	20.0	2077	523-620
M1	rep2	TriComm KAN 16x MIC	KAN 16x MIC	KAN	16	20.0	1649	467-510
M1	rep2	TriComm KAN 16x MIC	KAN 16x MIC	KAN	16	44.0	4137	523-620
M1	rep2	TriComm KAN 16x MIC	KAN 16x MIC	KAN	16	44.0	1518	467-510
M1	rep2	TriComm KAN 16x MIC	KAN 16x MIC	KAN	16	68.0	3215	523-620
M1	rep2	TriComm KAN 16x MIC	KAN 16x MIC	KAN	16	68.0	1000	467-510
M1	rep2	TriComm KAN 16x MIC	KAN 16x MIC	KAN	16	92.0	2408	523-620
M1	rep2	TriComm KAN 16x MIC	KAN 16x MIC	KAN	16	92.0	728	467-510
M1	rep2	TriComm KAN 16x MIC	KAN 16x MIC	KAN	16	116.0	1718	523-620
M1	rep2	TriComm KAN 16x MIC	KAN 16x MIC	KAN	16	116.0	474	467-510
M1	rep2	TriComm KAN 16x MIC	KAN 16x MIC	KAN	16	140.0	1113	523-620
M1	rep2	TriComm KAN 16x MIC	KAN 16x MIC	KAN	16	140.0	376	467-510
M1	rep2	TriComm KAN 16x MIC	KAN 16x MIC	KAN	16	162.0	785	523-620
M1	rep2	TriComm KAN 16x MIC	KAN 16x MIC	KAN	16	162.0	268	467-510
M1	rep2	TriComm KAN 16x MIC	KAN 16x MIC	KAN	16	186.0	544	523-620
M1	rep2	TriComm KAN 16x MIC	KAN 16x MIC	KAN	16	186.0	167	467-510
M1	rep2	TriComm KAN 16x MIC	KAN 16x MIC	KAN	16	210.0	487	523-620
M1	rep2	TriComm KAN 16x MIC	KAN 16x MIC	KAN	16	210.0	148	467-510
M1	rep2	TriComm KAN 16x MIC	KAN 16x MIC	KAN	16	234.0	258	523-620
M1	rep2	TriComm KAN 16x MIC	KAN 16x MIC	KAN	16	234.0	104	467-510
M1	rep2	TriComm KAN 16x MIC	KAN 16x MIC	KAN	16	258.0	256	523-620
M1	rep2	TriComm KAN 16x MIC	KAN 16x MIC	KAN	16	258.0	90	467-510
M1	rep2	TriComm KAN 16x MIC	KAN 16x MIC	KAN	16	282.0	175	523-620
M1	rep2	TriComm KAN 16x MIC	KAN 16x MIC	KAN	16	282.0	66	467-510
M1	rep2	TriComm KAN 16x MIC	KAN 16x MIC	KAN	16	306.0	140	523-620
M1	rep2	TriComm KAN 16x MIC	KAN 16x MIC	KAN	16	306.0	45	467-510
M2	rep2	TriComm KAN+PVI no drug	KAN+PVI no drug	KAN+PVI	0	2.0	1127	523-620
M2	rep2	TriComm KAN+PVI no drug	KAN+PVI no drug	KAN+PVI	0	2.0	782	467-510
M2	rep2	TriComm KAN+PVI no drug	KAN+PVI no drug	KAN+PVI	0	20.0	6767	523-620
M2	rep2	TriComm KAN+PVI no drug	KAN+PVI no drug	KAN+PVI	0	20.0	2875	467-510
M2	rep2	TriComm KAN+PVI no drug	KAN+PVI no drug	KAN+PVI	0	44.0	5126	523-620
M2	rep2	TriComm KAN+PVI no drug	KAN+PVI no drug	KAN+PVI	0	44.0	5212	467-510
M2	rep2	TriComm KAN+PVI no drug	KAN+PVI no drug	KAN+PVI	0	68.0	3464	523-620
M2	rep2	TriComm KAN+PVI no drug	KAN+PVI no drug	KAN+PVI	0	68.0	5155	467-510
M2	rep2	TriComm KAN+PVI no drug	KAN+PVI no drug	KAN+PVI	0	92.0	8451	523-620
M2	rep2	TriComm KAN+PVI no drug	KAN+PVI no drug	KAN+PVI	0	92.0	2888	467-510
M2	rep2	TriComm KAN+PVI no drug	KAN+PVI no drug	KAN+PVI	0	116.0	11878	523-620
M2	rep2	TriComm KAN+PVI no drug	KAN+PVI no drug	KAN+PVI	0	116.0	2985	467-510
M2	rep2	TriComm KAN+PVI no drug	KAN+PVI no drug	KAN+PVI	0	140.0	7635	523-620
M2	rep2	TriComm KAN+PVI no drug	KAN+PVI no drug	KAN+PVI	0	140.0	2952	467-510
M2	rep2	TriComm KAN+PVI no drug	KAN+PVI no drug	KAN+PVI	0	162.0	5659	523-620
M2	rep2	TriComm KAN+PVI no drug	KAN+PVI no drug	KAN+PVI	0	162.0	2739	467-510
M2	rep2	TriComm KAN+PVI no drug	KAN+PVI no drug	KAN+PVI	0	186.0	5884	523-620
M2	rep2	TriComm KAN+PVI no drug	KAN+PVI no drug	KAN+PVI	0	186.0	2450	467-510
M2	rep2	TriComm KAN+PVI no drug	KAN+PVI no drug	KAN+PVI	0	210.0	5799	523-620
M2	rep2	TriComm KAN+PVI no drug	KAN+PVI no drug	KAN+PVI	0	210.0	3127	467-510
M2	rep2	TriComm KAN+PVI no drug	KAN+PVI no drug	KAN+PVI	0	234.0	3411	523-620
M2	rep2	TriComm KAN+PVI no drug	KAN+PVI no drug	KAN+PVI	0	234.0	2083	467-510
M2	rep2	TriComm KAN+PVI no drug	KAN+PVI no drug	KAN+PVI	0	258.0	6540	523-620
M2	rep2	TriComm KAN+PVI no drug	KAN+PVI no drug	KAN+PVI	0	258.0	1826	467-510
M2	rep2	TriComm KAN+PVI no drug	KAN+PVI no drug	KAN+PVI	0	282.0	13288	523-620
M2	rep2	TriComm KAN+PVI no drug	KAN+PVI no drug	KAN+PVI	0	282.0	1773	467-510
M2	rep2	TriComm KAN+PVI no drug	KAN+PVI no drug	KAN+PVI	0	306.0	13499	523-620
M2	rep2	TriComm KAN+PVI no drug	KAN+PVI no drug	KAN+PVI	0	306.0	1569	467-510
M3	rep2	TriComm KAN+PVI 16x MIC	KAN+PVI 16x MIC	KAN+PVI	16	2.0	1126	523-620
M3	rep2	TriComm KAN+PVI 16x MIC	KAN+PVI 16x MIC	KAN+PVI	16	2.0	730	467-510
M3	rep2	TriComm KAN+PVI 16x MIC	KAN+PVI 16x MIC	KAN+PVI	16	20.0	7266	523-620
M3	rep2	TriComm KAN+PVI 16x MIC	KAN+PVI 16x MIC	KAN+PVI	16	20.0	2659	467-510
M3	rep2	TriComm KAN+PVI 16x MIC	KAN+PVI 16x MIC	KAN+PVI	16	44.0	6985	523-620
M3	rep2	TriComm KAN+PVI 16x MIC	KAN+PVI 16x MIC	KAN+PVI	16	44.0	5558	467-510
M3	rep2	TriComm KAN+PVI 16x MIC	KAN+PVI 16x MIC	KAN+PVI	16	68.0	18916	523-620
M3	rep2	TriComm KAN+PVI 16x MIC	KAN+PVI 16x MIC	KAN+PVI	16	68.0	4114	467-510
M3	rep2	TriComm KAN+PVI 16x MIC	KAN+PVI 16x MIC	KAN+PVI	16	92.0	24041	523-620
M3	rep2	TriComm KAN+PVI 16x MIC	KAN+PVI 16x MIC	KAN+PVI	16	92.0	3497	467-510
M3	rep2	TriComm KAN+PVI 16x MIC	KAN+PVI 16x MIC	KAN+PVI	16	116.0	21371	523-620
M3	rep2	TriComm KAN+PVI 16x MIC	KAN+PVI 16x MIC	KAN+PVI	16	116.0	4957	467-510
M3	rep2	TriComm KAN+PVI 16x MIC	KAN+PVI 16x MIC	KAN+PVI	16	140.0	4918	523-620
M3	rep2	TriComm KAN+PVI 16x MIC	KAN+PVI 16x MIC	KAN+PVI	16	140.0	2756	467-510
M3	rep2	TriComm KAN+PVI 16x MIC	KAN+PVI 16x MIC	KAN+PVI	16	162.0	2703	523-620
M3	rep2	TriComm KAN+PVI 16x MIC	KAN+PVI 16x MIC	KAN+PVI	16	162.0	1680	467-510
M3	rep2	TriComm KAN+PVI 16x MIC	KAN+PVI 16x MIC	KAN+PVI	16	186.0	4715	523-620
M3	rep2	TriComm KAN+PVI 16x MIC	KAN+PVI 16x MIC	KAN+PVI	16	186.0	1738	467-510
M3	rep2	TriComm KAN+PVI 16x MIC	KAN+PVI 16x MIC	KAN+PVI	16	210.0	13876	523-620
M3	rep2	TriComm KAN+PVI 16x MIC	KAN+PVI 16x MIC	KAN+PVI	16	210.0	1535	467-510
M3	rep2	TriComm KAN+PVI 16x MIC	KAN+PVI 16x MIC	KAN+PVI	16	234.0	10928	523-620
M3	rep2	TriComm KAN+PVI 16x MIC	KAN+PVI 16x MIC	KAN+PVI	16	234.0	1139	467-510
M3	rep2	TriComm KAN+PVI 16x MIC	KAN+PVI 16x MIC	KAN+PVI	16	258.0	7828	523-620
M3	rep2	TriComm KAN+PVI 16x MIC	KAN+PVI 16x MIC	KAN+PVI	16	258.0	1187	467-510
M3	rep2	TriComm KAN+PVI 16x MIC	KAN+PVI 16x MIC	KAN+PVI	16	282.0	5471	523-620
M3	rep2	TriComm KAN+PVI 16x MIC	KAN+PVI 16x MIC	KAN+PVI	16	282.0	1249	467-510
M3	rep2	TriComm KAN+PVI 16x MIC	KAN+PVI 16x MIC	KAN+PVI	16	306.0	3333	523-620
M3	rep2	TriComm KAN+PVI 16x MIC	KAN+PVI 16x MIC	KAN+PVI	16	306.0	1089	467-510
M4	rep2	TriComm PVI no drug	PVI no drug	PVI	0	2.0	1026	523-620
M4	rep2	TriComm PVI no drug	PVI no drug	PVI	0	2.0	781	467-510
M4	rep2	TriComm PVI no drug	PVI no drug	PVI	0	20.0	5110	523-620
M4	rep2	TriComm PVI no drug	PVI no drug	PVI	0	20.0	2511	467-510
M4	rep2	TriComm PVI no drug	PVI no drug	PVI	0	44.0	7313	523-620
M4	rep2	TriComm PVI no drug	PVI no drug	PVI	0	44.0	4454	467-510
M4	rep2	TriComm PVI no drug	PVI no drug	PVI	0	68.0	4242	523-620
M4	rep2	TriComm PVI no drug	PVI no drug	PVI	0	68.0	4144	467-510
M4	rep2	TriComm PVI no drug	PVI no drug	PVI	0	92.0	5013	523-620
M4	rep2	TriComm PVI no drug	PVI no drug	PVI	0	92.0	3377	467-510
M4	rep2	TriComm PVI no drug	PVI no drug	PVI	0	116.0	10140	523-620
M4	rep2	TriComm PVI no drug	PVI no drug	PVI	0	116.0	3088	467-510
M4	rep2	TriComm PVI no drug	PVI no drug	PVI	0	140.0	6649	523-620
M4	rep2	TriComm PVI no drug	PVI no drug	PVI	0	140.0	2787	467-510
M4	rep2	TriComm PVI no drug	PVI no drug	PVI	0	162.0	4824	523-620
M4	rep2	TriComm PVI no drug	PVI no drug	PVI	0	162.0	2156	467-510
M4	rep2	TriComm PVI no drug	PVI no drug	PVI	0	186.0	5448	523-620
M4	rep2	TriComm PVI no drug	PVI no drug	PVI	0	186.0	2667	467-510
M4	rep2	TriComm PVI no drug	PVI no drug	PVI	0	210.0	4040	523-620
M4	rep2	TriComm PVI no drug	PVI no drug	PVI	0	210.0	3373	467-510
M4	rep2	TriComm PVI no drug	PVI no drug	PVI	0	234.0	5228	523-620
M4	rep2	TriComm PVI no drug	PVI no drug	PVI	0	234.0	2384	467-510
M4	rep2	TriComm PVI no drug	PVI no drug	PVI	0	258.0	5324	523-620
M4	rep2	TriComm PVI no drug	PVI no drug	PVI	0	258.0	2296	467-510
M4	rep2	TriComm PVI no drug	PVI no drug	PVI	0	282.0	3834	523-620
M4	rep2	TriComm PVI no drug	PVI no drug	PVI	0	282.0	2097	467-510
M4	rep2	TriComm PVI no drug	PVI no drug	PVI	0	306.0	3841	523-620
M4	rep2	TriComm PVI no drug	PVI no drug	PVI	0	306.0	1831	467-510
M5	rep2	TriComm PVI 16x MIC	PVI 16x MIC	PVI	16	2.0	915	523-620
M5	rep2	TriComm PVI 16x MIC	PVI 16x MIC	PVI	16	2.0	634	467-510
M5	rep2	TriComm PVI 16x MIC	PVI 16x MIC	PVI	16	20.0	4155	523-620
M5	rep2	TriComm PVI 16x MIC	PVI 16x MIC	PVI	16	20.0	1906	467-510
M5	rep2	TriComm PVI 16x MIC	PVI 16x MIC	PVI	16	44.0	6914	523-620
M5	rep2	TriComm PVI 16x MIC	PVI 16x MIC	PVI	16	44.0	3851	467-510
M5	rep2	TriComm PVI 16x MIC	PVI 16x MIC	PVI	16	68.0	4898	523-620
M5	rep2	TriComm PVI 16x MIC	PVI 16x MIC	PVI	16	68.0	3572	467-510
M5	rep2	TriComm PVI 16x MIC	PVI 16x MIC	PVI	16	92.0	18412	523-620
M5	rep2	TriComm PVI 16x MIC	PVI 16x MIC	PVI	16	92.0	2215	467-510
M5	rep2	TriComm PVI 16x MIC	PVI 16x MIC	PVI	16	116.0	13276	523-620
M5	rep2	TriComm PVI 16x MIC	PVI 16x MIC	PVI	16	116.0	2559	467-510
M5	rep2	TriComm PVI 16x MIC	PVI 16x MIC	PVI	16	140.0	7821	523-620
M5	rep2	TriComm PVI 16x MIC	PVI 16x MIC	PVI	16	140.0	2139	467-510
M5	rep2	TriComm PVI 16x MIC	PVI 16x MIC	PVI	16	162.0	4865	523-620
M5	rep2	TriComm PVI 16x MIC	PVI 16x MIC	PVI	16	162.0	1613	467-510
M5	rep2	TriComm PVI 16x MIC	PVI 16x MIC	PVI	16	186.0	3926	523-620
M5	rep2	TriComm PVI 16x MIC	PVI 16x MIC	PVI	16	186.0	1516	467-510
M5	rep2	TriComm PVI 16x MIC	PVI 16x MIC	PVI	16	210.0	3762	523-620
M5	rep2	TriComm PVI 16x MIC	PVI 16x MIC	PVI	16	210.0	3129	467-510
M5	rep2	TriComm PVI 16x MIC	PVI 16x MIC	PVI	16	234.0	4171	523-620
M5	rep2	TriComm PVI 16x MIC	PVI 16x MIC	PVI	16	234.0	1897	467-510
M5	rep2	TriComm PVI 16x MIC	PVI 16x MIC	PVI	16	258.0	11553	523-620
M5	rep2	TriComm PVI 16x MIC	PVI 16x MIC	PVI	16	258.0	1865	467-510
M5	rep2	TriComm PVI 16x MIC	PVI 16x MIC	PVI	16	282.0	7576	523-620
M5	rep2	TriComm PVI 16x MIC	PVI 16x MIC	PVI	16	282.0	1574	467-510
M5	rep2	TriComm PVI 16x MIC	PVI 16x MIC	PVI	16	306.0	4774	523-620
M5	rep2	TriComm PVI 16x MIC	PVI 16x MIC	PVI	16	306.0	1345	467-510
M6	rep2	TriComm PVB no drug	PVB no drug	PVB	0	2.0	744	523-620
M6	rep2	TriComm PVB no drug	PVB no drug	PVB	0	2.0	641	467-510
M6	rep2	TriComm PVB no drug	PVB no drug	PVB	0	20.0	3198	523-620
M6	rep2	TriComm PVB no drug	PVB no drug	PVB	0	20.0	1202	467-510
M6	rep2	TriComm PVB no drug	PVB no drug	PVB	0	44.0	5888	523-620
M6	rep2	TriComm PVB no drug	PVB no drug	PVB	0	44.0	2315	467-510
M6	rep2	TriComm PVB no drug	PVB no drug	PVB	0	68.0	6332	523-620
M6	rep2	TriComm PVB no drug	PVB no drug	PVB	0	68.0	5034	467-510
M6	rep2	TriComm PVB no drug	PVB no drug	PVB	0	92.0	5614	523-620
M6	rep2	TriComm PVB no drug	PVB no drug	PVB	0	92.0	4517	467-510
M6	rep2	TriComm PVB no drug	PVB no drug	PVB	0	116.0	10958	523-620
M6	rep2	TriComm PVB no drug	PVB no drug	PVB	0	116.0	3219	467-510
M6	rep2	TriComm PVB no drug	PVB no drug	PVB	0	140.0	6134	523-620
M6	rep2	TriComm PVB no drug	PVB no drug	PVB	0	140.0	2284	467-510
M6	rep2	TriComm PVB no drug	PVB no drug	PVB	0	162.0	4939	523-620
M6	rep2	TriComm PVB no drug	PVB no drug	PVB	0	162.0	2059	467-510
M6	rep2	TriComm PVB no drug	PVB no drug	PVB	0	186.0	3435	523-620
M6	rep2	TriComm PVB no drug	PVB no drug	PVB	0	186.0	1743	467-510
M6	rep2	TriComm PVB no drug	PVB no drug	PVB	0	210.0	5819	523-620
M6	rep2	TriComm PVB no drug	PVB no drug	PVB	0	210.0	3012	467-510
M6	rep2	TriComm PVB no drug	PVB no drug	PVB	0	234.0	1929	523-620
M6	rep2	TriComm PVB no drug	PVB no drug	PVB	0	234.0	3322	467-510
M6	rep2	TriComm PVB no drug	PVB no drug	PVB	0	258.0	10357	523-620
M6	rep2	TriComm PVB no drug	PVB no drug	PVB	0	258.0	1675	467-510
M6	rep2	TriComm PVB no drug	PVB no drug	PVB	0	282.0	16424	523-620
M6	rep2	TriComm PVB no drug	PVB no drug	PVB	0	282.0	813	467-510
M6	rep2	TriComm PVB no drug	PVB no drug	PVB	0	306.0	9047	523-620
M6	rep2	TriComm PVB no drug	PVB no drug	PVB	0	306.0	1225	467-510
M7	rep2	TriComm PVB 16x MIC	PVB 16x MIC	PVB	16	2.0	799	523-620
M7	rep2	TriComm PVB 16x MIC	PVB 16x MIC	PVB	16	2.0	658	467-510
M7	rep2	TriComm PVB 16x MIC	PVB 16x MIC	PVB	16	20.0	2405	523-620
M7	rep2	TriComm PVB 16x MIC	PVB 16x MIC	PVB	16	20.0	1418	467-510
M7	rep2	TriComm PVB 16x MIC	PVB 16x MIC	PVB	16	44.0	4737	523-620
M7	rep2	TriComm PVB 16x MIC	PVB 16x MIC	PVB	16	44.0	2308	467-510
M7	rep2	TriComm PVB 16x MIC	PVB 16x MIC	PVB	16	68.0	5007	523-620
M7	rep2	TriComm PVB 16x MIC	PVB 16x MIC	PVB	16	68.0	5111	467-510
M7	rep2	TriComm PVB 16x MIC	PVB 16x MIC	PVB	16	92.0	8371	523-620
M7	rep2	TriComm PVB 16x MIC	PVB 16x MIC	PVB	16	92.0	2917	467-510
M7	rep2	TriComm PVB 16x MIC	PVB 16x MIC	PVB	16	116.0	14435	523-620
M7	rep2	TriComm PVB 16x MIC	PVB 16x MIC	PVB	16	116.0	2417	467-510
M7	rep2	TriComm PVB 16x MIC	PVB 16x MIC	PVB	16	140.0	10591	523-620
M7	rep2	TriComm PVB 16x MIC	PVB 16x MIC	PVB	16	140.0	2581	467-510
M7	rep2	TriComm PVB 16x MIC	PVB 16x MIC	PVB	16	162.0	7970	523-620
M7	rep2	TriComm PVB 16x MIC	PVB 16x MIC	PVB	16	162.0	1899	467-510
M7	rep2	TriComm PVB 16x MIC	PVB 16x MIC	PVB	16	186.0	5965	523-620
M7	rep2	TriComm PVB 16x MIC	PVB 16x MIC	PVB	16	186.0	1918	467-510
M7	rep2	TriComm PVB 16x MIC	PVB 16x MIC	PVB	16	210.0	3805	523-620
M7	rep2	TriComm PVB 16x MIC	PVB 16x MIC	PVB	16	210.0	1480	467-510
M7	rep2	TriComm PVB 16x MIC	PVB 16x MIC	PVB	16	234.0	2382	523-620
M7	rep2	TriComm PVB 16x MIC	PVB 16x MIC	PVB	16	234.0	1072	467-510
M7	rep2	TriComm PVB 16x MIC	PVB 16x MIC	PVB	16	258.0	1705	523-620
M7	rep2	TriComm PVB 16x MIC	PVB 16x MIC	PVB	16	258.0	855	467-510
M7	rep2	TriComm PVB 16x MIC	PVB 16x MIC	PVB	16	282.0	1004	523-620
M7	rep2	TriComm PVB 16x MIC	PVB 16x MIC	PVB	16	282.0	541	467-510
M7	rep2	TriComm PVB 16x MIC	PVB 16x MIC	PVB	16	306.0	516	523-620
M7	rep2	TriComm PVB 16x MIC	PVB 16x MIC	PVB	16	306.0	290	467-510
