time	As	Ar	Bs	Br	Cs	Cr	P	L	M	Ab	A_tot	B_tot	C_tot	A_CFUmL	B_CFUmL	C_CFUmL
1	0	10	10	0	10	0	0	0	0	0.01	10	10	10	100000000	100000000	100000000
3	0	8.711891189	8.39269262	0.1400436131	8.337729171	0.1390576486	14.15153646	1.00618118	2.115412934	0.009651629191	8.711891189	8.532736233	8.476786819	87118911.89	85327362.33	84767868.19
5	0	7.606292423	7.417314152	0.2415568045	7.104055203	0.2306051764	25.95105051	1.719924189	3.5138774	0.009359596002	7.606292423	7.658870956	7.334660379	76062924.23	76588709.56	73346603.79
7	0	6.657244715	6.993471182	0.3352250908	6.22753993	0.2959296871	35.5921969	2.194666723	4.233043349	0.00911478966	6.657244715	7.328696273	6.523469618	66572447.15	73286962.73	65234696.18
9	0	5.836474047	6.953254574	0.4384651863	5.614304	0.3484591218	43.39212107	2.520720118	4.421232043	0.008909572762	5.836474047	7.39171976	5.962763122	58364740.47	73917197.6	59627631.22
11	0	5.120931964	7.134765543	0.5572887053	5.191439145	0.3961836515	49.65877896	2.76730257	4.239779772	0.008737543008	5.120931964	7.692054248	5.587622797	51209319.64	76920542.48	55876227.97
13	0	4.493447659	7.395435783	0.6889074518	4.910058143	0.4441939312	54.67291142	2.972306238	3.848940666	0.008593333457	4.493447659	8.084343234	5.354252074	44934476.59	80843432.34	53542520.74
15	0	3.94139643	7.625129804	0.8251033143	4.737917857	0.4960671853	58.67881861	3.147507124	3.392954574	0.008472445099	3.94139643	8.450233119	5.233985042	39413964.3	84502331.19	52339850.42
17	0	3.455231674	7.762130416	0.957012603	4.651825029	0.5543832782	61.86810683	3.288697136	2.976635051	0.008371106492	3.455231674	8.719143019	5.206208307	34552316.74	87191430.19	52062083.07
19	0	3.027318751	7.794219144	1.079168755	4.632305684	0.6207868476	64.37423897	3.386607155	2.653905854	0.008286156101	3.027318751	8.873387898	5.253092532	30273187.51	88733878.98	52530925.32
21	0	2.651152055	7.742274865	1.190751652	4.660797266	0.695902975	66.28509521	3.435294069	2.436306053	0.008214943665	2.651152055	8.933026517	5.356700241	26511520.55	89330265.17	53567002.41
23	0	2.320927844	7.639249244	1.294426024	4.718959468	0.7793070471	67.66294183	3.436156573	2.310998646	0.00815524752	2.320927844	8.933675268	5.498266515	23209278.44	89336752.68	54982665.15
25	0	2.031369535	7.515512216	1.394431986	4.789442208	0.8696603491	68.5599058	3.397872165	2.256184963	0.008105205279	2.031369535	8.909944202	5.659102557	20313695.35	89099442.02	56591025.57
27	0	1.777682247	7.392607849	1.495074628	4.857321999	0.965030653	69.02538937	3.333812839	2.249891027	0.00806325574	1.777682247	8.887682477	5.822352652	17776822.47	88876824.77	58223526.52
29	0	1.555547073	7.28256896	1.599884708	4.911420375	1.063324385	69.10768092	3.258675793	2.273644438	0.008028090171	1.555547073	8.882453668	5.97474476	15555470.73	88824536.68	59747447.6
31	0	1.361111779	7.189692857	1.711297731	4.944932935	1.162701274	68.85305237	3.185632162	2.313504516	0.007998611486	1.361111779	8.900990588	6.107634209	13611117.79	89009905.88	61076342.09
33	0	1.190966444	7.112947939	1.830643786	4.955189697	1.261854979	68.30448896	3.124642328	2.359978391	0.007973900017	1.190966444	8.943591725	6.217044676	11909664.44	89435917.25	62170446.76
35	0	1.042107143	7.048213255	1.958303436	4.942747122	1.36011033	67.50090013	3.081976041	2.407467956	0.007953184823	1.042107143	9.006516691	6.302857452	10421071.43	90065166.91	63028574.52
37	0	0.9118942984	6.99007378	2.093942153	4.910198311	1.457361381	66.47688811	3.060599137	2.453483857	0.007935819637	0.9118942984	9.084015932	6.367559693	9118942.984	90840159.32	63675596.93
39	0	0.7980110655	6.933104117	2.2367657	4.861055854	1.553915553	65.2628824	3.060989188	2.497763326	0.007921262703	0.7980110655	9.169869817	6.414971407	7980110.655	91698698.17	64149714.07
41	0	0.698424756	6.872660831	2.385754311	4.798911935	1.650311112	63.88545463	3.082029959	2.541421501	0.007909059879	0.698424756	9.258415143	6.449223047	6984247.56	92584151.43	64492230.47
43	0	0.6113523852	6.805255368	2.539846885	4.726925997	1.747154367	62.36770966	3.12178274	2.586244431	0.007898830463	0.6113523852	9.345102253	6.474080364	6113523.852	93451022.53	64740803.64
45	0	0.5352303709	6.728611442	2.698061606	4.647592647	1.844997821	60.72970879	3.178058988	2.634181133	0.007890255322	0.5352303709	9.426673048	6.492590468	5352303.709	94266730.48	64925904.68
47	0	0.4686879772	6.641521843	2.859553872	4.562705242	1.94426206	58.98890283	3.24879502	2.68703695	0.00788306693	0.4686879772	9.501075716	6.506967302	4686879.772	95010757.16	65069673.02
49	0	0.4105240069	6.543608399	3.023622871	4.473432786	2.04519428	57.16055644	3.332264221	2.746332036	0.007877041027	0.4105240069	9.56723127	6.518627065	4105240.069	95672312.7	65186270.65
51	0	0.3596862922	6.435063022	3.189682763	4.38044713	2.147853167	55.25814534	3.42717101	2.813273637	0.007871989616	0.3596862922	9.624745785	6.528300297	3596862.922	96247457.85	65283002.97
53	0	0.3152536196	6.3164179	3.357214123	4.284059734	2.252110405	53.29371293	3.532666494	2.888794168	0.007867755108	0.3152536196	9.673632023	6.53617014	3152536.196	96736320.23	65361701.4
55	0	0.2764197759	6.188366823	3.525708328	4.184345399	2.35766101	51.2781793	3.648317916	2.973618214	0.007864205393	0.2764197759	9.714075151	6.542006409	2764197.759	97140751.51	65420064.09
57	0	0.2424794756	6.051641833	3.694613394	4.081243197	2.46403719	49.22160214	3.774054389	3.068335182	0.007861229728	0.2424794756	9.746255227	6.545280386	2424794.756	97462552.27	65452803.86
59	0	0.2128159487	5.906938827	3.863286292	3.974632637	2.570622332	47.13339369	3.910104332	3.173464523	0.00785873528	0.2128159487	9.770225119	6.545254969	2128159.487	97702251.19	65452549.69
61	0	0.1868899997	5.754881323	4.030954006	3.864387506	2.676663488	45.02249962	4.056933467	3.289508082	0.007856644228	0.1868899997	9.785835329	6.541050994	1868899.997	97858353.29	65410509.94
63	0	0.1642303789	5.59601156	4.196684064	3.750411391	2.78128185	42.89754561	4.215187979	3.416988013	0.007854891335	0.1642303789	9.792695624	6.531693241	1642303.789	97926956.24	65316932.41
65	0	0.144425309	5.430799049	4.359364365	3.632659608	2.883481647	40.76695662	4.385644255	3.55647099	0.007853421915	0.144425309	9.790163414	6.516141255	1444253.09	97901634.14	65161412.55
67	0	0.1271150486	5.259659323	4.517692099	3.511151517	2.982158471	38.63905125	4.569164753	3.708579841	0.007852190126	0.1271150486	9.777351422	6.493309988	1271150.486	97773514.22	64933099.88
69	0	0.1119853599	5.082977261	4.670171492	3.385976876	3.076108481	36.52211288	4.766658213	3.873994137	0.007851157539	0.1119853599	9.753148752	6.462085357	1119853.599	97531487.52	64620853.57
71	0	0.09876178028	4.901131623	4.815120612	3.257298705	3.164040152	34.4244368	4.979042005	4.053440657	0.007850291939	0.09876178028	9.716252235	6.421338857	987617.8028	97162522.35	64213388.57
73	0	0.08720460462	4.714518537	4.950687866	3.125354445	3.244590346	32.35435159	5.20720425	4.247674431	0.007849566321	0.08720460462	9.665206404	6.369944791	872046.0462	96652064.04	63699447.91
75	0	0.07710448865	4.523572756	5.074879059	2.990456444	3.316346368	30.32021215	5.451963644	4.457450675	0.007848958049	0.07710448865	9.598451815	6.306802811	771044.8865	95984518.15	63068028.11
77	0	0.06827860087	4.328785919	5.185596123	2.852992148	3.377875445	28.33036155	5.71402548	4.683487936	0.007848448144	0.06827860087	9.514382042	6.230867594	682786.0087	95143820.42	62308675.94
79	0	0.06056725571	4.130721439	5.280688492	2.713423907	3.427762557	26.39305932	5.993933185	4.926422755	0.0078480207	0.06056725571	9.411409931	6.141186464	605672.5571	94114099.31	61411864.64
81	0	0.0538309686	3.930025575	5.358017546	2.572287888	3.464656775	24.51637527	6.292015807	5.186756757	0.007847662381	0.0538309686	9.288043121	6.036944663	538309.686	92880431.21	60369446.63
83	0	0.04794788042	3.727434239	5.415533612	2.430191375	3.487325262	22.70805008	6.608333167	5.464797808	0.007847362009	0.04794788042	9.142967851	5.917516637	479478.8042	91429678.51	59175166.37
85	0	0.04281150754	3.523774906	5.451363652	2.287807557	3.49471283	20.97532715	6.942621782	5.760597983	0.007847110212	0.04281150754	8.975138558	5.782520387	428115.0754	89751385.58	57825203.87
87	0	0.03832877663	3.319962956	5.463905896	2.145866982	3.486003554	19.32476402	7.294246017	6.07389243	0.007846899134	0.03832877663	8.783868852	5.631870536	383287.7663	87838688.52	56318705.36
89	0	0.03441830985	3.116991846	5.451925773	2.005145059	3.460679681	17.76203561	7.662159891	6.404044367	0.007846722192	0.03441830985	8.568917619	5.465824741	344183.0985	85689176.19	54658247.41
91	0	0.03100893078	2.915916702	5.414645697	1.866445317	3.418572124	16.29174512	8.044885424	6.750002497	0.007846573864	0.03100893078	8.330562399	5.285017441	310089.3078	83305623.99	52850174.41
93	0	0.02803836451	2.717831457	5.351820045	1.730578722	3.359896543	14.91726023	8.440512915	7.110277253	0.007846449524	0.02803836451	8.069651503	5.090475264	280383.6451	80696515.03	50904752.64
95	0	0.02545210851	2.523840287	5.263786631	1.598339939	3.285269691	13.6405925	8.846726986	7.482941538	0.007846345291	0.02545210851	7.787626918	4.88360963	254521.0851	77876269.18	48836096.3
97	0	0.0232024535	2.335024846	5.151487182	1.470481999	3.195702306	12.46233464	9.260859789	7.865659745	0.007846257915	0.0232024535	7.486512028	4.666184304	232024.535	74865120.28	46661843.04
99	0	0.02124763572	2.152409559	5.016452012	1.34769129	3.092567212	11.38166537	9.679969647	8.255745942	0.007846184669	0.02124763572	7.168861571	4.440258502	212476.3572	71688615.71	44402585.02
101	0	0.01955110323	1.976927649	4.860747998	1.23056497	2.977544373	10.39642392	10.10094007	8.650248557	0.007846123268	0.01955110323	6.837675647	4.208109343	195511.0323	68376756.47	42081093.43
103	0	0.01808088025	1.809390778	4.686893315	1.11959274	2.852547409	9.503248455	10.52059138	9.04605539	0.007846071797	0.01808088025	6.496284093	3.972140149	180808.8025	64962840.93	39721401.49
105	0	0.01680901564	1.650464847	4.497746236	1.015144486	2.719638258	8.697765655	10.93579552	9.440010183	0.007846028649	0.01680901564	6.148211084	3.734782745	168090.1564	61482110.84	37347827.45
107	0	0.01571110229	1.500653865	4.29637837	0.9174646078	2.580937877	7.974813675	11.34358458	9.829030466	0.00784599248	0.01571110229	5.797032234	3.498402484	157111.0229	57970322.34	34984024.84
109	0	0.0147658563	1.360292742	4.085943857	0.8266730444	2.438540718	7.328678636	11.7412445	10.21021669	0.007845962159	0.0147658563	5.446236599	3.265213762	147658.563	54462365.99	32652137.62
111	0	0.01395474656	1.229549026	3.869555422	0.7427723724	2.29443947	6.753326006	12.12638801	10.58094427	0.007845936742	0.01395474656	5.099104448	3.037211843	139547.4656	50991044.48	30372118.43
113	0	0.0132616669	1.108432514	3.650176275	0.6656597308	2.150464623	6.242611384	12.49700364	10.93893298	0.007845915435	0.0132616669	4.758608789	2.816124354	132616.669	47586087.89	28161243.54
115	0	0.01267264456	0.9968111252	3.430533813	0.5951420787	2.008241124	5.790460109	12.85148045	11.28229103	0.007845897574	0.01267264456	4.427344938	2.603383203	126726.4456	44273449.38	26033832.03
117	0	0.01217558034	0.8944310397	3.213057933	0.53095323	1.869162308	5.391010133	13.18861058	11.60953437	0.007845882601	0.01217558034	4.107488973	2.400115538	121755.8034	41074889.73	24001155.38
119	0	0.01176001675	0.8009391071	2.999843902	0.4727712554	1.734379629	5.0387171	13.50757316	11.91958377	0.00784587005	0.01176001675	3.800783009	2.207150884	117600.1675	38007830.09	22071508.84
121	0	0.01141693127	0.7159057123	2.792637424	0.420235112	1.604805579	4.728424143	13.80790432	12.21174396	0.007845859528	0.01141693127	3.508543137	2.025040691	114169.3127	35085431.37	20250406.91
123	0	0.0111385524	0.6388466643	2.592838225	0.3729596996	1.481126717	4.455401122	14.08945775	12.48566957	0.007845850708	0.0111385524	3.231684889	1.854086417	111385.524	32316848.89	18540864.17
125	0	0.01091819665	0.5692430827	2.401517842	0.3305488534	1.363823706	4.21535897	14.35236021	12.74132272	0.007845843315	0.01091819665	2.970760925	1.694372559	109181.9665	29707609.25	16943725.59
127	0	0.01075012466	0.506558676	2.219447284	0.2926060774	1.253195483	4.004445151	14.59696535	12.97892636	0.007845837117	0.01075012466	2.72600596	1.545801561	107501.2466	27260059.6	15458015.61
129	0	0.01062941476	0.4502541292	2.047130629	0.258743022	1.149385248	3.81922572	14.82380881	13.19891704	0.007845831921	0.01062941476	2.497384758	1.40812827	106294.1476	24973847.58	14081282.7
131	0	0.01055185243	0.3997986042	1.88484138	0.2285858622	1.052406432	3.656658595	15.03356626	13.40189952	0.007845827566	0.01055185243	2.284639984	1.280992295	105518.5243	22846399.84	12809922.95
133	0	0.01051383401	0.3546785353	1.732659017	0.2017798229	0.9621673866	3.514061853	15.22701579	13.58860502	0.007845823915	0.01051383401	2.087337552	1.163947209	105138.3401	20873375.52	11639472.09
135	0	0.01051228331	0.3144040191	1.590503978	0.1779921366	0.8784939519	3.389079878	15.40500504	13.75985414	0.007845820854	0.01051228331	1.904907997	1.056486089	105122.8331	19049079.97	10564860.89
137	0	0.01054457953	0.2785131397	1.458169904	0.1569137187	0.8011494764	3.279649393	15.56842335	13.91652493	0.007845818288	0.01054457953	1.736683044	0.9580631952	105445.7953	17366830.44	9580631.952
139	0	0.01060849523	0.2465745901	1.335352455	0.1382598328	0.7298520997	3.183966762	15.71817872	14.05952612	0.007845816137	0.01060849523	1.581927045	0.8681119326	106084.9523	15819270.45	8681119.326
141	0	0.01070214308	0.2181889336	1.221674446	0.121769989	0.6642893433	3.100457416	15.85517924	14.18977523	0.007845814335	0.01070214308	1.439863379	0.7860593322	107021.4308	14398633.79	7860593.322
143	0	0.01082393025	0.1929888092	1.11670728	0.1072072802	0.6041301647	3.027747851	15.98031848	14.30818124	0.007845812823	0.01082393025	1.309696089	0.7113374449	108239.3025	13096960.89	7113374.449
145	0	0.0109725194	0.1706383471	1.019988864	0.09435732639	0.5490347076	2.964640399	16.09446442	14.41563117	0.007845811556	0.0109725194	1.190627211	0.6433920339	109725.194	11906272.11	6433920.339
147	0	0.0111467954	0.1508320167	0.9310382946	0.08302696309	0.4986620223	2.910090768	16.19845123	14.51298009	0.007845810494	0.0111467954	1.081870311	0.5816889854	111467.954	10818703.11	5816889.854
149	0	0.01134583689	0.1332930893	0.8493676729	0.07304278113	0.4526760376	2.863188221	16.29307359	14.60104402	0.007845809604	0.01134583689	0.9826607622	0.5257188187	113458.3689	9826607.622	5257188.187
151	0	0.0115688921	0.1177718569	0.7744914173	0.06424959765	0.410750058	2.823138197	16.37908304	14.68059522	0.007845808857	0.0115688921	0.8922632741	0.4749996557	115688.921	8922632.741	4749996.557
153	0	0.01181535812	0.1040437173	0.7059334136	0.05650891761	0.3725700183	2.789247191	16.45718585	14.75235935	0.007845808232	0.01181535812	0.8099771309	0.4290789359	118153.5812	8099771.309	4290789.359
155	0	0.01208476336	0.09190721284	0.6432323751	0.04969742948	0.3378367414	2.760909602	16.52804227	14.81701418	0.007845807707	0.01208476336	0.735139588	0.3875341709	120847.6336	7351395.88	3875341.709
157	0	0.01237675247	0.0811820815	0.5859457074	0.0437055635	0.306267385	2.737596348	16.59226674	14.87518954	0.007845807268	0.01237675247	0.6671277889	0.3499729485	123767.5247	6671277.889	3499729.485
159	0	0.01269107354	0.07170736518	0.5336521475	0.03843613141	0.2775962432	2.718845028	16.65042879	14.92746805	0.007845806899	0.01269107354	0.6053595127	0.3160323747	126910.7354	6053595.127	3160323.747
161	0	0.0130275671	0.063339605	0.4859534235	0.03380305884	0.2515750488	2.704251421	16.70305456	14.97438661	0.00784580659	0.0130275671	0.5492930285	0.2853781076	130275.671	5492930.285	2853781.076
163	0	0.01338615677	0.05595114212	0.4424751307	0.02973021511	0.2279728901	2.693462147	16.75062864	15.01643831	0.007845806331	0.01338615677	0.4984262728	0.2577031052	133861.5677	4984262.728	2577031.052
165	0	0.01376684114	0.04942853528	0.402866999	0.02615034203	0.2065758424	2.686168337	16.79359625	15.05407468	0.007845806114	0.01376684114	0.4522955343	0.2327261844	137668.4114	4522955.343	2327261.844
167	0	0.01416968694	0.04367109962	0.3668026928	0.02300407916	0.1871863905	2.682100164	16.83236542	15.08770809	0.007845805932	0.01416968694	0.4104737924	0.2101904696	141696.8694	4104737.924	2101904.696
169	0	0.01459482301	0.03858956674	0.3339792595	0.02023908192	0.1696227056	2.68102211	16.86730945	15.11771432	0.007845805779	0.01459482301	0.3725688262	0.1898617875	145948.2301	3725688.262	1898617.875
171	0	0.01504243521	0.03410486338	0.3041163232	0.0178092272	0.1537178278	2.682728877	16.89876917	15.14443506	0.007845805652	0.01504243521	0.3382211866	0.171527055	150424.3521	3382211.866	1715270.55
173	0	0.01551276191	0.0301470036	0.2769550996	0.01567390043	0.1393187918	2.68704185	16.92705534	15.16818048	0.007845805544	0.01551276191	0.3071021032	0.1549926923	155127.6191	3071021.032	1549926.923
175	0	0.01600609016	0.02665408795	0.2522572933	0.01379735794	0.1262857271	2.693806014	16.95245085	15.18923164	0.007845805455	0.01600609016	0.2789113812	0.140083085	160060.9016	2789113.812	1400830.85
177	0	0.0165227523	0.02357140265	0.2298039253	0.01214815821	0.1144909552	2.702887292	16.97521294	15.20784284	0.007845805379	0.0165227523	0.253375328	0.1266391134	165227.523	2533753.28	1266391.134
179	0	0.01706312295	0.02085061112	0.2093941297	0.01069865562	0.1038181023	2.71417022	16.99557522	15.22424388	0.007845805316	0.01706312295	0.2302447408	0.1145167579	170631.2295	2302447.408	1145167.579
181	0	0.01762761646	0.01844903024	0.1908439457	0.009424550939	0.09416123703	2.727555926	17.01374963	15.23864212	0.007845805263	0.01762761646	0.209292976	0.103585788	176276.1646	2092929.76	1035857.88
183	0	0.01821668449	0.01632898409	0.1739851296	0.008304492812	0.08542404582	2.742960361	17.02992827	15.2512245	0.007845805219	0.01821668449	0.1903141136	0.09372853863	182166.8449	1903141.136	937285.3863
185	0	0.01883081398	0.01445722774	0.1586639991	0.007319724938	0.07751904822	2.760312762	17.04428509	15.26215932	0.007845805182	0.01883081398	0.1731212268	0.08483877315	188308.1398	1731212.268	848387.7315
187	0	0.01947052521	0.01280443454	0.1447403246	0.006453774202	0.07036685799	2.779554298	17.05697747	15.27159795	0.00784580515	0.01947052521	0.1575447592	0.07682063219	194705.2521	1575447.592	768206.3219
189	0	0.02013637014	0.01134474054	0.1320862726	0.005692175282	0.06389549067	2.800636888	17.06814769	15.27967642	0.007845805124	0.02013637014	0.1434310132	0.06958766595	201363.7014	1434310.132	695876.6595
191	0	0.02082893071	0.01005534011	0.1205854066	0.005022227704	0.05803971838	2.823522164	17.07792427	15.2865168	0.007845805102	0.02082893071	0.1306407467	0.06306194608	208289.3071	1306407.467	630619.4608
193	0	0.02154881742	0.008916127592	0.1101317488	0.00443278173	0.05274047115	2.848180557	17.08642319	15.29222856	0.007845805084	0.02154881742	0.1190478764	0.05717325288	215488.1742	1190478.764	571732.5288
195	0	0.02229666788	0.007909379797	0.1006289024	0.003914049775	0.04794428372	2.874590491	17.09374907	15.29690975	0.007845805068	0.02229666788	0.1085382822	0.0518583335	222966.6788	1085382.822	518583.335
197	0	0.02307314544	0.007019475202	0.0919892346	0.003457440448	0.04360278582	2.902737684	17.09999616	15.3006481	0.007845805056	0.02307314544	0.09900870981	0.04706022626	230731.4544	990087.0981	470602.2626
199	0	0.02387893785	0.00623264559	0.08413311875	0.003055412558	0.03967223389	2.932614513	17.10524932	15.30352202	0.007845805045	0.02387893785	0.09036576434	0.04272764645	238789.3785	903657.6434	427276.4645
201	0	0.02471475597	0.00553675664	0.07698823359	0.002701346773	0.03611308202	2.964219469	17.10958489	15.30560149	0.007845805036	0.02471475597	0.08252499023	0.03881442879	247147.5597	825249.9023	388144.2879
203	0	0.02558133242	0.004921114163	0.07048891704	0.002389432833	0.0328895894	2.997556667	17.11307144	15.30694888	0.007845805028	0.02558133242	0.0754100312	0.03527902223	255813.3242	754100.312	352790.2223
205	0	0.02647942028	0.004376293079	0.06457557176	0.002114570471	0.02996946215	3.032635412	17.11577054	15.30761973	0.007845805022	0.02647942028	0.06895186484	0.03208403262	264794.2028	689518.6484	320840.3262
207	0	0.02740979168	0.003893986538	0.05919411937	0.001872282412	0.02732352678	3.069469818	17.11773738	15.30766335	0.007845805016	0.02740979168	0.0630881059	0.02919580919	274097.9168	630881.059	291958.0919
209	0	0.02837323646	0.003466872865	0.05429550034	0.001658637992	0.02492543307	3.108078467	17.11902135	15.3071235	0.007845805012	0.02837323646	0.0577623732	0.02658407106	283732.3646	577623.732	265840.7106
211	0	0.02937056065	0.003088498248	0.04983521641	0.001470186117	0.02275138397	3.148484103	17.11966663	15.3060389	0.007845805008	0.02937056065	0.05292371466	0.02422157008	293705.6065	529237.1466	242215.7008
213	0	0.03040258496	0.002753173359	0.04577291253	0.001303896438	0.02077989038	3.190713364	17.11971262	15.30444373	0.007845805005	0.03040258496	0.04852608589	0.02208378682	304025.8496	485260.8589	220837.8682
215	0	0.0314701432	0.002455882256	0.04207199531	0.001157107738	0.01899154872	3.234796539	17.11919442	15.30236806	0.007845805002	0.0314701432	0.04452787757	0.02014865646	314701.432	445278.7757	201486.5646
217	0	0.03257408052	0.002192202128	0.03869928534	0.001027482652	0.01736883934	3.280767352	17.11814322	15.2998383	0.007845805	0.03257408052	0.04089148747	0.01839632199	325740.8052	408914.8747	183963.2199
219	0	0.03371525165	0.001958232614	0.03562470042	0.0009129679591	0.01589594394	3.328662768	17.11658665	15.2968775	0.007845804998	0.03371525165	0.03758293303	0.0168089119	337152.5165	375829.3303	168089.119
221	0	0.03489451898	0.001750533556	0.03282096745	0.0008117597472	0.01455858035	3.378522812	17.11454914	15.29350572	0.007845804997	0.03489451898	0.034571501	0.0153703401	348945.1898	345715.01	153703.401
223	0	0.03611275053	0.001566070178	0.03026336044	0.0007222728654	0.01334385309	3.430390417	17.11205218	15.28974032	0.007845804995	0.03611275053	0.03182943061	0.01406612596	361127.5053	318294.3061	140661.2596
225	0	0.03737081776	0.001402164825	0.02792946246	0.0006431141361	0.01224011826	3.484311273	17.10911461	15.28559621	0.007845804994	0.03737081776	0.02933162728	0.0128832324	373708.1776	293316.2728	128832.324
227	0	0.03866959331	0.001256454473	0.02579894948	0.0005730588617	0.01123686147	3.540333693	17.10575288	15.28108608	0.007845804993	0.03866959331	0.02705540395	0.01180992033	386695.9331	270554.0395	118099.2033
229	0	0.04000994848	0.001126853314	0.02385339419	0.0005110302225	0.01032458754	3.598508495	17.10198123	15.27622065	0.007845804993	0.04000994848	0.02498024751	0.01083561777	400099.4848	249802.4751	108356.1777
231	0	0.04139275069	0.001011519818	0.02207608806	0.0004560812099	0.009494721011	3.658888882	17.09781193	15.27100884	0.007845804992	0.04139275069	0.02308760787	0.009950802221	413927.5069	230876.0787	99508.02221
233	0	0.04281886064	0.0009088277485	0.0204518799	0.0004073787846	0.008739516186	3.721530334	17.09325546	15.26545792	0.007845804991	0.04281886064	0.02136070765	0.00914689497	428188.6064	213607.0765	91468.9497
235	0	0.04428912939	0.0008173406192	0.01896702964	0.0003641899754	0.00805197607	3.786490509	17.08832065	15.25957374	0.007845804991	0.04428912939	0.01978437026	0.008416166045	442891.2939	197843.7026	84161.66045
237	0	0.04580439525	0.0007357892157	0.01760907568	0.0003258696887	0.007425779155	3.853829143	17.08301484	15.25336079	0.007845804991	0.04580439525	0.01834486489	0.007751648844	458043.9525	183448.6489	77516.48844
239	0	0.0473654804	0.0006630518255	0.01636671487	0.0002918500291	0.006855213467	3.923607952	17.07734404	15.2468224	0.00784580499	0.0473654804	0.0170297667	0.007147063496	473654.804	170297.667	71470.63496
241	0	0.04897318744	0.0005981368009	0.01522969379	0.0002616309149	0.006335117004	3.995890541	17.07131302	15.23996079	0.00784580499	0.04897318744	0.01582783059	0.006596747919	489731.8744	158278.3059	65967.47919
243	0	0.05062829566	0.0005401672165	0.01418871017	0.0002347718523	0.005860824059	4.070742311	17.06492545	15.23277724	0.00784580499	0.05062829566	0.01472887739	0.006095595911	506282.9566	147288.7739	60955.95911
245	0	0.05233155713	0.0004883673568	0.01323532385	0.0002108847176	0.005428116817	4.148230367	17.05818399	15.22527215	0.00784580499	0.05233155713	0.0137236912	0.005639001535	523315.5713	137236.912	56390.01535
247	0	0.05408369262	0.0004420508117	0.01236187598	0.000189627422	0.005033181712	4.228423419	17.05109041	15.21744512	0.007845804989	0.05408369262	0.01280392679	0.005222809134	540836.9262	128039.2679	52228.09134
249	0	0.05588538725	0.0004006099953	0.0115614161	0.0001706983547	0.004672570093	4.311391695	17.04364563	15.20929507	0.007845804989	0.05588538725	0.0119620261	0.004843268448	558853.8725	119620.261	48432.68448
251	0	0.05773728597	0.0003635069053	0.01082763605	0.0001538315015	0.004343162753	4.397206834	17.03584986	15.20082026	0.007845804989	0.05773728597	0.01119114295	0.004496994255	577372.8597	111911.4295	44969.94255
253	0	0.05963998889	0.0003302649783	0.01015481011	0.0001387921584	0.004042137944	4.485941791	17.02770263	15.19201842	0.007845804989	0.05963998889	0.01048507509	0.004180930103	596399.8889	104850.7509	41809.30103
255	0	0.06159404629	0.0003004619326	0.009537741122	0.0001253731794	0.003766942612	4.577670726	17.01920287	15.18288674	0.007845804989	0.06159404629	0.009838203054	0.003892315792	615940.4629	98382.03054	38923.15792
257	0	0.06359995357	0.000273723436	0.008971711504	0.0001133916676	0.003515266398	4.672468897	17.010349	15.17342201	0.007845804989	0.06359995357	0.00924543494	0.003628658065	635999.5357	92454.3494	36286.58065
259	0	0.06565814588	0.0002497175358	0.008452439111	0.0001026860764	0.003285018241	4.770412544	17.00113895	15.16362061	0.007845804989	0.06565814588	0.008702156646	0.003387704317	656581.4588	87021.56646	33877.04317
261	0	0.06776899265	0.000228149746	0.007976037308	9.311366179e-05	0.003074305298	4.871578765	16.99157025	15.15347857	0.007845804989	0.06776899265	0.008204187054	0.00316741896	677689.9265	82041.87054	31674.1896
263	0	0.06993279194	0.0002087587105	0.007538978881	8.454824115e-05	0.002881413921	4.97604539	16.98164006	15.14299165	0.007845804989	0.06993279194	0.007747737592	0.002965962162	699327.9194	77477.37592	29659.62162
265	0	0.0721497646	0.0001913123844	0.007138063487	7.687822734e-05	0.002704792543	5.083890847	16.97134524	15.13215535	0.007845804989	0.0721497646	0.007329375872	0.00278167077	721497.646	73293.75872	27816.7077
267	0	0.07442004833	0.0001756046623	0.006770388261	7.00048993e-05	0.002543036257	5.195194018	16.96068238	15.12096498	0.007845804989	0.07442004833	0.006945992923	0.002613041156	744200.4833	69459.92923	26130.41156
269	0	0.07674369156	0.000161452399	0.006433321273	6.384087886e-05	0.002394872897	5.310034089	16.94964787	15.10941567	0.007845804989	0.07674369156	0.006594773672	0.002458713776	767436.9156	65947.73672	24587.13776
271	0	0.07912064728	0.0001486927839	0.006124477649	5.830879392e-05	0.002259150525	5.428490394	16.93823792	15.09750243	0.007845804989	0.07912064728	0.006273170433	0.002317459319	791206.4728	62731.70433	23174.59319
273	0	0.08155076676	0.0001371810225	0.005841698055	5.334010162e-05	0.00213482616	5.550642248	16.9264486	15.08522018	0.007845804989	0.08155076676	0.005978879077	0.002188166261	815507.6676	59788.79077	21881.66261
275	0	0.08403379319	0.0001267882958	0.005583029419	4.887405658e-05	0.002020955651	5.676568772	16.91427592	15.0725638	0.007845804989	0.08403379319	0.005709817714	0.002069829707	840337.9319	57098.17714	20698.29707
277	0	0.08656935538	0.0001173999421	0.005346707516	4.485679468e-05	0.001916684517	5.806348709	16.90171582	15.05952813	0.007845804989	0.08656935538	0.005464107458	0.001961541311	865693.5538	54641.07458	19615.41311
279	0	0.08915696135	0.0001089138675	0.005131141502	4.124053478e-05	0.001821239764	5.94006023	16.88876423	15.04610804	0.007845804989	0.08915696135	0.00524005537	0.001862480299	891569.6135	52400.5537	18624.80299
281	0	0.09179599208	0.0001012391294	0.004934900022	3.79828698e-05	0.001733922488	6.077780738	16.87541715	15.03229844	0.007845804989	0.09179599208	0.005036139151	0.001771905358	917959.9208	50361.39151	17719.05358
283	0	0.09448569522	9.429469371e-05	0.004756698935	3.504614689e-05	0.001654101277	6.21958665	16.86167059	15.01809432	0.007845804989	0.09448569522	0.004850993629	0.001689147424	944856.9522	48509.93629	16891.47424
285	0	0.09722517906	8.800832826e-05	0.004595390402	3.23969171e-05	0.001581206253	6.365553183	16.8475207	15.00349079	0.007845804989	0.09722517906	0.00468339873	0.00161360317	972251.7906	46833.9873	16136.0317
287	0	0.1000134065	8.231563276e-05	0.004449953376	3.000545469e-05	0.001514723784	6.515754121	16.83296377	14.98848308	0.007845804989	0.1000134065	0.004532269009	0.001544729238	1000134.065	45322.69009	15447.29238
289	0	0.1028491895	7.715917396e-05	0.004319485272	2.784532959e-05	0.001454191726	6.670261582	16.81799626	14.97306661	0.007845804989	0.1028491895	0.004396644446	0.001482037055	1028491.895	43966.44446	14820.37055
291	0	0.1057311833	7.248772387e-05	0.004203194856	2.589303194e-05	0.001399195202	6.829145766	16.80261485	14.95723698	0.007845804989	0.1057311833	0.004275682579	0.001425088234	1057311.833	42756.82579	14250.88234
293	0	0.1086578815	6.825558891e-05	0.004100396286	2.412764227e-05	0.001349362874	6.992474709	16.78681644	14.94099004	0.007845804989	0.1086578815	0.004168651875	0.001373490516	1086578.815	41686.51875	13734.90516
295	0	0.1116276115	6.442201343e-05	0.004010504218	2.253053885e-05	0.001304363627	7.160314012	16.77059826	14.92432187	0.007845804989	0.1116276115	0.004074926232	0.001326894166	1116276.115	40749.26232	13268.94166
297	0	0.1146385296	6.095065437e-05	0.003933030001	2.108514032e-05	0.001263903691	7.332726579	16.75395783	14.90722883	0.007845804989	0.1146385296	0.003993980656	0.001284988831	1146385.296	39939.80656	12849.88831
299	0	0.1176886176	5.780911645e-05	0.003867578942	1.977667819e-05	0.001227724123	7.509772335	16.736893	14.8897076	0.007845804989	0.1176886176	0.003925388058	0.001247500801	1176886.176	39253.88058	12475.00801
301	0	0.1207756791	5.496854112e-05	0.003813848618	1.859199579e-05	0.001195598654	7.69150795	16.71940206	14.87175517	0.007845804989	0.1207756791	0.003868817159	0.00121419065	1207756.791	38688.17159	12141.9065
303	0	0.1238973373	5.240324635e-05	0.003771628358	1.75193719e-05	0.001167331895	7.877986543	16.70148367	14.85336889	0.007845804989	0.1238973373	0.003824031604	0.001184851267	1238973.373	38240.31604	11848.51267
305	0	0.1270510321	5.009040797e-05	0.003740799847	1.654836442e-05	0.001142757854	8.069257396	16.68313696	14.83454647	0.007845804989	0.1270510321	0.003790890255	0.001159306218	1270510.321	37908.90255	11593.06218
307	0	0.1302340197	4.800977878e-05	0.003721338943	1.566967201e-05	0.001121738781	8.265365654	16.66436155	14.81528601	0.007845804989	0.1302340197	0.003769348721	0.001137408453	1302340.197	37693.48721	11374.08453
309	0	0.1334433711	4.614344427e-05	0.003713318868	1.487501313e-05	0.001104164336	8.466352024	16.64515757	14.79558601	0.007845804989	0.1334433711	0.003759462312	0.001119039349	1334433.711	37594.62312	11190.39349
311	0	0.1366759729	4.44756085e-05	0.00371691486	1.415701892e-05	0.001089951079	8.672252478	16.6255257	14.7754454	0.007845804989	0.1366759729	0.003761390469	0.001104108098	1366759.729	37613.90469	11041.08098
313	0	0.1399285284	4.299240683e-05	0.003732410364	1.350913842e-05	0.001079042266	8.88309794	16.6054672	14.75486351	0.007845804989	0.1399285284	0.003775402771	0.001092551405	1399285.284	37754.02771	10925.51405
315	0	0.143197559	4.168174625e-05	0.003760205153	1.292555606e-05	0.001071408017	9.098913991	16.58498393	14.73384011	0.007845804989	0.143197559	0.0038018869	0.001084333573	1431975.59	38018.869	10843.33573
317	0	0.1464794078	4.053316797e-05	0.003800825485	1.240111883e-05	0.001067045821	9.319720559	16.56407841	14.71237543	0.007845804989	0.1464794078	0.003841358653	0.00107944694	1464794.078	38413.58653	10794.4694
319	0	0.1497702434	3.953773101e-05	0.003854936567	1.193127226e-05	0.001065981426	9.545531619	16.54275381	14.69047008	0.007845804989	0.1497702434	0.003894474299	0.001077912698	1497702.434	38944.74299	10779.12698
321	0	0.1530660644	3.868791717e-05	0.003923357901	1.151200506e-05	0.001068270163	9.776354893	16.521014	14.66812513	0.007845804989	0.1530660644	0.003962045818	0.001079782168	1530660.644	39620.45818	10797.82168
323	0	0.1563627059	3.797755443e-05	0.004007081825	1.113980083e-05	0.001073998732	10.01219155	16.49886359	14.64534205	0.007845804989	0.1563627059	0.004045059379	0.001085138533	1563627.059	40450.59379	10851.38533
325	0	0.1596558466	3.740175796e-05	0.004107295687	1.081159616e-05	0.001083287494	10.25303591	16.47630794	14.62212269	0.007845804989	0.1596558466	0.004144697445	0.00109409909	1596558.466	41446.97445	10940.9909
327	0	0.1629410162	3.695688979e-05	0.004225408652	1.052474517e-05	0.001096293369	10.49887516	16.45335319	14.59846925	0.007845804989	0.1629410162	0.004262365542	0.001106818114	1629410.162	42623.65542	11068.18114
329	0	0.1662136051	3.66405356e-05	0.004363083687	1.027698938e-05	0.001113213402	10.74968905	16.43000629	14.57438427	0.007845804989	0.1662136051	0.004399724222	0.001123490391	1662136.051	43997.24222	11234.90391
331	0	0.1694688744	3.645149995e-05	0.004522276051	1.006643295e-05	0.001134289135	11.00544963	16.40627505	14.54987052	0.007845804989	0.1694688744	0.004558727551	0.001144355568	1694688.744	45587.27551	11443.55568
333	0	0.1727019669	3.638981881e-05	0.004705279022	9.891522499e-06	0.001159811841	11.26612097	16.38216812	14.52493101	0.007845804989	0.1727019669	0.004741668841	0.001169703363	1727019.669	47416.68841	11697.03363
335	0	0.1759079191	3.645679165e-05	0.004914778681	9.751031606e-06	0.001190128829	11.53165884	16.3576951	14.49956882	0.007845804989	0.1759079191	0.004951235473	0.001199879861	1759079.191	49512.35473	11998.79861
337	0	0.1790816741	3.665503485e-05	0.005153919759	9.644050005e-06	0.001225651016	11.80201047	16.33286648	14.4737871	0.007845804989	0.1790816741	0.005190574793	0.001235295066	1790816.741	51905.74793	12352.95066
339	0	0.1822180953	3.698855698e-05	0.005426384509	9.569977018e-06	0.001266861958	12.07711427	16.30769378	14.44758887	0.007845804989	0.1822180953	0.005463373066	0.001276431935	1822180.953	54633.73066	12764.31935
341	0	0.1853119807	3.746285876e-05	0.005736487269	9.5285194e-06	0.001314328607	12.3568995	16.2821895	14.42097693	0.007845804989	0.1853119807	0.005773950128	0.001323857126	1853119.807	57739.50128	13238.57126
343	0	0.1883580778	3.808506123e-05	0.006089288424	9.519693799e-06	0.001368714166	12.64128599	16.25636722	14.39395363	0.007845804989	0.1883580778	0.006127373485	0.001378233859	1883580.778	61273.73485	13782.33859
345	0	0.191351099	3.886406529e-05	0.006490731843	9.54383388e-06	0.001430793427	12.93018385	16.23024166	14.36652073	0.007845804989	0.191351099	0.006529595908	0.001440337261	1913510.99	65295.95908	14403.37261
347	0	0.1942857373	3.981074763e-05	0.006947810983	9.601602505e-06	0.001501471102	13.22349307	16.20382872	14.33867907	0.007845804989	0.1942857373	0.00698762173	0.001511072705	1942857.373	69876.2173	15110.72705
349	0	0.1971566819	4.093819727e-05	0.007468769264	9.694009182e-06	0.001581803655	13.52110317	16.17714559	14.31042833	0.007845804989	0.1971566819	0.007509707461	0.001591497665	1971566.819	75097.07461	15914.97665
351	0	0.1999586338	4.226200158e-05	0.008063343918	9.822433593e-06	0.001673025526	13.82289275	16.15021079	14.28176661	0.007845804989	0.1999586338	0.00810560592	0.001682847959	1999586.338	81056.0592	16828.47959
353	0	0.2026863213	4.380058805e-05	0.008743061943	9.988655632e-06	0.001776580514	14.12872901	16.12304438	14.25269002	0.007845804989	0.2026863213	0.008786862531	0.001786569169	2026863.213	87868.62531	17865.69169
355	0	0.2053345146	4.557563231e-05	0.00952160073	1.019489287e-05	0.001894159487	14.43846716	16.09566801	14.22319211	0.007845804989	0.2053345146	0.009567176363	0.00190435438	2053345.146	95671.76363	19043.5438
357	0	0.2078980396	4.761254394e-05	0.01041522829	1.044384645e-05	0.002027745736	14.7519497	16.06810514	14.19326324	0.007845804989	0.2078980396	0.01046284083	0.002038189583	2078980.396	104628.4083	20381.89583
359	0	0.2103717907	4.99410434e-05	0.01144334132	1.073875661e-05	0.002179669616	15.06900562	16.04038125	14.1628898	0.007845804989	0.2103717907	0.01149328236	0.002190408373	2103717.907	114932.8236	21904.08373
361	0	0.2127507412	5.259584837e-05	0.01262912632	1.108346947e-05	0.002352674676	15.3894493	16.01252411	14.1320532	0.007845804989	0.2127507412	0.01268172217	0.002363758146	2127507.412	126817.2217	23637.58146
363	0	0.2150299527	5.561748588e-05	0.01400036912	1.148251654e-05	0.002549997479	15.71307932	15.98456409	14.10072875	0.007845804989	0.2150299527	0.01405598661	0.002561479996	2150299.527	140559.8661	25614.79996
365	0	0.2172045811	5.905325648e-05	0.01559045272	1.194120944e-05	0.002775464566	16.03967684	15.95653456	14.06888418	0.007845804989	0.2172045811	0.01564950598	0.002787405776	2172045.811	156495.0598	27874.05776
367	0	0.2192698796	6.295837567e-05	0.01743958597	1.246575221e-05	0.003033610198	16.3690037	15.92847242	14.0364779	0.007845804989	0.2192698796	0.01750254435	0.00304607595	2192698.796	175025.4435	30460.7595
369	0	0.2212211977	6.739732507e-05	0.01959632063	1.306337422e-05	0.003329819782	16.70079997	15.90041869	14.00345686	0.007845804989	0.2212211977	0.01966371795	0.003342883156	2212211.977	196637.1795	33428.83156
371	0	0.2230539754	7.244544946e-05	0.02211942571	1.374248743e-05	0.003670504837	17.03478097	15.87241928	13.96975388	0.007845804989	0.2230539754	0.02219187116	0.003684247324	2230539.754	221918.7116	36842.47324
373	0	0.2247637318	7.819084082e-05	0.02508020528	1.451287208e-05	0.004063316853	17.37063352	15.84452596	13.93528438	0.007845804989	0.2247637318	0.02515839612	0.004077829725	2247637.318	251583.9612	40778.29725
375	0	0.2263460459	8.473655677e-05	0.02856536749	1.538589603e-05	0.004517409288	17.70801128	15.81679751	13.89994236	0.007845804989	0.2263460459	0.02865010404	0.004532795184	2263460.459	286501.0404	45327.95184
377	0	0.2277965299	9.22032221e-05	0.03268057357	1.637477356e-05	0.005043758878	18.04652892	15.7893012	13.86359544	0.007845804989	0.2277965299	0.03277277679	0.005060133651	2277965.299	327727.7679	50601.33651
379	0	0.2291107915	0.0001007320669	0.0375548273	1.749487045e-05	0.005655560513	18.38575489	15.76211457	13.82607872	0.007845804989	0.2291107915	0.03765555937	0.005673055384	2291107.915	376555.5937	56730.55384
381	0	0.2302843839	0.0001104884536	0.04334590047	1.876406387e-05	0.006368713552	18.72520245	15.73532774	13.78718721	0.007845804989	0.2302843839	0.04345638892	0.006387477616	2302843.839	434563.8892	63874.77616
383	0	0.2313127414	0.0001216659298	0.05024701038	2.020316536e-05	0.007202420378	19.06431844	15.7090461	13.74666653	0.007845804989	0.2313127414	0.05036867631	0.007222623543	2313127.414	503686.7631	72226.23543
385	0	0.2321910966	0.0001344908382	0.05849502442	2.183641832e-05	0.008179925271	19.40246956	15.68339383	13.70420144	0.007845804989	0.2321910966	0.05862951526	0.008201761689	2321910.966	586295.1526	82017.61689
387	0	0.2329143769	0.0001492274668	0.06838047806	2.369208119e-05	0.009329426228	19.73892531	15.65851807	13.65940185	0.007845804989	0.2329143769	0.06852970553	0.00935311831	2329143.769	685297.0553	93531.1831
389	0	0.2334770756	0.0001661836697	0.08025971972	2.580310917e-05	0.01068520096	20.07283722	15.63459415	13.61178572	0.007845804989	0.2334770756	0.08042590339	0.01071100407	2334770.756	804259.0339	107110.0407
391	0	0.2338730934	0.000185716785	0.0945694796	2.820794802e-05	0.01228899713	20.40321346	15.61183197	13.56075852	0.007845804989	0.2338730934	0.09475519638	0.01231720508	2338730.934	947551.9638	123172.0508
393	0	0.2340955457	0.0002082395218	0.1118440935	3.095145325e-05	0.01419174784	20.72888841	15.59048369	13.50558859	0.007845804989	0.2340955457	0.112052333	0.01422269929	2340955.457	1120523.33	142226.9929
395	0	0.2341365315	0.0002342252517	0.1327354483	3.408594725e-05	0.01645568568	21.04848638	15.57085308	13.44537831	0.007845804989	0.2341365315	0.1329696736	0.01648977163	2341365.315	1329696.736	164897.7163
397	0	0.2339868594	0.0002642117979	0.1580353977	3.767242344e-05	0.01915694258	21.36037938	15.55330648	13.37903091	0.007845804989	0.2339868594	0.1582996095	0.01919461501	2339868.594	1582996.095	191946.1501
399	0	0.23363573	0.0002988023316	0.1886998369	4.178190136e-05	0.02238873721	21.662639	15.53828575	13.30521367	0.007845804989	0.23363573	0.1889986392	0.02243051911	2336357.3	1889986.392	224305.1911
401	0	0.233070375	0.0003386613378	0.2258727166	4.649692669e-05	0.02626526629	21.9529838	15.52632279	13.222319	0.007845804989	0.233070375	0.226211378	0.02631176322	2330703.75	2262113.78	263117.6322
403	0	0.2322756629	0.0003845027957	0.2709068741	5.191319585e-05	0.03092642886	22.22872479	15.51805559	13.12842676	0.007845804989	0.2322756629	0.2712913769	0.03097834205	2322756.629	2712913.769	309783.4205
405	0	0.2312336897	0.0004370667839	0.3253765554	5.814126314e-05	0.03654351958	22.48671419	15.51424462	13.02127318	0.007845804989	0.2312336897	0.3258136222	0.03660166085	2312336.897	3258136.222	366016.6085
407	0	0.2299233886	0.0004970798193	0.3910738376	6.530825991e-05	0.04332602675	22.72330576	15.51578814	12.8982354	0.007845804989	0.2299233886	0.3915709174	0.04339133501	2299233.886	3915709.174	433913.3501
409	0	0.2283202148	0.0005651936429	0.4699778974	7.355951798e-05	0.05152965798	22.93433934	15.52373357	12.7563445	0.007845804989	0.2283202148	0.470543091	0.0516032175	2283202.148	4705430.91	516032.175
411	0	0.2263959916	0.0006418976498	0.5641830298	8.305994742e-05	0.06146567838	23.11516645	15.53928078	12.59234428	0.007845804989	0.2263959916	0.5648249274	0.06154873833	2263959.916	5648249.274	615487.3833
413	0	0.2241190337	0.000727402275	0.6757693437	9.399497465e-05	0.07351159281	23.26073815	15.56377141	12.4028169	0.007845804989	0.2241190337	0.676496746	0.07360558778	2241190.337	6764967.46	736055.8778
415	0	0.221454697	0.0008214957217	0.8066015567	0.0001065708098	0.0881231176	23.36577678	15.59865646	12.1843969	0.007845804989	0.221454697	0.8074230525	0.08822968841	2214546.97	8074230.525	882296.8841
417	0	0.2183665226	0.0009233851976	0.9580491485	0.0001210137934	0.105847274	23.42504822	15.64543341	11.93408934	0.007845804989	0.2183665226	0.9589725337	0.1059682878	2183665.226	9589725.337	1059682.878
419	0	0.2148181297	0.001031546097	1.130638095	0.0001375685806	0.127336297	23.43373594	15.70554413	11.6496923	0.007845804989	0.2148181297	1.131669641	0.1274738656	2148181.297	11316696.41	1274738.656
421	0	0.2107759454	0.00114361594	1.323671304	0.0001564949555	0.1533618844	23.3878913	15.78022795	11.33029655	0.007845804989	0.2107759454	1.32481492	0.1535183793	2107759.454	13248149.2	1535183.793
423	0	0.206212733	0.001256379199	1.534887267	0.0001780631012	0.1848290896	23.28489857	15.87033035	10.97679883	0.007845804989	0.206212733	1.536143647	0.1850071527	2062127.33	15361436.47	1850071.527
425	0	0.2011116731	0.001365886285	1.760253177	0.0002025471341	0.2227888143	23.12385872	15.97607832	10.59233064	0.007845804989	0.2011116731	1.761619064	0.2229913614	2011116.731	17616190.64	2229913.614
427	0	0.1954705307	0.001467729097	1.993992521	0.0002302165586	0.2684472647	22.90577971	16.09684538	10.1824879	0.007845804989	0.1954705307	1.99546025	0.2686774813	1954705.307	19954602.5	2686774.813
429	0	0.1893052507	0.001557455316	2.228911937	0.0002613249552	0.323169732	22.63348298	16.23094083	9.755268166	0.007845804989	0.1893052507	2.230469393	0.3234310569	1893052.507	22304693.93	3234310.569
431	0	0.1826522726	0.001631057902	2.457021557	0.0002960946769	0.3884744566	22.31119654	16.37546305	9.320681285	0.007845804989	0.1826522726	2.458652615	0.3887705513	1826522.726	24586526.15	3887705.513
433	0	0.1755689858	0.001685441353	2.670353789	0.0003346957745	0.4660101759	21.94389446	16.52625387	8.89008597	0.007845804989	0.1755689858	2.672039231	0.4663448716	1755689.858	26720392.31	4663448.716
435	0	0.1681320671	0.001718763436	2.861819159	0.0003772170774	0.5575085026	21.53652172	16.67797874	8.475379245	0.007845804989	0.1681320671	2.863537922	0.5578857197	1681320.671	28635379.22	5578857.197
437	0	0.1604338421	0.00173058279	3.025923101	0.0004236277375	0.6647002224	21.0932818	16.82434087	8.088198316	0.007845804989	0.1604338421	3.027653684	0.6651238502	1604338.421	30276536.84	6651238.502
439	0	0.152577185	0.001721797184	3.159211815	0.0004737290242	0.789184315	20.61714634	16.95842038	7.739271143	0.007845804989	0.152577185	3.160933612	0.789658044	1525771.85	31609336.12	7896580.44
441	0	0.1446696847	0.001694409789	3.260395782	0.0005270989314	0.9322414933	20.10968397	17.07311755	7.437987633	0.007845804989	0.1446696847	3.262090192	0.9327685922	1446696.847	32620901.92	9327685.922
443	0	0.1368178263	0.001651193144	3.330180445	0.000583036182	1.0945922	19.57122762	17.16167107	7.192189838	0.007845804989	0.1368178263	3.331831638	1.095175236	1368178.263	33318316.38	10951752.36
445	0	0.1291218102	0.001595326184	3.370887422	0.000640514864	1.276113336	19.00133021	17.21821518	7.008124663	0.007845804989	0.1291218102	3.372482748	1.276753851	1291218.102	33724827.48	12767538.51
447	0	0.1216714144	0.001530064564	3.385967991	0.0006981647504	1.475547636	18.39940972	17.23832961	6.890479812	0.007845804989	0.1216714144	3.387498055	1.4762458	1216714.144	33874980.55	14762458
449	0	0.1145430943	0.00145848083	3.379499665	0.0007542936499	1.690260318	17.76545873	17.21952325	6.842432	0.007845804989	0.1145430943	3.380958146	1.691014611	1145430.943	33809581.46	16910146.11
451	0	0.1077983351	0.00138328764	3.355732473	0.0008069642441	1.916111828	17.10068448	17.16158047	6.86566392	0.007845804989	0.1077983351	3.357115761	1.916918792	1077983.351	33571157.61	19169187.92
453	0	0.1014831575	0.001306740305	3.318723117	0.0008541278878	2.147511911	16.40795938	17.06670024	6.960342263	0.007845804989	0.1014831575	3.320029857	2.148366039	1014831.575	33200298.57	21483660.39
455	0	0.09562861216	0.001230605755	3.272072901	0.0008938034119	2.377693927	15.69199594	16.93937786	7.12507916	0.007845804989	0.09562861216	3.273303507	2.378587731	956286.1216	32733035.07	23785877.31
457	0	0.09025206074	0.001156181229	3.218768942	0.0009242739856	2.599200057	14.95921569	16.78602206	7.356917362	0.007845804989	0.09025206074	3.219925123	2.600124331	902520.6074	32199251.23	26001243.31
459	0	0.08535901929	0.001084346	3.161117794	0.000944265888	2.804512271	14.21734674	16.61435512	7.651380729	0.007845804989	0.08535901929	3.16220214	2.805456536	853590.1929	31622021.4	28054565.36
461	0	0.08094533577	0.001015631449	3.100754643	0.0009530744424	2.986721529	13.47484139	16.43269169	8.002617376	0.007845804989	0.08094533577	3.101770274	2.987674603	809453.3577	31017702.74	29876746.03
463	0	0.07699948269	0.0009502976503	3.038708788	0.000950614284	3.140116524	12.74023388	16.24921432	8.403640137	0.007845804989	0.07699948269	3.039659085	3.141067139	769994.8269	30396590.85	31410671.39
465	0	0.07350477381	0.0008884075485	2.975505352	0.0009373900249	3.260596873	12.02155388	16.07135445	8.846644809	0.007845804989	0.07350477381	2.97639376	3.261534263	735047.7381	29763937.6	32615342.63
467	0	0.07044136143	0.0008298928462	2.911285189	0.0009144009162	3.345863759	11.32587671	15.9053503	9.323370744	0.007845804989	0.07044136143	2.912115082	3.34677816	704413.6143	29121150.82	33467781.6
469	0	0.06778792503	0.0007746082783	2.845927678	0.0008830045861	3.395393406	10.65904587	15.75600603	9.825462505	0.007845804989	0.06778792503	2.846702286	3.39627641	677879.2503	28467022.86	33962764.1
471	0	0.0655230172	0.0007223731426	2.779164848	0.0008447674535	3.410238153	10.02556225	15.62663627	10.34479626	0.007845804989	0.0655230172	2.779887222	3.41108292	655230.172	27798872.22	34110829.2
473	0	0.06362607571	0.0006730005441	2.710679069	0.0008013250544	3.39271926	9.428607797	15.51915374	10.87374567	0.007845804989	0.06362607571	2.71135207	3.393520585	636260.7571	27113520.7	33935205.85
475	0	0.06207814072	0.0006263158613	2.640180004	0.0007542673016	3.346075222	8.870160732	15.43424953	11.40537534	0.007845804989	0.06207814072	2.64080632	3.34682949	620781.4072	26408063.2	33468294.9
477	0	0.06086233016	0.0005821664836	2.567459483	0.000705055196	3.274116634	8.351161807	15.37161923	11.93356177	0.007845804989	0.06086233016	2.56804165	3.274821689	608623.3016	25680416.5	32748216.89
479	0	0.0599641286	0.0005404249847	2.492425037	0.0006549689877	3.180921377	7.871699538	15.33019881	12.45304926	0.007845804989	0.0599641286	2.492965462	3.181576346	599641.286	24929654.62	31815763.46
481	0	0.05937154198	0.0005009878562	2.415114618	0.0006050832967	3.070587233	7.431192413	15.30838576	12.95945375	0.007845804989	0.05937154198	2.415615606	3.071192316	593715.4198	24156156.06	30711923.16
483	0	0.05907516038	0.0004637715646	2.335695831	0.0005562631183	2.947046172	7.028555686	15.30423231	13.44922781	0.007845804989	0.05907516038	2.336159602	2.947602436	590751.6038	23361596.02	29476024.36
485	0	0.0590681625	0.0004287073623	2.254453503	0.0005091743803	2.813936559	6.662346681	15.31560484	13.91959966	0.007845804989	0.0590681625	2.254882211	2.814445733	590681.625	22548822.11	28144457.33
487	0	0.05934628648	0.0003957359046	2.171769437	0.0004643034428	2.674524872	6.330887106	15.34030932	14.36849677	0.007845804989	0.05934628648	2.172165173	2.674989176	593462.8648	21721651.73	26749891.76
489	0	0.05990778433	0.0003648023681	2.088097874	0.0004219811375	2.531667057	6.032363287	15.37618533	14.79446245	0.007845804989	0.05990778433	2.088462676	2.532089039	599077.8433	20884626.76	25320890.39
491	0	0.06075337146	0.0003358524649	2.003939637	0.0003824081512	2.387799722	5.764906459	15.42117307	15.19657131	0.007845804989	0.06075337146	2.00427549	2.38818213	607533.7146	20042754.9	23881821.3
493	0	0.06188617861	0.0003088295171	1.919817281	0.0003456796276	2.244952567	5.526655668	15.4733578	15.57434761	0.007845804989	0.06188617861	1.92012611	2.245298247	618861.7861	19201261.1	22452982.47
495	0	0.06331171031	0.0002836725922	1.836252881	0.0003118076862	2.10477496	5.315805804	15.53099618	15.92768905	0.007845804989	0.06331171031	1.836536554	2.105086768	633117.1031	18365365.54	21050867.68
497	0	0.06503781173	0.0002603155697	1.753749426	0.0002807412453	1.968570755	5.130643459	15.59252898	16.25679727	0.007845804989	0.06503781173	1.754009741	1.968851496	650378.1173	17540097.41	19688514.96
499	0	0.06707464463	0.0002386869923	1.672776302	0.000252382877	1.837337431	4.969572481	15.65658321	16.56211573	0.007845804989	0.06707464463	1.673014989	1.837589813	670746.4463	16730149.89	18375898.13
501	0	0.06943467182	0.0002187104934	1.593758864	0.0002266027818	1.711806237	4.831131429	15.72196689	16.84427501	0.007845804989	0.06943467182	1.593977574	1.71203284	694346.7182	15939775.74	17120328.4
503	0	0.07213264864	0.0002003056218	1.517071797	0.0002032501029	1.592481337	4.714004543	15.78765881	17.10404529	0.007845804989	0.07213264864	1.517272103	1.592684587	721326.4864	15172721.03	15926845.87
505	0	0.07518561969	0.0001833889053	1.443035836	0.000182161869	1.479676562	4.617027642	15.85279512	17.34229557	0.007845804989	0.07518561969	1.443219225	1.479858723	751856.1969	14432192.25	14798587.23
507	0	0.07861291824	0.0001678750155	1.371917252	0.00016316991	1.373548977	4.539190222	15.9166541	17.55995898	0.007845804989	0.07861291824	1.372085127	1.373712147	786129.1824	13720851.27	13737121.47
509	0	0.08243616543	0.0001536779361	1.303929536	0.0001461060674	1.27412886	4.479634734	15.97864034	17.75800376	0.007845804989	0.08243616543	1.304083213	1.274274966	824361.6543	13040832.13	12742749.66
511	0	0.08667926559	0.0001407120613	1.239236727	0.0001308060094	1.181345986	4.437653848	16.03826902	17.93740916	0.007845804989	0.08667926559	1.239377439	1.181476792	866792.6559	12393774.39	11814767.92
513	0	0.09136839366	0.0001288931791	1.177957893	0.0001171119192	1.095052321	4.412686369	16.0951508	18.09914564	0.007845804989	0.09136839366	1.178086787	1.095169433	913683.9366	11780867.87	10951694.33
515	0	0.09653196991	0.0001181393132	1.12017234	0.000104874291	1.015041331	4.404312265	16.14897774	18.24415892	0.007845804989	0.09653196991	1.120290479	1.015146205	965319.6991	11202904.79	10151462.05
517	0	0.1022006169	0.000108371416	1.065925223	9.395304033e-05	0.9410642268	4.412247172	16.19951042	18.37335722	0.007845804989	0.1022006169	1.066033594	0.9411581799	1022006.169	10660335.94	9411581.799
519	0	0.1084070917	9.951391209e-05	1.015233308	8.42180747e-05	0.8728434212	4.436336607	16.24656635	18.48760127	0.007845804989	0.1084070917	1.015332822	0.8729276393	1084070.917	10153328.22	8729276.393
521	0	0.115186187	9.149510282e-05	0.9680906963	7.554947325e-05	0.8100835617	4.476550035	16.29000981	18.58769658	0.007845804989	0.115186187	0.9681821914	0.8101591111	1151861.87	9681821.914	8101591.111
523	0	0.1225745933	8.424744797e-05	0.9244743851	6.783737934e-05	0.7524804847	4.53297484	16.32974298	18.67438764	0.007845804989	0.1225745933	0.9245586326	0.752548322	1225745.933	9245586.326	7525483.22
525	0	0.1306107119	7.770773866e-05	0.8843496181	6.098168541e-05	0.6997283602	4.605810186	16.36569838	18.74835356	0.007845804989	0.1306107119	0.8844273259	0.6997893419	1306107.119	8844273.259	6997893.419
527	0	0.1393344107	7.181718068e-05	0.8476749864	5.489158099e-05	0.6515253322	4.695360679	16.39783259	18.8102049	0.007845804989	0.1393344107	0.8477468036	0.6515802238	1393344.107	8477468.036	6515802.238
529	0	0.1487867109	6.652140465e-05	0.8144073068	4.948501231e-05	0.6075778989	4.802029703	16.42612109	18.86048143	0.007845804989	0.1487867109	0.8144738282	0.6076273839	1487867.109	8144738.282	6076273.839
531	0	0.1590093914	6.177041929e-05	0.7845063202	4.468809273e-05	0.567604257	4.92631223	16.45055427	18.89965043	0.007845804989	0.1590093914	0.7845680906	0.5676489451	1590093.914	7845680.906	5676489.451
533	0	0.1700445024	5.75185231e-05	0.7579392864	4.043449299e-05	0.5313368205	5.068786868	16.47113448	18.92810537	0.007845804989	0.1700445024	0.7579968049	0.531377255	1700445.024	7579968.049	5313772.55
535	0	0.1819337692	5.372418608e-05	0.7346855682	3.666483128e-05	0.4985240584	5.230106844	16.48787407	18.94616468	0.007845804989	0.1819337692	0.7347392924	0.4985607232	1819337.692	7347392.924	4985607.232
537	0	0.1947178762	5.034991418e-05	0.7147413285	3.332607916e-05	0.4689318203	5.410989566	16.50079451	18.95407047	0.007845804989	0.1947178762	0.7147916784	0.4689651463	1947178.762	7147916.784	4689651.463
539	0	0.2084356156	4.736210647e-05	0.6981244843	3.037099333e-05	0.4423442813	5.612204373	16.50992636	18.95198683	0.007845804989	0.2084356156	0.6981718464	0.4423746523	2084356.156	6981718.464	4423746.523
541	0	0.2231228876	4.473091272e-05	0.6848800811	2.775757935e-05	0.4185646044	5.834557994	16.51531033	18.93999759	0.007845804989	0.2231228876	0.684924812	0.418592362	2231228.876	6849248.12	4185923.62
543	0	0.2388115377	4.243009914e-05	0.6750862913	2.544859222e-05	0.3974154228	6.078877151	16.51699929	18.91810318	0.007845804989	0.2388115377	0.6751287214	0.3974408714	2388115.377	6751287.214	3974408.714
545	0	0.2555280194	4.043692846e-05	0.6688612639	2.34110754e-05	0.3787392348	6.345987714	16.51506143	18.88621639	0.007845804989	0.2555280194	0.6689017008	0.3787626459	2555280.194	6689017.008	3787626.459
547	0	0.2732918728	3.873205878e-05	0.666371087	2.161593871e-05	0.3623987813	6.636689694	16.50958448	18.84415654	0.007845804989	0.2732918728	0.666409819	0.3624203972	2732918.728	6664098.19	3624203.972
549	0	0.2921140104	3.72994656e-05	0.6678391732	2.003757519e-05	0.3482774855	6.951727287	16.50068123	18.79164185	0.007845804989	0.2921140104	0.6678764727	0.3482975231	2921140.104	6678764.727	3482975.231
551	0	0.3119948039	3.612638889e-05	0.6735574222	1.865351559e-05	0.336280022	7.29175303	16.48849646	18.72827932	0.007845804989	0.3119948039	0.6735935486	0.3362986755	3119948.039	6735935.486	3362986.755
553	0	0.3329219726	3.520330586e-05	0.6838995219	1.744411851e-05	0.3263330842	7.65728516	16.47321536	18.65355183	0.007845804989	0.3329219726	0.6839347253	0.3263505283	3329219.726	6839347.253	3263505.283
555	0	0.3548682759	3.452392702e-05	0.6993367841	1.639229466e-05	0.3183864234	8.048657116	16.45507377	18.56680171	0.007845804989	0.3548682759	0.699371308	0.3184028157	3548682.759	6993713.08	3184028.157
557	0	0.377789014	3.408520967e-05	0.7204569036	1.548326307e-05	0.3124142342	8.465958035	16.43437031	18.46721028	0.007845804989	0.377789014	0.7204909888	0.3124297175	3777890.14	7204909.888	3124297.175
559	0	0.4016193537	3.388737526e-05	0.747985856	1.470433625e-05	0.3084169602	8.908963341	16.4114808	18.35377281	0.007845804989	0.4016193537	0.7480197433	0.3084316646	4016193.537	7480197.433	3084316.646
561	0	0.4262714903	3.393391047e-05	0.7828130915	1.404473358e-05	0.3064236294	9.37705429	16.38687505	18.22526855	0.007845804989	0.4262714903	0.7828470255	0.3064376741	4262714.903	7828470.255	3064376.741
563	0	0.4516316834	3.423151544e-05	0.8260193793	1.349541777e-05	0.306494776	9.869126669	16.36113629	18.0802261	0.007845804989	0.4516316834	0.8260536108	0.3065082714	4516316.834	8260536.108	3065082.714
565	0	0.4775571932	3.478994581e-05	0.8789063014	1.304895385e-05	0.3087260854	10.38348854	16.33498325	17.91688494	0.007845804989	0.4775571932	0.8789410913	0.3087391343	4775571.932	8789410.913	3087391.343
567	0	0.5038731815	3.562166775e-05	0.9430247199	1.269938642e-05	0.3132528494	10.91774929	16.30929481	17.73315553	0.007845804989	0.5038731815	0.9430603415	0.3132655488	5038731.815	9430603.415	3132655.488
569	0	0.530369665	3.674121306e-05	1.020197643	1.244213194e-05	0.3202553415	11.46870435	16.28513642	17.5265828	0.007845804989	0.530369665	1.020234384	0.3202677837	5303696.65	10202343.84	3202677.837
571	0	0.5567986646	3.816407946e-05	1.112529791	1.227388236e-05	0.329965221	12.03222362	16.26378699	17.29432118	0.007845804989	0.5567986646	1.112567956	0.3299774949	5567986.646	11125679.56	3299774.949
573	0	0.5828717812	3.990498592e-05	1.222392089	1.219251559e-05	0.3426730557	12.60315696	16.24676368	17.03313429	0.007845804989	0.5828717812	1.222431994	0.3426852482	5828717.812	12224319.94	3426852.482
575	0	0.6082585539	4.19752742e-05	1.35236457	1.219700859e-05	0.3587370407	13.17527662	16.2358401	16.73943822	0.007845804989	0.6082585539	1.352406545	0.3587492377	6082585.539	13524065.45	3587492.377
577	0	0.6325861553	4.437925279e-05	1.505115587	1.228734931e-05	0.378593002	13.74128458	16.23305135	16.40941494	0.007845804989	0.6325861553	1.505159966	0.3786052894	6325861.553	15051599.66	3786052.894
579	0	0.6554412042	4.710940402e-05	1.683193221	1.246444438e-05	0.4027657464	14.2929186	16.24067588	16.03922647	0.007845804989	0.6554412042	1.68324033	0.4027782108	6554412.042	16832403.3	4027782.108
581	0	0.6763747537	5.014059775e-05	1.888707081	1.273002266e-05	0.4318818751	14.82119314	16.26118165	15.62536126	0.007845804989	0.6763747537	1.888757221	0.4318946052	6763747.537	18887572.21	4318946.052
583	0	0.6949117276	5.342387593e-05	2.12289295	1.308653705e-05	0.4666842374	15.31680185	16.29712125	15.1651329	0.007845804989	0.6949117276	2.122946374	0.466697324	6949117.276	21229463.74	4666973.24
585	0	0.7105661149	5.688094271e-05	2.385582707	1.353707121e-05	0.5080482891	15.77068243	16.35096149	14.65732305	0.007845804989	0.7105661149	2.385639588	0.5080618261	7105661.149	23856395.88	5080618.261
587	0	0.7228628652	6.040107015e-05	2.674648406	1.408525781e-05	0.5570006412	16.17469812	16.42483807	14.10291279	0.007845804989	0.7228628652	2.674708807	0.5570147265	7228628.652	26747088.07	5570147.265
589	0	0.7313666122	6.384249974e-05	2.98554407	1.473521008e-05	0.6147398912	16.52233047	16.52023694	13.5057862	0.007845804989	0.7313666122	2.985607912	0.6147546264	7313666.122	29856079.12	6147546.264
591	0	0.7357156973	6.704000816e-05	3.3111064	1.549145191e-05	0.6826589967	16.80922349	16.63762436	12.8732378	0.007845804989	0.7357156973	3.31117344	0.6826744882	7357156.973	33111734.4	6826744.882
593	0	0.7356581808	6.981911073e-05	3.641767645	1.635880251e-05	0.762366747	17.03340594	16.77606799	12.21610492	0.007845804989	0.7356581808	3.641837464	0.7623831058	7356581.808	36418374.64	7623831.058
595	0	0.731084704	7.201530087e-05	3.966255535	1.734213198e-05	0.8557027829	17.19507034	16.93291169	11.54840311	0.007845804989	0.731084704	3.96632755	0.855720125	7310847.04	39663275.5	8557201.25
597	0	0.7220522895	7.349466529e-05	4.272718554	1.844586394e-05	0.9647361344	17.29590717	17.10357369	10.88646498	0.007845804989	0.7220522895	4.272792048	0.9647545803	7220522.895	42727920.48	9647545.803
599	0	0.7087938957	7.417114045e-05	4.550070234	1.967307838e-05	1.091731756	17.33813888	17.28152921	10.24772881	0.007845804989	0.7087938957	4.550144405	1.091751429	7087938.957	45501444.05	10917514.29
600	0	0.7006993652	7.419708949e-05	4.674893324	2.033324682e-05	1.162707007	17.33786517	17.37071736	9.942487927	0.007845804989	0.7006993652	4.674967521	1.162727341	7006993.652	46749675.21	11627273.41
