time,nodrug_mean_LM,nodrug_mean_PM,nodrug_mean_PL,M1_rep2_LM,M1_rep2_PM,M1_rep2_PL,M3_rep2_LM,M3_rep2_PM,M3_rep2_PL,M5_rep2_LM,M5_rep2_PM,M5_rep2_PL,M7_rep2_LM,M7_rep2_PM,M7_rep2_PL,std_LM,std_PM,std_PL,lower_LM,lower_PM,lower_PL
2,11.75,8.725,7.95,5,6,7,4.7,5.4,4.1,20,6,4.1,10,9,8,7.88986691902975,2.51047804212664,1.8645821694596,7.88986691902975,2.51047804212664,1.8645821694596
11,10.125,7.0375,6.7125,3.45,4.85,5.4,3.6,4.7,3.35,21.5,4.65,3.85,8,5.55,6.3,7.20387627137872,1.07189473985711,0.842985765004368,7.20387627137872,1.07189473985711,0.842985765004368
20,8.5,5.35,5.475,1.9,3.7,3.8,2.5,4,2.6,23,3.3,3.6,6,2.1,4.6,8.50490054811538,0.660807586719967,1.01775897605147,8.5,0.660807586719967,1.01775897605147
32,5.875,9.6875,9.2,0.98,1.905,1.903,5.25,8.5,1.5,14.5,9.15,8.8,4,2,3.9,4.53458928680426,3.99340602326719,3.69594372251527,4.53458928680426,3.99340602326719,3.69594372251527
44,3.25,14.025,12.925,0.06,0.11,0.006,8,13,0.4,6,15,14,2,1.9,3.2,1.70782512765993,7.52346329824237,6.60473315130899,1.70782512765993,7.52346329824237,6.60473315130899
56,1.8875,16.5125,12.0875,0.37,0.06,0.0035,5.6,9.85,0.205,4.5,15,8.65,14,1.95,9.1,0.841996634989317,4.68337040317476,3.88981040669079,0.841996634989317,4.68337040317476,3.88981040669079
68,0.525,19,11.25,0.68,0.01,0.001,3.2,6.7,0.01,3,15,3.3,26,2,15,0.3685557397916,2.16024689946929,5.43905629069357,0.3685557397916,2.16024689946929,5.43905629069357
80,0.4625,13.125,9.625,0.54,1.805,0.00055,1.7,5.2,1.505,3,11.5,3.65,13.25,12,10,0.213600093632938,3.47311099736245,3.14576434802948,0.213600093632938,3.47311099736245,3.14576434802948
92,0.4,7.25,8,0.4,3.6,0.0001,0.2,3.7,3,3,8,4,0.5,22,5,0.2,5.05799696849784,2.58198889747161,0.2,5.05799696849784,2.58198889747161
104,0.35,5.8875,6.975,0.2015,1.895,0.0003,0.35,4.85,6.5,1.55,7.5,3,0.5,17.5,4.5,0.1,4.51854973046294,2.98928642544225,0.1,4.51854973046294,2.98928642544225
116,0.3,4.525,5.95,0.003,0.19,0.0005,0.5,6,10,0.1,7,2,0.5,13,4,0.23094010767585,4.08686921738389,4.83149390285586,0.23094010767585,4.08686921738389,4.83149390285586
128,0.30625,3.3575,4.2875,0.004,0.13,0.00275,0.5,10.5,11,0.075,6,1.85,0.75,12.5,5,0.22580873174732,3.20092044053998,3.28795148990979,0.22580873174732,3.20092044053998,3.28795148990979
140,0.3125,2.19,2.625,0.005,0.07,0.005,0.5,15,12,0.05,5,1.7,1,12,6,0.225,2.66515790651636,1.98053023203384,0.225,2.19,1.98053023203384
151,0.1694375,1.390125,2.27625,0.00255,0.03655,0.002525,0.5,11.5,10,0.05,2.85,1.3,0.525,8.4,3.4,0.125906773546938,1.56792540080834,1.52820905528879,0.125906773546938,1.390125,1.52820905528879
162,0.026375,0.59025,1.9275,0.0001,0.0031,5e-05,0.5,8,8,0.05,0.7,0.9,0.05,4.8,0.8,0.0273415892003373,0.657890758409023,1.28180536744078,0.026375,0.59025,1.28180536744078
174,0.0381875,0.732625,2.20125,5.5e-05,0.001595,2.75e-05,0.5,5,6,0.05,0.45,1.9,0.05,3.45,1.15,0.0136707946001686,0.421110708919479,1.4135674432678,0.0136707946001686,0.421110708919479,1.4135674432678
186,0.05,0.875,2.475,1e-05,9e-05,5e-06,0.5,2,4,0.05,0.2,2.9,0.05,2.1,1.5,6.93889390390723e-18,0.309569593683445,1.62557682070089,6.93889390390723e-18,0.309569593683445,1.62557682070089
198,0.275,4.3125,7.3625,7.5e-06,8.5e-05,1.25e-05,0.5,2.5,7,0.275,7.1,8.95,0.05,1.6,1.25,4.53246651836839e-17,1.99973956637691,3.41720524210453,4.53246651836839e-17,1.99973956637691,3.41720524210453
210,0.5,7.75,12.25,5e-06,8e-05,2e-05,0.5,3,10,0.5,14,15,0.05,1.1,1,6.40987562127855e-17,3.77491721763537,5.85234995535981,6.40987562127855e-17,3.77491721763537,5.85234995535981
222,0.44375,8.275,8.4625,4.25e-05,6.5e-05,1.25e-05,0.275,1.95,7.7,0.5,8,11,0.032,0.555,0.515,0.1125,5.80251382304831,3.23609203618603,0.1125,5.80251382304831,3.23609203618603
234,0.3875,8.8,4.675,8e-05,5e-05,5e-06,0.05,0.9,5.4,0.5,2,7,0.014,0.01,0.03,0.225,11.0646584523277,2.77293466685868,0.225,8.8,2.77293466685868
246,0.25,6.125,4.0375,4.25e-05,5.5e-05,5e-06,0.05,0.8,3.8,0.275,2.8,6.65,0.00725,0.00525,0.0152,0.145773797371132,7.37049297311019,2.27426728127251,0.145773797371132,6.125,2.27426728127251
258,0.1125,3.45,3.4,5e-06,6e-05,5e-06,0.05,0.7,2.2,0.05,3.6,6.3,0.0005,0.0005,0.0004,0.125,3.73496987939662,3.09515750810843,0.1125,3.45,3.09515750810843
270,0.07625,3.86125,2.58125,1.25e-05,4e-05,5e-06,0.0275,0.37,1.6,0.05,2.25,4.6,0.000285,0.00037,0.000235,0.0665050123424292,5.12703679038877,2.36232362657335,0.0665050123424292,3.86125,2.36232362657335
282,0.04,4.2725,1.7625,2e-05,2e-05,5e-06,0.005,0.04,1,0.05,0.9,2.9,7e-05,0.00024,7e-05,0.02,6.52357455694345,1.66502001989966,0.02,4.2725,1.66502001989966
294,0.10125,3.33625,1.4125,1.5e-05,2e-05,5e-06,0.005,0.035,1.95,0.0275,0.465,3.35,5.5e-05,0.000255,5e-05,0.1025,4.04700583765331,1.27907844429756,0.10125,3.33625,1.27907844429756
306,0.1625,2.4,1.0625,1e-05,2e-05,5e-06,0.005,0.03,2.9,0.005,0.03,3.8,4e-05,0.00027,3e-05,0.225,2.27888861801829,1.03712342563458,0.1625,2.27888861801829,1.03712342563458
