plate	row	column	experiment	strain	treatment	concentration	level_7	grate	drug	evolved
96-custom	A	1	growth_rate_20260720	PL	M9	0.0	mu	0.13920195888664882	False	evolved
96-custom	A	2	growth_rate_20260720	PM	M9	0.0	mu	0.03727289542660663	False	evolved
96-custom	A	3	growth_rate_20260720	LM	M9	0.0	mu	0.023299971420973266	False	evolved
96-custom	A	4	growth_rate_20260720	PL+PM	M9	0.0	mu	0.04407967879223556	False	evolved
96-custom	A	5	growth_rate_20260720	PL+PM	M9	0.0	mu	0.060671645211173894	False	evolved
96-custom	A	6	growth_rate_20260720	LM+PL	M9	0.0	mu	0.015078550792377878	False	evolved
96-custom	A	7	growth_rate_20260720	LM+PL	M9	0.0	mu	0.01152058852091548	False	evolved
96-custom	A	8	growth_rate_20260720	LM+PM	M9	0.0	mu	0.012454931950657144	False	evolved
96-custom	A	9	growth_rate_20260720	LM+PM	M9	0.0	mu	0.009551705544430984	False	evolved
96-custom	A	10	growth_rate_20260720	TriComm	M9	0.0	mu	0.06771418909549189	False	evolved
96-custom	A	11	growth_rate_20260720	TriComm	M9	0.0	mu	0.06893762083367633	False	evolved
96-custom	A	12	growth_rate_20260720	TriComm	M9	0.0	mu	0.06911238887611515	False	evolved
96-custom	B	1	growth_rate_20260720	PL	M9+Phe	0.0	mu	0.02849293965697971	False	evolved
96-custom	B	2	growth_rate_20260720	PM	M9+Phe	0.0	mu	0.020275844203514862	False	evolved
96-custom	B	3	growth_rate_20260720	LM	M9+Phe	0.0	mu	0.00453738570265074	False	evolved
96-custom	B	4	growth_rate_20260720	PL+PM	M9+Phe	0.0	mu	0.048188707530040946	False	evolved
96-custom	B	5	growth_rate_20260720	PL+PM	M9+Phe	0.0	mu	0.0437663017919638	False	evolved
96-custom	B	6	growth_rate_20260720	LM+PL	M9+Phe	0.0	mu	2.085240714500295e-30	False	evolved
96-custom	B	7	growth_rate_20260720	LM+PL	M9+Phe	0.0	mu	2.879618129548027e-30	False	evolved
96-custom	B	8	growth_rate_20260720	LM+PM	M9+Phe	0.0	mu	0.001299450681503005	False	evolved
96-custom	B	9	growth_rate_20260720	LM+PM	M9+Phe	0.0	mu	0.0018903436803026936	False	evolved
96-custom	B	10	growth_rate_20260720	TriComm	M9+Phe	0.0	mu	0.02865946385854865	False	evolved
96-custom	B	11	growth_rate_20260720	TriComm	M9+Phe	0.0	mu	0.028154574573858053	False	evolved
96-custom	B	12	growth_rate_20260720	TriComm	M9+Phe	0.0	mu	0.05025569360789141	False	evolved
96-custom	C	1	growth_rate_20260720	PL	M9+Met	0.0	mu	0.05822753218314954	False	evolved
96-custom	C	2	growth_rate_20260720	PM	M9+Met	0.0	mu	0.024991190267072708	False	evolved
96-custom	C	3	growth_rate_20260720	LM	M9+Met	0.0	mu	0.0006577604716557232	False	evolved
96-custom	C	4	growth_rate_20260720	PL+PM	M9+Met	0.0	mu	0.08236916995226609	False	evolved
96-custom	C	5	growth_rate_20260720	PL+PM	M9+Met	0.0	mu	0.08458559984904626	False	evolved
96-custom	C	6	growth_rate_20260720	LM+PL	M9+Met	0.0	mu	-0.001897694619478241	False	evolved
96-custom	C	7	growth_rate_20260720	LM+PL	M9+Met	0.0	mu	-0.0023226738582598975	False	evolved
96-custom	C	8	growth_rate_20260720	LM+PM	M9+Met	0.0	mu	0.08816995385673501	False	evolved
96-custom	C	9	growth_rate_20260720	LM+PM	M9+Met	0.0	mu	0.09137958833309254	False	evolved
96-custom	C	10	growth_rate_20260720	TriComm	M9+Met	0.0	mu	0.08410160030557401	False	evolved
96-custom	C	11	growth_rate_20260720	TriComm	M9+Met	0.0	mu	0.10029112654827123	False	evolved
96-custom	C	12	growth_rate_20260720	TriComm	M9+Met	0.0	mu	0.07609160642223473	False	evolved
96-custom	D	1	growth_rate_20260720	PL	M9+Lys	0.0	mu	0.06879959535052096	False	evolved
96-custom	D	2	growth_rate_20260720	PM	M9+Lys	0.0	mu	-0.0005316863481684049	False	evolved
96-custom	D	3	growth_rate_20260720	LM	M9+Lys	0.0	mu	0.0012345704101456303	False	evolved
96-custom	D	4	growth_rate_20260720	PL+PM	M9+Lys	0.0	mu	0.058134379562144525	False	evolved
96-custom	D	5	growth_rate_20260720	PL+PM	M9+Lys	0.0	mu	0.06053729479477451	False	evolved
96-custom	D	6	growth_rate_20260720	LM+PL	M9+Lys	0.0	mu	0.04375439380014798	False	evolved
96-custom	D	7	growth_rate_20260720	LM+PL	M9+Lys	0.0	mu	0.044215305361127194	False	evolved
96-custom	D	8	growth_rate_20260720	LM+PM	M9+Lys	0.0	mu	-0.0003829271549419662	False	evolved
96-custom	D	9	growth_rate_20260720	LM+PM	M9+Lys	0.0	mu	0.00531381954502544	False	evolved
96-custom	D	10	growth_rate_20260720	TriComm	M9+Lys	0.0	mu	0.04781856672419594	False	evolved
96-custom	D	11	growth_rate_20260720	TriComm	M9+Lys	0.0	mu	0.04729728791042867	False	evolved
96-custom	D	12	growth_rate_20260720	TriComm	M9+Lys	0.0	mu	0.04968675123166143	False	evolved
96-custom	E	1	growth_rate_20260720	PL	M9+Lys+Phe	0.0	mu	0.24422201594478948	False	evolved
96-custom	E	2	growth_rate_20260720	PM	M9+Lys+Phe	0.0	mu	-0.0024934640742724254	False	evolved
96-custom	E	3	growth_rate_20260720	LM	M9+Lys+Phe	0.0	mu	-0.002038958736388755	False	evolved
96-custom	E	4	growth_rate_20260720	PL+PM	M9+Lys+Phe	0.0	mu	0.07888751388410742	False	evolved
96-custom	E	5	growth_rate_20260720	PL+PM	M9+Lys+Phe	0.0	mu	0.05536295869736487	False	evolved
96-custom	E	6	growth_rate_20260720	LM+PL	M9+Lys+Phe	0.0	mu	0.06801421675859874	False	evolved
96-custom	E	7	growth_rate_20260720	LM+PL	M9+Lys+Phe	0.0	mu	0.11228913548757563	False	evolved
96-custom	E	8	growth_rate_20260720	LM+PM	M9+Lys+Phe	0.0	mu	0.0038376951165193392	False	evolved
96-custom	E	9	growth_rate_20260720	LM+PM	M9+Lys+Phe	0.0	mu	0.003601488478135663	False	evolved
96-custom	E	10	growth_rate_20260720	TriComm	M9+Lys+Phe	0.0	mu	0.12230128566164067	False	evolved
96-custom	E	11	growth_rate_20260720	TriComm	M9+Lys+Phe	0.0	mu	0.10598988866680703	False	evolved
96-custom	E	12	growth_rate_20260720	TriComm	M9+Lys+Phe	0.0	mu	0.17645818590778128	False	evolved
96-custom	F	1	growth_rate_20260720	PL	M9+Met+Phe	0.0	mu	0.016197653618412428	False	evolved
96-custom	F	2	growth_rate_20260720	PM	M9+Met+Phe	0.0	mu	0.12864895890404526	False	evolved
96-custom	F	3	growth_rate_20260720	LM	M9+Met+Phe	0.0	mu	-0.0024027041493437434	False	evolved
96-custom	F	4	growth_rate_20260720	PL+PM	M9+Met+Phe	0.0	mu	0.16201901790629952	False	evolved
96-custom	F	5	growth_rate_20260720	PL+PM	M9+Met+Phe	0.0	mu	0.08360106012339147	False	evolved
96-custom	F	6	growth_rate_20260720	LM+PL	M9+Met+Phe	0.0	mu	0.007672102763741701	False	evolved
96-custom	F	7	growth_rate_20260720	LM+PL	M9+Met+Phe	0.0	mu	-0.0036863109728656517	False	evolved
96-custom	F	8	growth_rate_20260720	LM+PM	M9+Met+Phe	0.0	mu	0.12690032793632858	False	evolved
96-custom	F	9	growth_rate_20260720	LM+PM	M9+Met+Phe	0.0	mu	0.05155130385438077	False	evolved
96-custom	F	10	growth_rate_20260720	TriComm	M9+Met+Phe	0.0	mu	0.12883781426848492	False	evolved
96-custom	F	11	growth_rate_20260720	TriComm	M9+Met+Phe	0.0	mu	0.14430601105833543	False	evolved
96-custom	F	12	growth_rate_20260720	TriComm	M9+Met+Phe	0.0	mu	0.20374503626352336	False	evolved
96-custom	G	1	growth_rate_20260720	PL	M9+Lys+Met	0.0	mu	0.09243015030713875	False	evolved
96-custom	G	2	growth_rate_20260720	PM	M9+Lys+Met	0.0	mu	0.04987524774861024	False	evolved
96-custom	G	3	growth_rate_20260720	LM	M9+Lys+Met	0.0	mu	0.008176579461570584	False	evolved
96-custom	G	4	growth_rate_20260720	PL+PM	M9+Lys+Met	0.0	mu	0.10053787557349102	False	evolved
96-custom	G	5	growth_rate_20260720	PL+PM	M9+Lys+Met	0.0	mu	0.07224044802014096	False	evolved
96-custom	G	6	growth_rate_20260720	LM+PL	M9+Lys+Met	0.0	mu	0.014050545084586117	False	evolved
96-custom	G	7	growth_rate_20260720	LM+PL	M9+Lys+Met	0.0	mu	0.01213959651648851	False	evolved
96-custom	G	8	growth_rate_20260720	LM+PM	M9+Lys+Met	0.0	mu	0.10681518244981603	False	evolved
96-custom	G	9	growth_rate_20260720	LM+PM	M9+Lys+Met	0.0	mu	0.1028984835607541	False	evolved
96-custom	G	10	growth_rate_20260720	TriComm	M9+Lys+Met	0.0	mu	0.025478211697448502	False	evolved
96-custom	G	11	growth_rate_20260720	TriComm	M9+Lys+Met	0.0	mu	0.03576497434893694	False	evolved
96-custom	G	12	growth_rate_20260720	TriComm	M9+Lys+Met	0.0	mu	0.06018828008507807	False	evolved
96-custom	H	1	growth_rate_20260720	PL	M9+Lys+Met+Phe	0.0	mu	0.11081509491034511	False	evolved
96-custom	H	2	growth_rate_20260720	PM	M9+Lys+Met+Phe	0.0	mu	0.28160652579126993	False	evolved
96-custom	H	3	growth_rate_20260720	LM	M9+Lys+Met+Phe	0.0	mu	0.03151556791974477	False	evolved
96-custom	H	4	growth_rate_20260720	PL+PM	M9+Lys+Met+Phe	0.0	mu	0.17347057329677765	False	evolved
96-custom	H	5	growth_rate_20260720	PL+PM	M9+Lys+Met+Phe	0.0	mu	0.20163019294900003	False	evolved
96-custom	H	6	growth_rate_20260720	LM+PL	M9+Lys+Met+Phe	0.0	mu	0.03516847404980927	False	evolved
96-custom	H	7	growth_rate_20260720	LM+PL	M9+Lys+Met+Phe	0.0	mu	0.0428671179926982	False	evolved
96-custom	H	8	growth_rate_20260720	LM+PM	M9+Lys+Met+Phe	0.0	mu	0.11823218175839374	False	evolved
96-custom	H	9	growth_rate_20260720	LM+PM	M9+Lys+Met+Phe	0.0	mu	0.11356712202717598	False	evolved
96-custom	H	10	growth_rate_20260720	TriComm	M9+Lys+Met+Phe	0.0	mu	0.11817293228587183	False	evolved
96-custom	H	11	growth_rate_20260720	TriComm	M9+Lys+Met+Phe	0.0	mu	0.11713688336141795	False	evolved
96-custom	H	12	growth_rate_20260720	TriComm	M9+Lys+Met+Phe	0.0	mu	0.11950752477893355	False	evolved
