replicate	row	column	strain	media	auc
rep1	A	1	PL	M9+Cas	31387.2
rep1	A	2	PL	M9+Cas	36350.4
rep1	A	3	PL	M9+Cas	37633.19999999999
rep1	A	4	PL	M9+PL	13737.0
rep1	A	5	PL	M9+PL	13632.0
rep1	A	6	PL	M9+PL	13609.200000000003
rep1	A	7	PL	M9+PM	7795.800000000003
rep1	A	8	PL	M9+PM	7591.200000000001
rep1	A	9	PL	M9+PM	7432.800000000002
rep1	A	10	PL	M9+LM	7259.4
rep1	A	11	PL	M9+LM	7547.4000000000015
rep1	A	12	PL	M9+LM	7319.4000000000015
rep1	B	1	PM	M9+Cas	41742.00000000001
rep1	B	2	PM	M9+Cas	43117.19999999999
rep1	B	3	PM	M9+Cas	47554.2
rep1	B	4	PM	M9+PL	7722.599999999999
rep1	B	5	PM	M9+PL	8002.800000000001
rep1	B	6	PM	M9+PL	7738.199999999999
rep1	B	7	PM	M9+PM	24038.399999999994
rep1	B	8	PM	M9+PM	23728.800000000007
rep1	B	9	PM	M9+PM	28529.39999999999
rep1	B	10	PM	M9+LM	7821.6
rep1	B	11	PM	M9+LM	7697.999999999999
rep1	B	12	PM	M9+LM	7167.599999999999
rep1	C	1	LM-KAN	M9+Cas	37955.4
rep1	C	2	LM-KAN	M9+Cas	40774.79999999999
rep1	C	3	LM-KAN	M9+Cas	39718.8
rep1	C	4	LM-KAN	M9+PL	7788.6
rep1	C	5	LM-KAN	M9+PL	7918.2
rep1	C	6	LM-KAN	M9+PL	7434.599999999999
rep1	C	7	LM-KAN	M9+PM	7761.599999999999
rep1	C	8	LM-KAN	M9+PM	8264.4
rep1	C	9	LM-KAN	M9+PM	7667.400000000001
rep1	C	10	LM-KAN	M9+LM	13098.6
rep1	C	11	LM-KAN	M9+LM	12877.2
rep1	C	12	LM-KAN	M9+LM	12823.199999999999
rep1	D	1	PL-gfp	M9+Cas	42641.399999999994
rep1	D	2	PL-gfp	M9+Cas	57982.799999999996
rep1	D	3	PL-gfp	M9+Cas	67755.6
rep1	D	4	PL-gfp	M9+PL	13315.199999999999
rep1	D	5	PL-gfp	M9+PL	13406.4
rep1	D	6	PL-gfp	M9+PL	12807.000000000002
rep1	D	7	PL-gfp	M9+PM	7804.200000000001
rep1	D	8	PL-gfp	M9+PM	7722.000000000001
rep1	D	9	PL-gfp	M9+PM	7057.800000000001
rep1	D	10	PL-gfp	M9+LM	6959.4
rep1	D	11	PL-gfp	M9+LM	7103.999999999999
rep1	D	12	PL-gfp	M9+LM	7130.4
rep1	E	1	PM-mScarlet	M9+Cas	36284.4
rep1	E	2	PM-mScarlet	M9+Cas	49861.8
rep1	E	3	PM-mScarlet	M9+Cas	55071.0
rep1	E	4	PM-mScarlet	M9+PL	7988.400000000001
rep1	E	5	PM-mScarlet	M9+PL	7880.400000000001
rep1	E	6	PM-mScarlet	M9+PL	7270.200000000001
rep1	E	7	PM-mScarlet	M9+PM	17743.8
rep1	E	8	PM-mScarlet	M9+PM	17149.199999999997
rep1	E	9	PM-mScarlet	M9+PM	16797.600000000002
rep1	E	10	PM-mScarlet	M9+LM	7096.800000000001
rep1	E	11	PM-mScarlet	M9+LM	7054.200000000001
rep1	E	12	PM-mScarlet	M9+LM	7176.000000000001
rep1	F	1	LM-PVI	M9+Cas	42686.399999999994
rep1	F	2	LM-PVI	M9+Cas	52940.4
rep1	F	3	LM-PVI	M9+Cas	58768.19999999999
rep1	F	4	LM-PVI	M9+PL	7309.199999999999
rep1	F	5	LM-PVI	M9+PL	7279.199999999998
rep1	F	6	LM-PVI	M9+PL	7033.799999999998
rep1	F	7	LM-PVI	M9+PM	7822.2
rep1	F	8	LM-PVI	M9+PM	7487.400000000001
rep1	F	9	LM-PVI	M9+PM	7799.400000000001
rep1	F	10	LM-PVI	M9+LM	15091.2
rep1	F	11	LM-PVI	M9+LM	14318.400000000003
rep1	F	12	LM-PVI	M9+LM	14312.999999999998
rep1	G	1	LM-PVB	M9+Cas	27294.0
rep1	G	2	LM-PVB	M9+Cas	31278.6
rep1	G	3	LM-PVB	M9+Cas	30481.199999999993
rep1	G	4	LM-PVB	M9+PL	8191.800000000001
rep1	G	5	LM-PVB	M9+PL	8084.4000000000015
rep1	G	6	LM-PVB	M9+PL	7774.200000000002
rep1	G	7	LM-PVB	M9+PM	7436.999999999997
rep1	G	8	LM-PVB	M9+PM	7788.000000000001
rep1	G	9	LM-PVB	M9+PM	8371.8
rep1	G	10	LM-PVB	M9+LM	14677.2
rep1	G	11	LM-PVB	M9+LM	14020.199999999999
rep1	G	12	LM-PVB	M9+LM	13695.0
rep2	A	1	PL	M9+Cas	28766.400000000005
rep2	A	2	PL	M9+Cas	32610.6
rep2	A	3	PL	M9+Cas	33349.200000000004
rep2	A	4	PL	M9+PL	11401.800000000001
rep2	A	5	PL	M9+PL	11184.599999999999
rep2	A	6	PL	M9+PL	11422.2
rep2	A	7	PL	M9+PM	7877.399999999998
rep2	A	8	PL	M9+PM	7538.999999999998
rep2	A	9	PL	M9+PM	7488.0
rep2	A	10	PL	M9+LM	7132.199999999998
rep2	A	11	PL	M9+LM	7236.000000000001
rep2	A	12	PL	M9+LM	6809.4
rep2	B	1	PM	M9+Cas	33869.4
rep2	B	2	PM	M9+Cas	38774.399999999994
rep2	B	3	PM	M9+Cas	38975.40000000001
rep2	B	4	PM	M9+PL	7439.400000000001
rep2	B	5	PM	M9+PL	7461.599999999999
rep2	B	6	PM	M9+PL	7627.799999999999
rep2	B	7	PM	M9+PM	21648.000000000004
rep2	B	8	PM	M9+PM	22073.400000000005
rep2	B	9	PM	M9+PM	22460.400000000005
rep2	B	10	PM	M9+LM	7494.6
rep2	B	11	PM	M9+LM	7737.000000000001
rep2	B	12	PM	M9+LM	7214.399999999999
rep2	C	1	LM-KAN	M9+Cas	39886.200000000004
rep2	C	2	LM-KAN	M9+Cas	57236.99999999999
rep2	C	3	LM-KAN	M9+Cas	56529.00000000001
rep2	C	4	LM-KAN	M9+PL	7506.6
rep2	C	5	LM-KAN	M9+PL	8223.0
rep2	C	6	LM-KAN	M9+PL	7917.599999999999
rep2	C	7	LM-KAN	M9+PM	7627.800000000001
rep2	C	8	LM-KAN	M9+PM	8134.800000000002
rep2	C	9	LM-KAN	M9+PM	7667.999999999998
rep2	C	10	LM-KAN	M9+LM	12216.600000000002
rep2	C	11	LM-KAN	M9+LM	12266.4
rep2	C	12	LM-KAN	M9+LM	12109.800000000001
rep2	D	1	PL-gfp	M9+Cas	38259.0
rep2	D	2	PL-gfp	M9+Cas	51100.8
rep2	D	3	PL-gfp	M9+Cas	56913.0
rep2	D	4	PL-gfp	M9+PL	11419.2
rep2	D	5	PL-gfp	M9+PL	11551.200000000003
rep2	D	6	PL-gfp	M9+PL	11235.600000000002
rep2	D	7	PL-gfp	M9+PM	8625.0
rep2	D	8	PL-gfp	M9+PM	8364.6
rep2	D	9	PL-gfp	M9+PM	8111.400000000001
rep2	D	10	PL-gfp	M9+LM	7691.4
rep2	D	11	PL-gfp	M9+LM	7631.399999999999
rep2	D	12	PL-gfp	M9+LM	7298.4
rep2	E	1	PM-mScarlet	M9+Cas	33900.6
rep2	E	2	PM-mScarlet	M9+Cas	43978.200000000004
rep2	E	3	PM-mScarlet	M9+Cas	45307.2
rep2	E	4	PM-mScarlet	M9+PL	8515.8
rep2	E	5	PM-mScarlet	M9+PL	8361.000000000002
rep2	E	6	PM-mScarlet	M9+PL	8414.400000000001
rep2	E	7	PM-mScarlet	M9+PM	15767.400000000001
rep2	E	8	PM-mScarlet	M9+PM	15862.800000000001
rep2	E	9	PM-mScarlet	M9+PM	15962.400000000001
rep2	E	10	PM-mScarlet	M9+LM	7584.599999999999
rep2	E	11	PM-mScarlet	M9+LM	7368.599999999999
rep2	E	12	PM-mScarlet	M9+LM	7078.799999999999
rep2	F	1	LM-PVI	M9+Cas	39032.99999999999
rep2	F	2	LM-PVI	M9+Cas	49617.00000000001
rep2	F	3	LM-PVI	M9+Cas	65090.4
rep2	F	4	LM-PVI	M9+PL	8761.8
rep2	F	5	LM-PVI	M9+PL	8669.4
rep2	F	6	LM-PVI	M9+PL	8127.000000000002
rep2	F	7	LM-PVI	M9+PM	8142.0
rep2	F	8	LM-PVI	M9+PM	7999.200000000001
rep2	F	9	LM-PVI	M9+PM	8119.200000000001
rep2	F	10	LM-PVI	M9+LM	13603.8
rep2	F	11	LM-PVI	M9+LM	13132.800000000001
rep2	F	12	LM-PVI	M9+LM	13644.000000000002
rep2	G	1	LM-PVB	M9+Cas	23953.2
rep2	G	2	LM-PVB	M9+Cas	27112.8
rep2	G	3	LM-PVB	M9+Cas	29508.600000000002
rep2	G	4	LM-PVB	M9+PL	7993.799999999999
rep2	G	5	LM-PVB	M9+PL	8307.0
rep2	G	6	LM-PVB	M9+PL	7941.6
rep2	G	7	LM-PVB	M9+PM	8431.199999999999
rep2	G	8	LM-PVB	M9+PM	8177.4
rep2	G	9	LM-PVB	M9+PM	7842.000000000001
rep2	G	10	LM-PVB	M9+LM	13146.0
rep2	G	11	LM-PVB	M9+LM	12981.0
rep2	G	12	LM-PVB	M9+LM	12348.6
