replicate	row	column	strain	treatment	grate
rep1	A	1	PL	M9+Cas	0.4428941657105241
rep1	A	2	PL	M9+Cas	0.4281574022144543
rep1	A	3	PL	M9+Cas	0.4392369939483673
rep1	A	4	PL	M9+PL	0.3006237289481007
rep1	A	5	PL	M9+PL	0.2920777213458112
rep1	A	6	PL	M9+PL	0.2772491100505996
rep1	A	7	PL	M9+PM	0.0788305835939698
rep1	A	8	PL	M9+PM	0.092929220524497
rep1	A	9	PL	M9+PM	0.0761709822051227
rep1	A	10	PL	M9+LM	0.062697202550159
rep1	A	11	PL	M9+LM	0.0940620149867059
rep1	A	12	PL	M9+LM	0.0482411803718117
rep1	B	1	PM	M9+Cas	0.4314813236347647
rep1	B	2	PM	M9+Cas	0.4668647325047271
rep1	B	3	PM	M9+Cas	0.4568631042686561
rep1	B	4	PM	M9+PL	0.0792972732470968
rep1	B	5	PM	M9+PL	0.0717189350057705
rep1	B	6	PM	M9+PL	0.0321892863078671
rep1	B	7	PM	M9+PM	0.3643038981366762
rep1	B	8	PM	M9+PM	0.3800974177995189
rep1	B	9	PM	M9+PM	0.3570974667932715
rep1	B	10	PM	M9+LM	0.0482929889519376
rep1	B	11	PM	M9+LM	0.0732980275071157
rep1	B	12	PM	M9+LM	0.0309657859583126
rep1	C	1	LM-KAN	M9+Cas	0.3427973650336457
rep1	C	2	LM-KAN	M9+Cas	0.3437205928776177
rep1	C	3	LM-KAN	M9+Cas	0.3664883022353737
rep1	C	4	LM-KAN	M9+PL	0.0414578000459045
rep1	C	5	LM-KAN	M9+PL	0.0521552087057627
rep1	C	6	LM-KAN	M9+PL	0.0409066294599003
rep1	C	7	LM-KAN	M9+PM	0.0531430161225106
rep1	C	8	LM-KAN	M9+PM	0.0605816444644315
rep1	C	9	LM-KAN	M9+PM	0.0558779192246759
rep1	C	10	LM-KAN	M9+LM	0.2697682929670779
rep1	C	11	LM-KAN	M9+LM	0.2173557841248033
rep1	C	12	LM-KAN	M9+LM	0.265135542568993
rep1	D	1	PL-gfp	M9+Cas	0.4931745606099196
rep1	D	2	PL-gfp	M9+Cas	0.4403014803893013
rep1	D	3	PL-gfp	M9+Cas	0.4724346264537862
rep1	D	4	PL-gfp	M9+PL	0.2398506423539104
rep1	D	5	PL-gfp	M9+PL	0.2646899538321189
rep1	D	6	PL-gfp	M9+PL	0.2805534363936064
rep1	D	7	PL-gfp	M9+PM	0.0472095466124514
rep1	D	8	PL-gfp	M9+PM	0.0379851964421664
rep1	D	9	PL-gfp	M9+PM	0.0123866668304075
rep1	D	10	PL-gfp	M9+LM	0.0514444025780099
rep1	D	11	PL-gfp	M9+LM	0.0710442317551721
rep1	D	12	PL-gfp	M9+LM	0.1005537346448172
rep1	E	1	PM-mScarlet	M9+Cas	0.465144131686289
rep1	E	2	PM-mScarlet	M9+Cas	0.4494164773588461
rep1	E	3	PM-mScarlet	M9+Cas	0.4683582453828714
rep1	E	4	PM-mScarlet	M9+PL	0.0645638359119596
rep1	E	5	PM-mScarlet	M9+PL	0.0571453750984512
rep1	E	6	PM-mScarlet	M9+PL	0.0429891176114494
rep1	E	7	PM-mScarlet	M9+PM	0.3198814472584315
rep1	E	8	PM-mScarlet	M9+PM	0.3303190372342025
rep1	E	9	PM-mScarlet	M9+PM	0.3708350370544235
rep1	E	10	PM-mScarlet	M9+LM	0.0282851466931881
rep1	E	11	PM-mScarlet	M9+LM	0.0689123057341579
rep1	E	12	PM-mScarlet	M9+LM	0.0817346536665784
rep1	F	1	LM-PVI	M9+Cas	0.5752140472402455
rep1	F	2	LM-PVI	M9+Cas	0.5638130148875335
rep1	F	3	LM-PVI	M9+Cas	0.6325747007839719
rep1	F	4	LM-PVI	M9+PL	0.0514322830652325
rep1	F	5	LM-PVI	M9+PL	0.0723514623433329
rep1	F	6	LM-PVI	M9+PL	0.050510745333472
rep1	F	7	LM-PVI	M9+PM	0.0617388349080689
rep1	F	8	LM-PVI	M9+PM	0.0778332198302132
rep1	F	9	LM-PVI	M9+PM	0.0580501219333237
rep1	F	10	LM-PVI	M9+LM	0.2741662901710071
rep1	F	11	LM-PVI	M9+LM	0.2913100384959861
rep1	F	12	LM-PVI	M9+LM	0.2082066054236827
rep1	G	1	LM-PVB	M9+Cas	0.3198281662460715
rep1	G	2	LM-PVB	M9+Cas	0.3446469924678184
rep1	G	3	LM-PVB	M9+Cas	0.3530545818890399
rep1	G	4	LM-PVB	M9+PL	0.0625732199700408
rep1	G	5	LM-PVB	M9+PL	0.0565678008339099
rep1	G	6	LM-PVB	M9+PL	0.0553773517128723
rep1	G	7	LM-PVB	M9+PM	0.0165772563672453
rep1	G	8	LM-PVB	M9+PM	0.0251462062775055
rep1	G	9	LM-PVB	M9+PM	0.0422812983523885
rep1	G	10	LM-PVB	M9+LM	0.2584293829031274
rep1	G	11	LM-PVB	M9+LM	0.1896305472901211
rep1	G	12	LM-PVB	M9+LM	0.2715922380405621
rep2	A	1	PL	M9+Cas	0.3964383119707548
rep2	A	2	PL	M9+Cas	0.4375332470801134
rep2	A	3	PL	M9+Cas	0.422338115222093
rep2	A	4	PL	M9+PL	0.2390236799886806
rep2	A	5	PL	M9+PL	0.213304339597581
rep2	A	6	PL	M9+PL	0.227255519629003
rep2	A	7	PL	M9+PM	0.120278437203527
rep2	A	8	PL	M9+PM	0.0747459653363471
rep2	A	9	PL	M9+PM	0.064101697736386
rep2	A	10	PL	M9+LM	0.061218559010208
rep2	A	11	PL	M9+LM	0.0923913200107339
rep2	A	12	PL	M9+LM	0.0510703215338051
rep2	B	1	PM	M9+Cas	0.4053135589699104
rep2	B	2	PM	M9+Cas	0.4480122021764063
rep2	B	3	PM	M9+Cas	0.4436010659826355
rep2	B	4	PM	M9+PL	0.0672483040172958
rep2	B	5	PM	M9+PL	0.0826712894742561
rep2	B	6	PM	M9+PL	0.0709684018266402
rep2	B	7	PM	M9+PM	0.3948948241345532
rep2	B	8	PM	M9+PM	0.3675567832220474
rep2	B	9	PM	M9+PM	0.3738708655657055
rep2	B	10	PM	M9+LM	0.0551663269658502
rep2	B	11	PM	M9+LM	0.0516719776104753
rep2	B	12	PM	M9+LM	0.0633822324330373
rep2	C	1	LM-KAN	M9+Cas	0.3576372429951803
rep2	C	2	LM-KAN	M9+Cas	0.4094894358779348
rep2	C	3	LM-KAN	M9+Cas	0.4228835459276505
rep2	C	4	LM-KAN	M9+PL	0.0653797811520313
rep2	C	5	LM-KAN	M9+PL	0.0729879152730551
rep2	C	6	LM-KAN	M9+PL	0.0598185037732904
rep2	C	7	LM-KAN	M9+PM	0.0411531675286998
rep2	C	8	LM-KAN	M9+PM	0.0752486960787541
rep2	C	9	LM-KAN	M9+PM	0.0566071452121176
rep2	C	10	LM-KAN	M9+LM	0.2265242565743996
rep2	C	11	LM-KAN	M9+LM	0.2355774674046252
rep2	C	12	LM-KAN	M9+LM	0.2576501693019774
rep2	D	1	PL-gfp	M9+Cas	0.4355293844183722
rep2	D	2	PL-gfp	M9+Cas	0.4182215131445765
rep2	D	3	PL-gfp	M9+Cas	0.4757412239599081
rep2	D	4	PL-gfp	M9+PL	0.2181442427351125
rep2	D	5	PL-gfp	M9+PL	0.2048733812021155
rep2	D	6	PL-gfp	M9+PL	0.2101545328448078
rep2	D	7	PL-gfp	M9+PM	0.0756429239463324
rep2	D	8	PL-gfp	M9+PM	0.0704698854263398
rep2	D	9	PL-gfp	M9+PM	0.0542275884225482
rep2	D	10	PL-gfp	M9+LM	0.0669182189050252
rep2	D	11	PL-gfp	M9+LM	0.1084228518268369
rep2	D	12	PL-gfp	M9+LM	0.1022418409771781
rep2	E	1	PM-mScarlet	M9+Cas	0.4541838397353548
rep2	E	2	PM-mScarlet	M9+Cas	0.3871647286660032
rep2	E	3	PM-mScarlet	M9+Cas	0.4123617881134481
rep2	E	4	PM-mScarlet	M9+PL	0.085897883132836
rep2	E	5	PM-mScarlet	M9+PL	0.0652748548178474
rep2	E	6	PM-mScarlet	M9+PL	0.1138750166557643
rep2	E	7	PM-mScarlet	M9+PM	0.318885077647318
rep2	E	8	PM-mScarlet	M9+PM	0.3399222104765938
rep2	E	9	PM-mScarlet	M9+PM	0.317548699729268
rep2	E	10	PM-mScarlet	M9+LM	0.049258717684977
rep2	E	11	PM-mScarlet	M9+LM	0.1075236030519485
rep2	E	12	PM-mScarlet	M9+LM	0.0430218104153432
rep2	F	1	LM-PVI	M9+Cas	0.5119433519283384
rep2	F	2	LM-PVI	M9+Cas	0.4770907911900702
rep2	F	3	LM-PVI	M9+Cas	0.5814860805745526
rep2	F	4	LM-PVI	M9+PL	0.1230179416876551
rep2	F	5	LM-PVI	M9+PL	0.09529657721495
rep2	F	6	LM-PVI	M9+PL	0.0824513974716756
rep2	F	7	LM-PVI	M9+PM	0.1003147708465101
rep2	F	8	LM-PVI	M9+PM	0.0756485810556321
rep2	F	9	LM-PVI	M9+PM	0.0644947399935122
rep2	F	10	LM-PVI	M9+LM	0.29284097948446
rep2	F	11	LM-PVI	M9+LM	0.2573597865459479
rep2	F	12	LM-PVI	M9+LM	0.2454832319410982
rep2	G	1	LM-PVB	M9+Cas	0.2989458536456468
rep2	G	2	LM-PVB	M9+Cas	0.3055050055295931
rep2	G	3	LM-PVB	M9+Cas	0.3280830498219352
rep2	G	4	LM-PVB	M9+PL	0.0690507535861144
rep2	G	5	LM-PVB	M9+PL	0.06243734754891
rep2	G	6	LM-PVB	M9+PL	0.0467990272573143
rep2	G	7	LM-PVB	M9+PM	0.0588539014770882
rep2	G	8	LM-PVB	M9+PM	0.0614643135617041
rep2	G	9	LM-PVB	M9+PM	0.0819040589660594
rep2	G	10	LM-PVB	M9+LM	0.1929473743684886
rep2	G	11	LM-PVB	M9+LM	0.2074085937369495
rep2	G	12	LM-PVB	M9+LM	0.250556766121474
