replicate	vial	name	short	plasmid	drug	time	plate	strain	count	cfu_raw	per_colony_cfu	detection_limit	CFU/mL alt	CFU/mL
rep1	M0	TriComm KAN no drug	KAN no drug	KAN	0	0.0	COL	LM	0.0	0		100.0	50.0	
rep1	M0	TriComm KAN no drug	KAN no drug	KAN	0	0.0	COL	PL	0.0	0		100.0	50.0	
rep1	M0	TriComm KAN no drug	KAN no drug	KAN	0	0.0	COL	PM	0.0	0		100.0	50.0	
rep1	M0	TriComm KAN no drug	KAN no drug	KAN	0	0.0	KAN	LM	7.0	70000000	10000000.0	1000000.0	70000000.0	70000000.0
rep1	M0	TriComm KAN no drug	KAN no drug	KAN	0	0.0	KAN	PL	33.0	33000000	1000000.0	1000000.0	33000000.0	33000000.0
rep1	M0	TriComm KAN no drug	KAN no drug	KAN	0	0.0	KAN	PM	4.0	40000000	10000000.0	1000000.0	40000000.0	40000000.0
rep1	M0	TriComm KAN no drug	KAN no drug	KAN	0	20.0	COL	LM	0.0	0		100.0	50.0	
rep1	M0	TriComm KAN no drug	KAN no drug	KAN	0	20.0	COL	PL	0.0	0		100.0	50.0	
rep1	M0	TriComm KAN no drug	KAN no drug	KAN	0	20.0	COL	PM	0.0	0		100.0	50.0	
rep1	M0	TriComm KAN no drug	KAN no drug	KAN	0	20.0	KAN	LM	14.0	140000000	10000000.0	10000000.0	140000000.0	140000000.0
rep1	M0	TriComm KAN no drug	KAN no drug	KAN	0	20.0	KAN	PL	2.0	20000000	10000000.0	10000000.0	20000000.0	20000000.0
rep1	M0	TriComm KAN no drug	KAN no drug	KAN	0	20.0	KAN	PM	6.0	60000000	10000000.0	10000000.0	60000000.0	60000000.0
rep1	M0	TriComm KAN no drug	KAN no drug	KAN	0	44.0	COL	LM	0.0	0		100.0	50.0	
rep1	M0	TriComm KAN no drug	KAN no drug	KAN	0	44.0	COL	PL	0.0	0		100.0	50.0	
rep1	M0	TriComm KAN no drug	KAN no drug	KAN	0	44.0	COL	PM	0.0	0		100.0	50.0	
rep1	M0	TriComm KAN no drug	KAN no drug	KAN	0	44.0	KAN	LM	71.0	71000000	1000000.0	1000000.0	71000000.0	71000000.0
rep1	M0	TriComm KAN no drug	KAN no drug	KAN	0	44.0	KAN	PL	15.0	15000000	1000000.0	1000000.0	15000000.0	15000000.0
rep1	M0	TriComm KAN no drug	KAN no drug	KAN	0	44.0	KAN	PM	19.0	19000000	1000000.0	1000000.0	19000000.0	19000000.0
rep1	M0	TriComm KAN no drug	KAN no drug	KAN	0	68.0	COL	LM	0.0	0		100.0	50.0	
rep1	M0	TriComm KAN no drug	KAN no drug	KAN	0	68.0	COL	PL	0.0	0		100.0	50.0	
rep1	M0	TriComm KAN no drug	KAN no drug	KAN	0	68.0	COL	PM	0.0	0		100.0	50.0	
rep1	M0	TriComm KAN no drug	KAN no drug	KAN	0	68.0	KAN	LM	1.0	10000000	10000000.0	10000000.0	10000000.0	10000000.0
rep1	M0	TriComm KAN no drug	KAN no drug	KAN	0	68.0	KAN	PL	17.0	170000000	10000000.0	10000000.0	170000000.0	170000000.0
rep1	M0	TriComm KAN no drug	KAN no drug	KAN	0	68.0	KAN	PM	18.0	180000000	10000000.0	10000000.0	180000000.0	180000000.0
rep1	M0	TriComm KAN no drug	KAN no drug	KAN	0	92.0	COL	LM	0.0	0		100.0	50.0	
rep1	M0	TriComm KAN no drug	KAN no drug	KAN	0	92.0	COL	PL	0.0	0		100.0	50.0	
rep1	M0	TriComm KAN no drug	KAN no drug	KAN	0	92.0	COL	PM	0.0	0		100.0	50.0	
rep1	M0	TriComm KAN no drug	KAN no drug	KAN	0	92.0	KAN	LM	0.0	0		10000000.0	5000000.0	
rep1	M0	TriComm KAN no drug	KAN no drug	KAN	0	92.0	KAN	PL	5.0	50000000	10000000.0	10000000.0	50000000.0	50000000.0
rep1	M0	TriComm KAN no drug	KAN no drug	KAN	0	92.0	KAN	PM	16.0	160000000	10000000.0	10000000.0	160000000.0	160000000.0
rep1	M0	TriComm KAN no drug	KAN no drug	KAN	0	116.0	COL	LM	0.0	0		100.0	50.0	
rep1	M0	TriComm KAN no drug	KAN no drug	KAN	0	116.0	COL	PL	0.0	0		100.0	50.0	
rep1	M0	TriComm KAN no drug	KAN no drug	KAN	0	116.0	COL	PM	0.0	0		100.0	50.0	
rep1	M0	TriComm KAN no drug	KAN no drug	KAN	0	116.0	KAN	LM	1.0	1000000	1000000.0	1000000.0	1000000.0	1000000.0
rep1	M0	TriComm KAN no drug	KAN no drug	KAN	0	116.0	KAN	PL	4.0	40000000	10000000.0	1000000.0	40000000.0	40000000.0
rep1	M0	TriComm KAN no drug	KAN no drug	KAN	0	116.0	KAN	PM	10.0	100000000	10000000.0	1000000.0	100000000.0	100000000.0
rep1	M0	TriComm KAN no drug	KAN no drug	KAN	0	140.0	COL	LM	0.0	0		100.0	50.0	
rep1	M0	TriComm KAN no drug	KAN no drug	KAN	0	140.0	COL	PL	0.0	0		100.0	50.0	
rep1	M0	TriComm KAN no drug	KAN no drug	KAN	0	140.0	COL	PM	0.0	0		100.0	50.0	
rep1	M0	TriComm KAN no drug	KAN no drug	KAN	0	140.0	KAN	LM	0.0	0		1000000.0	500000.0	
rep1	M0	TriComm KAN no drug	KAN no drug	KAN	0	140.0	KAN	PL	49.0	49000000	1000000.0	1000000.0	49000000.0	49000000.0
rep1	M0	TriComm KAN no drug	KAN no drug	KAN	0	140.0	KAN	PM	55.0	55000000	1000000.0	1000000.0	55000000.0	55000000.0
rep1	M0	TriComm KAN no drug	KAN no drug	KAN	0	164.0	COL	LM	0.0	0		100.0	50.0	
rep1	M0	TriComm KAN no drug	KAN no drug	KAN	0	164.0	COL	PL	0.0	0		100.0	50.0	
rep1	M0	TriComm KAN no drug	KAN no drug	KAN	0	164.0	COL	PM	0.0	0		100.0	50.0	
rep1	M0	TriComm KAN no drug	KAN no drug	KAN	0	164.0	KAN	LM	0.0	0		10000000.0	5000000.0	
rep1	M0	TriComm KAN no drug	KAN no drug	KAN	0	164.0	KAN	PL	4.0	40000000	10000000.0	10000000.0	40000000.0	40000000.0
rep1	M0	TriComm KAN no drug	KAN no drug	KAN	0	164.0	KAN	PM	2.0	20000000	10000000.0	10000000.0	20000000.0	20000000.0
rep1	M0	TriComm KAN no drug	KAN no drug	KAN	0	188.0	COL	LM	0.0	0		100.0	50.0	
rep1	M0	TriComm KAN no drug	KAN no drug	KAN	0	188.0	COL	PL	0.0	0		100.0	50.0	
rep1	M0	TriComm KAN no drug	KAN no drug	KAN	0	188.0	COL	PM	0.0	0		100.0	50.0	
rep1	M0	TriComm KAN no drug	KAN no drug	KAN	0	188.0	KAN	LM	0.0	0		1000000.0	500000.0	
rep1	M0	TriComm KAN no drug	KAN no drug	KAN	0	188.0	KAN	PL	39.0	39000000	1000000.0	1000000.0	39000000.0	39000000.0
rep1	M0	TriComm KAN no drug	KAN no drug	KAN	0	188.0	KAN	PM	16.0	16000000	1000000.0	1000000.0	16000000.0	16000000.0
rep1	M0	TriComm KAN no drug	KAN no drug	KAN	0	212.0	COL	LM	0.0	0		100.0	50.0	
rep1	M0	TriComm KAN no drug	KAN no drug	KAN	0	212.0	COL	PL	0.0	0		100.0	50.0	
rep1	M0	TriComm KAN no drug	KAN no drug	KAN	0	212.0	COL	PM	0.0	0		100.0	50.0	
rep1	M0	TriComm KAN no drug	KAN no drug	KAN	0	212.0	KAN	LM	0.0	0		10000000.0	5000000.0	
rep1	M0	TriComm KAN no drug	KAN no drug	KAN	0	212.0	KAN	PL	14.0	140000000	10000000.0	10000000.0	140000000.0	140000000.0
rep1	M0	TriComm KAN no drug	KAN no drug	KAN	0	212.0	KAN	PM	12.0	120000000	10000000.0	10000000.0	120000000.0	120000000.0
rep1	M0	TriComm KAN no drug	KAN no drug	KAN	0	236.0	COL	LM	0.0	0		100.0	50.0	
rep1	M0	TriComm KAN no drug	KAN no drug	KAN	0	236.0	COL	PL	0.0	0		100.0	50.0	
rep1	M0	TriComm KAN no drug	KAN no drug	KAN	0	236.0	COL	PM	1.0	100	100.0	100.0	100.0	100.0
rep1	M0	TriComm KAN no drug	KAN no drug	KAN	0	236.0	KAN	LM	0.0	0		10000000.0	5000000.0	
rep1	M0	TriComm KAN no drug	KAN no drug	KAN	0	236.0	KAN	PL	18.0	180000000	10000000.0	10000000.0	180000000.0	180000000.0
rep1	M0	TriComm KAN no drug	KAN no drug	KAN	0	236.0	KAN	PM	7.0	70000000	10000000.0	10000000.0	70000000.0	70000000.0
rep1	M0	TriComm KAN no drug	KAN no drug	KAN	0	260.0	COL	LM	0.0	0		100.0	50.0	
rep1	M0	TriComm KAN no drug	KAN no drug	KAN	0	260.0	COL	PL	0.0	0		100.0	50.0	
rep1	M0	TriComm KAN no drug	KAN no drug	KAN	0	260.0	COL	PM	0.0	0		100.0	50.0	
rep1	M0	TriComm KAN no drug	KAN no drug	KAN	0	260.0	KAN	LM	0.0	0		1000000.0	500000.0	
rep1	M0	TriComm KAN no drug	KAN no drug	KAN	0	260.0	KAN	PL	7.0	70000000	10000000.0	1000000.0	70000000.0	70000000.0
rep1	M0	TriComm KAN no drug	KAN no drug	KAN	0	260.0	KAN	PM	4.0	4000000	1000000.0	1000000.0	4000000.0	4000000.0
rep1	M0	TriComm KAN no drug	KAN no drug	KAN	0	284.0	COL	LM	0.0	0		100.0	50.0	
rep1	M0	TriComm KAN no drug	KAN no drug	KAN	0	284.0	COL	PL	0.0	0		100.0	50.0	
rep1	M0	TriComm KAN no drug	KAN no drug	KAN	0	284.0	COL	PM	0.0	0		100.0	50.0	
rep1	M0	TriComm KAN no drug	KAN no drug	KAN	0	284.0	KAN	LM	0.0	0		1000000.0	500000.0	
rep1	M0	TriComm KAN no drug	KAN no drug	KAN	0	284.0	KAN	PL	9.0	90000000	10000000.0	1000000.0	90000000.0	90000000.0
rep1	M0	TriComm KAN no drug	KAN no drug	KAN	0	284.0	KAN	PM	42.0	42000000	1000000.0	1000000.0	42000000.0	42000000.0
rep1	M0	TriComm KAN no drug	KAN no drug	KAN	0	314.0	COL	LM	0.0	0		100.0	50.0	
rep1	M0	TriComm KAN no drug	KAN no drug	KAN	0	314.0	COL	PL	0.0	0		100.0	50.0	
rep1	M0	TriComm KAN no drug	KAN no drug	KAN	0	314.0	COL	PM	0.0	0		100.0	50.0	
rep1	M0	TriComm KAN no drug	KAN no drug	KAN	0	314.0	KAN	LM	0.0	0		1000000.0	500000.0	
rep1	M0	TriComm KAN no drug	KAN no drug	KAN	0	314.0	KAN	PL	27.0	27000000	1000000.0	1000000.0	27000000.0	27000000.0
rep1	M0	TriComm KAN no drug	KAN no drug	KAN	0	314.0	KAN	PM	25.0	25000000	1000000.0	1000000.0	25000000.0	25000000.0
rep1	M0	TriComm KAN no drug	KAN no drug	KAN	0	332.0	COL	LM	0.0	0		100.0	50.0	
rep1	M0	TriComm KAN no drug	KAN no drug	KAN	0	332.0	COL	PL	0.0	0		100.0	50.0	
rep1	M0	TriComm KAN no drug	KAN no drug	KAN	0	332.0	COL	PM	0.0	0		100.0	50.0	
rep1	M0	TriComm KAN no drug	KAN no drug	KAN	0	332.0	KAN	LM	0.0	0		1000000.0	500000.0	
rep1	M0	TriComm KAN no drug	KAN no drug	KAN	0	332.0	KAN	PL	24.0	24000000	1000000.0	1000000.0	24000000.0	24000000.0
rep1	M0	TriComm KAN no drug	KAN no drug	KAN	0	332.0	KAN	PM	23.0	23000000	1000000.0	1000000.0	23000000.0	23000000.0
rep1	M0	TriComm KAN no drug	KAN no drug	KAN	0	356.0	COL	LM	0.0	0		100.0	50.0	
rep1	M0	TriComm KAN no drug	KAN no drug	KAN	0	356.0	COL	PL	0.0	0		100.0	50.0	
rep1	M0	TriComm KAN no drug	KAN no drug	KAN	0	356.0	COL	PM	0.0	0		100.0	50.0	
rep1	M0	TriComm KAN no drug	KAN no drug	KAN	0	356.0	KAN	LM	0.0	0		10000000.0	5000000.0	
rep1	M0	TriComm KAN no drug	KAN no drug	KAN	0	356.0	KAN	PL	19.0	190000000	10000000.0	10000000.0	190000000.0	190000000.0
rep1	M0	TriComm KAN no drug	KAN no drug	KAN	0	356.0	KAN	PM	8.0	80000000	10000000.0	10000000.0	80000000.0	80000000.0
rep1	M0	TriComm KAN no drug	KAN no drug	KAN	0	455.0	COL	LM	0.0	0		100.0	50.0	
rep1	M0	TriComm KAN no drug	KAN no drug	KAN	0	455.0	COL	PL	0.0	0		100.0	50.0	
rep1	M0	TriComm KAN no drug	KAN no drug	KAN	0	455.0	COL	PM	0.0	0		100.0	50.0	
rep1	M0	TriComm KAN no drug	KAN no drug	KAN	0	455.0	KAN	LM	0.0	0		1000000.0	500000.0	
rep1	M0	TriComm KAN no drug	KAN no drug	KAN	0	455.0	KAN	PL	40.0	40000000	1000000.0	1000000.0	40000000.0	40000000.0
rep1	M0	TriComm KAN no drug	KAN no drug	KAN	0	455.0	KAN	PM	31.0	31000000	1000000.0	1000000.0	31000000.0	31000000.0
rep1	M0	TriComm KAN no drug	KAN no drug	KAN	0	529.0	COL	LM	0.0	0		100.0	50.0	
rep1	M0	TriComm KAN no drug	KAN no drug	KAN	0	529.0	COL	PL	0.0	0		100.0	50.0	
rep1	M0	TriComm KAN no drug	KAN no drug	KAN	0	529.0	COL	PM	0.0	0		100.0	50.0	
rep1	M0	TriComm KAN no drug	KAN no drug	KAN	0	529.0	KAN	LM	0.0	0		10000000.0	5000000.0	
rep1	M0	TriComm KAN no drug	KAN no drug	KAN	0	529.0	KAN	PL	5.0	50000000	10000000.0	10000000.0	50000000.0	50000000.0
rep1	M0	TriComm KAN no drug	KAN no drug	KAN	0	529.0	KAN	PM	10.0	100000000	10000000.0	10000000.0	100000000.0	100000000.0
rep1	M0	TriComm KAN no drug	KAN no drug	KAN	0	621.0	COL	LM	0.0	0		100.0	50.0	
rep1	M0	TriComm KAN no drug	KAN no drug	KAN	0	621.0	COL	PL	0.0	0		100.0	50.0	
rep1	M0	TriComm KAN no drug	KAN no drug	KAN	0	621.0	COL	PM	0.0	0		100.0	50.0	
rep1	M0	TriComm KAN no drug	KAN no drug	KAN	0	621.0	KAN	LM	0.0	0		10000000.0	5000000.0	
rep1	M0	TriComm KAN no drug	KAN no drug	KAN	0	621.0	KAN	PL	10.0	100000000	10000000.0	10000000.0	100000000.0	100000000.0
rep1	M0	TriComm KAN no drug	KAN no drug	KAN	0	621.0	KAN	PM	3.0	30000000	10000000.0	10000000.0	30000000.0	30000000.0
rep1	M0	TriComm KAN no drug	KAN no drug	KAN	0	692.0	COL	LM	0.0	0		100.0	50.0	
rep1	M0	TriComm KAN no drug	KAN no drug	KAN	0	692.0	COL	PL	0.0	0		100.0	50.0	
rep1	M0	TriComm KAN no drug	KAN no drug	KAN	0	692.0	COL	PM	0.0	0		100.0	50.0	
rep1	M0	TriComm KAN no drug	KAN no drug	KAN	0	692.0	KAN	LM	0.0	0		1000000.0	500000.0	
rep1	M0	TriComm KAN no drug	KAN no drug	KAN	0	692.0	KAN	PL	34.0	34000000	1000000.0	1000000.0	34000000.0	34000000.0
rep1	M0	TriComm KAN no drug	KAN no drug	KAN	0	692.0	KAN	PM	27.0	27000000	1000000.0	1000000.0	27000000.0	27000000.0
rep1	M0	TriComm KAN no drug	KAN no drug	KAN	0	790.0	COL	LM	0.0	0		100.0	50.0	
rep1	M0	TriComm KAN no drug	KAN no drug	KAN	0	790.0	COL	PL	0.0	0		100.0	50.0	
rep1	M0	TriComm KAN no drug	KAN no drug	KAN	0	790.0	COL	PM	0.0	0		100.0	50.0	
rep1	M0	TriComm KAN no drug	KAN no drug	KAN	0	790.0	KAN	LM	0.0	0		1000000.0	500000.0	
rep1	M0	TriComm KAN no drug	KAN no drug	KAN	0	790.0	KAN	PL	42.0	42000000	1000000.0	1000000.0	42000000.0	42000000.0
rep1	M0	TriComm KAN no drug	KAN no drug	KAN	0	790.0	KAN	PM	18.0	18000000	1000000.0	1000000.0	18000000.0	18000000.0
rep1	M0	TriComm KAN no drug	KAN no drug	KAN	0	859.0	COL	LM	0.0	0		100.0	50.0	
rep1	M0	TriComm KAN no drug	KAN no drug	KAN	0	859.0	COL	PL	0.0	0		100.0	50.0	
rep1	M0	TriComm KAN no drug	KAN no drug	KAN	0	859.0	COL	PM	0.0	0		100.0	50.0	
rep1	M0	TriComm KAN no drug	KAN no drug	KAN	0	859.0	KAN	LM	0.0	0		10000000.0	5000000.0	
rep1	M0	TriComm KAN no drug	KAN no drug	KAN	0	859.0	KAN	PL	7.0	70000000	10000000.0	10000000.0	70000000.0	70000000.0
rep1	M0	TriComm KAN no drug	KAN no drug	KAN	0	859.0	KAN	PM	2.0	20000000	10000000.0	10000000.0	20000000.0	20000000.0
rep1	M0	TriComm KAN no drug	KAN no drug	KAN	0	957.0	COL	LM	0.0	0		100.0	50.0	
rep1	M0	TriComm KAN no drug	KAN no drug	KAN	0	957.0	COL	PL	0.0	0		100.0	50.0	
rep1	M0	TriComm KAN no drug	KAN no drug	KAN	0	957.0	COL	PM	0.0	0		100.0	50.0	
rep1	M0	TriComm KAN no drug	KAN no drug	KAN	0	957.0	KAN	LM	0.0	9000000		100.0	9000000.0	9000000.0
rep1	M0	TriComm KAN no drug	KAN no drug	KAN	0	957.0	KAN	PL	0.0	60000000		100.0	60000000.0	60000000.0
rep1	M0	TriComm KAN no drug	KAN no drug	KAN	0	957.0	KAN	PM	0.0	50000000		100.0	50000000.0	50000000.0
rep1	M0	TriComm KAN no drug	KAN no drug	KAN	0	1005.0	COL	LM	0.0	0		100.0	50.0	
rep1	M0	TriComm KAN no drug	KAN no drug	KAN	0	1005.0	COL	PL	0.0	0		100.0	50.0	
rep1	M0	TriComm KAN no drug	KAN no drug	KAN	0	1005.0	COL	PM	0.0	0		100.0	50.0	
rep1	M0	TriComm KAN no drug	KAN no drug	KAN	0	1005.0	KAN	LM	0.0	12000000		100.0	12000000.0	12000000.0
rep1	M0	TriComm KAN no drug	KAN no drug	KAN	0	1005.0	KAN	PL	0.0	38000000		100.0	38000000.0	38000000.0
rep1	M0	TriComm KAN no drug	KAN no drug	KAN	0	1005.0	KAN	PM	0.0	21000000		100.0	21000000.0	21000000.0
rep1	M1	TriComm PN23 no drug	PN23 no drug	PN23	0	0.0	COL	LM	13.0	130000000	10000000.0	10000000.0	130000000.0	130000000.0
rep1	M1	TriComm PN23 no drug	PN23 no drug	PN23	0	0.0	COL	PL	0.0	0		10000000.0	5000000.0	
rep1	M1	TriComm PN23 no drug	PN23 no drug	PN23	0	0.0	COL	PM	0.0	0		10000000.0	5000000.0	
rep1	M1	TriComm PN23 no drug	PN23 no drug	PN23	0	0.0	KAN	LM	14.0	140000000	10000000.0	10000000.0	140000000.0	140000000.0
rep1	M1	TriComm PN23 no drug	PN23 no drug	PN23	0	0.0	KAN	PL	4.0	40000000	10000000.0	10000000.0	40000000.0	40000000.0
rep1	M1	TriComm PN23 no drug	PN23 no drug	PN23	0	0.0	KAN	PM	4.0	40000000	10000000.0	10000000.0	40000000.0	40000000.0
rep1	M1	TriComm PN23 no drug	PN23 no drug	PN23	0	20.0	COL	LM	13.0	130000000	10000000.0	10000000.0	130000000.0	130000000.0
rep1	M1	TriComm PN23 no drug	PN23 no drug	PN23	0	20.0	COL	PL	0.0	0		10000000.0	5000000.0	
rep1	M1	TriComm PN23 no drug	PN23 no drug	PN23	0	20.0	COL	PM	0.0	0		10000000.0	5000000.0	
rep1	M1	TriComm PN23 no drug	PN23 no drug	PN23	0	20.0	KAN	LM	11.0	110000000	10000000.0	10000000.0	110000000.0	110000000.0
rep1	M1	TriComm PN23 no drug	PN23 no drug	PN23	0	20.0	KAN	PL	2.0	20000000	10000000.0	10000000.0	20000000.0	20000000.0
rep1	M1	TriComm PN23 no drug	PN23 no drug	PN23	0	20.0	KAN	PM	5.0	50000000	10000000.0	10000000.0	50000000.0	50000000.0
rep1	M1	TriComm PN23 no drug	PN23 no drug	PN23	0	44.0	COL	LM	72.0	72000000	1000000.0	1000000.0	72000000.0	72000000.0
rep1	M1	TriComm PN23 no drug	PN23 no drug	PN23	0	44.0	COL	PL	0.0	0		1000000.0	500000.0	
rep1	M1	TriComm PN23 no drug	PN23 no drug	PN23	0	44.0	COL	PM	0.0	0		1000000.0	500000.0	
rep1	M1	TriComm PN23 no drug	PN23 no drug	PN23	0	44.0	KAN	LM	8.0	80000000	10000000.0	1000000.0	80000000.0	80000000.0
rep1	M1	TriComm PN23 no drug	PN23 no drug	PN23	0	44.0	KAN	PL	33.0	33000000	1000000.0	1000000.0	33000000.0	33000000.0
rep1	M1	TriComm PN23 no drug	PN23 no drug	PN23	0	44.0	KAN	PM	6.0	60000000	10000000.0	1000000.0	60000000.0	60000000.0
rep1	M1	TriComm PN23 no drug	PN23 no drug	PN23	0	68.0	COL	LM	23.0	23000000	1000000.0	10000.0	23000000.0	23000000.0
rep1	M1	TriComm PN23 no drug	PN23 no drug	PN23	0	68.0	COL	PL	1.0	10000	10000.0	10000.0	10000.0	10000.0
rep1	M1	TriComm PN23 no drug	PN23 no drug	PN23	0	68.0	COL	PM	0.0	0		10000.0	5000.0	
rep1	M1	TriComm PN23 no drug	PN23 no drug	PN23	0	68.0	KAN	LM	1.0	10000000	10000000.0	10000000.0	10000000.0	10000000.0
rep1	M1	TriComm PN23 no drug	PN23 no drug	PN23	0	68.0	KAN	PL	18.0	180000000	10000000.0	10000000.0	180000000.0	180000000.0
rep1	M1	TriComm PN23 no drug	PN23 no drug	PN23	0	68.0	KAN	PM	13.0	130000000	10000000.0	10000000.0	130000000.0	130000000.0
rep1	M1	TriComm PN23 no drug	PN23 no drug	PN23	0	92.0	COL	LM	80.0	8000000	100000.0	100000.0	8000000.0	8000000.0
rep1	M1	TriComm PN23 no drug	PN23 no drug	PN23	0	92.0	COL	PL	0.0	0		100000.0	50000.0	
rep1	M1	TriComm PN23 no drug	PN23 no drug	PN23	0	92.0	COL	PM	0.0	0		100000.0	50000.0	
rep1	M1	TriComm PN23 no drug	PN23 no drug	PN23	0	92.0	KAN	LM	9.0	9000000	1000000.0	1000000.0	9000000.0	9000000.0
rep1	M1	TriComm PN23 no drug	PN23 no drug	PN23	0	92.0	KAN	PL	7.0	70000000	10000000.0	1000000.0	70000000.0	70000000.0
rep1	M1	TriComm PN23 no drug	PN23 no drug	PN23	0	92.0	KAN	PM	6.0	60000000	10000000.0	1000000.0	60000000.0	60000000.0
rep1	M1	TriComm PN23 no drug	PN23 no drug	PN23	0	116.0	COL	LM	46.0	4600000	100000.0	1000.0	4600000.0	4600000.0
rep1	M1	TriComm PN23 no drug	PN23 no drug	PN23	0	116.0	COL	PL	2.0	2000	1000.0	1000.0	2000.0	2000.0
rep1	M1	TriComm PN23 no drug	PN23 no drug	PN23	0	116.0	COL	PM	1.0	1000	1000.0	1000.0	1000.0	1000.0
rep1	M1	TriComm PN23 no drug	PN23 no drug	PN23	0	116.0	KAN	LM	3.0	3000000	1000000.0	1000000.0	3000000.0	3000000.0
rep1	M1	TriComm PN23 no drug	PN23 no drug	PN23	0	116.0	KAN	PL	56.0	56000000	1000000.0	1000000.0	56000000.0	56000000.0
rep1	M1	TriComm PN23 no drug	PN23 no drug	PN23	0	116.0	KAN	PM	44.0	44000000	1000000.0	1000000.0	44000000.0	44000000.0
rep1	M1	TriComm PN23 no drug	PN23 no drug	PN23	0	140.0	COL	LM	10.0	1000000	100000.0	1000.0	1000000.0	1000000.0
rep1	M1	TriComm PN23 no drug	PN23 no drug	PN23	0	140.0	COL	PL	1.0	1000	1000.0	1000.0	1000.0	1000.0
rep1	M1	TriComm PN23 no drug	PN23 no drug	PN23	0	140.0	COL	PM	0.0	0		1000.0	500.0	
rep1	M1	TriComm PN23 no drug	PN23 no drug	PN23	0	140.0	KAN	LM	1.0	10000000	10000000.0	1000000.0	10000000.0	10000000.0
rep1	M1	TriComm PN23 no drug	PN23 no drug	PN23	0	140.0	KAN	PL	59.0	59000000	1000000.0	1000000.0	59000000.0	59000000.0
rep1	M1	TriComm PN23 no drug	PN23 no drug	PN23	0	140.0	KAN	PM	32.0	32000000	1000000.0	1000000.0	32000000.0	32000000.0
rep1	M1	TriComm PN23 no drug	PN23 no drug	PN23	0	164.0	COL	LM	23.0	230000	10000.0	100.0	230000.0	230000.0
rep1	M1	TriComm PN23 no drug	PN23 no drug	PN23	0	164.0	COL	PL	6.0	600	100.0	100.0	600.0	600.0
rep1	M1	TriComm PN23 no drug	PN23 no drug	PN23	0	164.0	COL	PM	1.0	100	100.0	100.0	100.0	100.0
rep1	M1	TriComm PN23 no drug	PN23 no drug	PN23	0	164.0	KAN	LM	0.0	0		1000000.0	500000.0	
rep1	M1	TriComm PN23 no drug	PN23 no drug	PN23	0	164.0	KAN	PL	24.0	24000000	1000000.0	1000000.0	24000000.0	24000000.0
rep1	M1	TriComm PN23 no drug	PN23 no drug	PN23	0	164.0	KAN	PM	9.0	9000000	1000000.0	1000000.0	9000000.0	9000000.0
rep1	M1	TriComm PN23 no drug	PN23 no drug	PN23	0	188.0	COL	LM	31.0	31000	1000.0	100.0	31000.0	31000.0
rep1	M1	TriComm PN23 no drug	PN23 no drug	PN23	0	188.0	COL	PL	6.0	600	100.0	100.0	600.0	600.0
rep1	M1	TriComm PN23 no drug	PN23 no drug	PN23	0	188.0	COL	PM	1.0	1000	1000.0	100.0	1000.0	1000.0
rep1	M1	TriComm PN23 no drug	PN23 no drug	PN23	0	188.0	KAN	LM	0.0	0		100000.0	50000.0	
rep1	M1	TriComm PN23 no drug	PN23 no drug	PN23	0	188.0	KAN	PL	17.0	17000000	1000000.0	100000.0	17000000.0	17000000.0
rep1	M1	TriComm PN23 no drug	PN23 no drug	PN23	0	188.0	KAN	PM	3.0	300000	100000.0	100000.0	300000.0	300000.0
rep1	M1	TriComm PN23 no drug	PN23 no drug	PN23	0	212.0	COL	LM	16.0	16000	1000.0	100.0	16000.0	16000.0
rep1	M1	TriComm PN23 no drug	PN23 no drug	PN23	0	212.0	COL	PL	4.0	400	100.0	100.0	400.0	400.0
rep1	M1	TriComm PN23 no drug	PN23 no drug	PN23	0	212.0	COL	PM	4.0	400	100.0	100.0	400.0	400.0
rep1	M1	TriComm PN23 no drug	PN23 no drug	PN23	0	212.0	KAN	LM	0.0	0		1000000.0	500000.0	
rep1	M1	TriComm PN23 no drug	PN23 no drug	PN23	0	212.0	KAN	PL	6.0	6000000	1000000.0	1000000.0	6000000.0	6000000.0
rep1	M1	TriComm PN23 no drug	PN23 no drug	PN23	0	212.0	KAN	PM	6.0	6000000	1000000.0	1000000.0	6000000.0	6000000.0
rep1	M1	TriComm PN23 no drug	PN23 no drug	PN23	0	236.0	COL	LM	24.0	24000	1000.0	100.0	24000.0	24000.0
rep1	M1	TriComm PN23 no drug	PN23 no drug	PN23	0	236.0	COL	PL	3.0	300	100.0	100.0	300.0	300.0
rep1	M1	TriComm PN23 no drug	PN23 no drug	PN23	0	236.0	COL	PM	9.0	900	100.0	100.0	900.0	900.0
rep1	M1	TriComm PN23 no drug	PN23 no drug	PN23	0	236.0	KAN	LM	0.0	0		1000000.0	500000.0	
rep1	M1	TriComm PN23 no drug	PN23 no drug	PN23	0	236.0	KAN	PL	11.0	11000000	1000000.0	1000000.0	11000000.0	11000000.0
rep1	M1	TriComm PN23 no drug	PN23 no drug	PN23	0	236.0	KAN	PM	5.0	5000000	1000000.0	1000000.0	5000000.0	5000000.0
rep1	M1	TriComm PN23 no drug	PN23 no drug	PN23	0	260.0	COL	LM	9.0	9000	1000.0	100.0	9000.0	9000.0
rep1	M1	TriComm PN23 no drug	PN23 no drug	PN23	0	260.0	COL	PL	1.0	1000	1000.0	100.0	1000.0	1000.0
rep1	M1	TriComm PN23 no drug	PN23 no drug	PN23	0	260.0	COL	PM	1.0	100	100.0	100.0	100.0	100.0
rep1	M1	TriComm PN23 no drug	PN23 no drug	PN23	0	260.0	KAN	LM	1.0	1000000	1000000.0	1000000.0	1000000.0	1000000.0
rep1	M1	TriComm PN23 no drug	PN23 no drug	PN23	0	260.0	KAN	PL	17.0	17000000	1000000.0	1000000.0	17000000.0	17000000.0
rep1	M1	TriComm PN23 no drug	PN23 no drug	PN23	0	260.0	KAN	PM	51.0	51000000	1000000.0	1000000.0	51000000.0	51000000.0
rep1	M1	TriComm PN23 no drug	PN23 no drug	PN23	0	284.0	COL	LM	8.0	8000	1000.0	1000.0	8000.0	8000.0
rep1	M1	TriComm PN23 no drug	PN23 no drug	PN23	0	284.0	COL	PL	0.0	0		1000.0	500.0	
rep1	M1	TriComm PN23 no drug	PN23 no drug	PN23	0	284.0	COL	PM	0.0	0		1000.0	500.0	
rep1	M1	TriComm PN23 no drug	PN23 no drug	PN23	0	284.0	KAN	LM	0.0	0		1000000.0	500000.0	
rep1	M1	TriComm PN23 no drug	PN23 no drug	PN23	0	284.0	KAN	PL	10.0	10000000	1000000.0	1000000.0	10000000.0	10000000.0
rep1	M1	TriComm PN23 no drug	PN23 no drug	PN23	0	284.0	KAN	PM	20.0	200000000	10000000.0	1000000.0	200000000.0	200000000.0
rep1	M1	TriComm PN23 no drug	PN23 no drug	PN23	0	314.0	COL	LM	10.0	1000	100.0	100.0	1000.0	1000.0
rep1	M1	TriComm PN23 no drug	PN23 no drug	PN23	0	314.0	COL	PL	1.0	100	100.0	100.0	100.0	100.0
rep1	M1	TriComm PN23 no drug	PN23 no drug	PN23	0	314.0	COL	PM	1.0	100	100.0	100.0	100.0	100.0
rep1	M1	TriComm PN23 no drug	PN23 no drug	PN23	0	314.0	KAN	LM	0.0	0		1000000.0	500000.0	
rep1	M1	TriComm PN23 no drug	PN23 no drug	PN23	0	314.0	KAN	PL	4.0	4000000	1000000.0	1000000.0	4000000.0	4000000.0
rep1	M1	TriComm PN23 no drug	PN23 no drug	PN23	0	314.0	KAN	PM	9.0	90000000	10000000.0	1000000.0	90000000.0	90000000.0
rep1	M1	TriComm PN23 no drug	PN23 no drug	PN23	0	332.0	COL	LM	4.0	400	100.0	100.0	400.0	400.0
rep1	M1	TriComm PN23 no drug	PN23 no drug	PN23	0	332.0	COL	PL	3.0	300	100.0	100.0	300.0	300.0
rep1	M1	TriComm PN23 no drug	PN23 no drug	PN23	0	332.0	COL	PM	4.0	400	100.0	100.0	400.0	400.0
rep1	M1	TriComm PN23 no drug	PN23 no drug	PN23	0	332.0	KAN	LM	0.0	0		1000000.0	500000.0	
rep1	M1	TriComm PN23 no drug	PN23 no drug	PN23	0	332.0	KAN	PL	5.0	5000000	1000000.0	1000000.0	5000000.0	5000000.0
rep1	M1	TriComm PN23 no drug	PN23 no drug	PN23	0	332.0	KAN	PM	4.0	40000000	10000000.0	1000000.0	40000000.0	40000000.0
rep1	M1	TriComm PN23 no drug	PN23 no drug	PN23	0	356.0	COL	LM	3.0	300	100.0	100.0	300.0	300.0
rep1	M1	TriComm PN23 no drug	PN23 no drug	PN23	0	356.0	COL	PL	22.0	2200	100.0	100.0	2200.0	2200.0
rep1	M1	TriComm PN23 no drug	PN23 no drug	PN23	0	356.0	COL	PM	0.0	0		100.0	50.0	
rep1	M1	TriComm PN23 no drug	PN23 no drug	PN23	0	356.0	KAN	LM	0.0	0		1000000.0	500000.0	
rep1	M1	TriComm PN23 no drug	PN23 no drug	PN23	0	356.0	KAN	PL	8.0	8000000	1000000.0	1000000.0	8000000.0	8000000.0
rep1	M1	TriComm PN23 no drug	PN23 no drug	PN23	0	356.0	KAN	PM	13.0	13000000	1000000.0	1000000.0	13000000.0	13000000.0
rep1	M1	TriComm PN23 no drug	PN23 no drug	PN23	0	455.0	COL	LM	0.0	0		100.0	50.0	
rep1	M1	TriComm PN23 no drug	PN23 no drug	PN23	0	455.0	COL	PL	3.0	300	100.0	100.0	300.0	300.0
rep1	M1	TriComm PN23 no drug	PN23 no drug	PN23	0	455.0	COL	PM	13.0	1300	100.0	100.0	1300.0	1300.0
rep1	M1	TriComm PN23 no drug	PN23 no drug	PN23	0	455.0	KAN	LM	0.0	0		10000000.0	5000000.0	
rep1	M1	TriComm PN23 no drug	PN23 no drug	PN23	0	455.0	KAN	PL	6.0	60000000	10000000.0	10000000.0	60000000.0	60000000.0
rep1	M1	TriComm PN23 no drug	PN23 no drug	PN23	0	455.0	KAN	PM	6.0	60000000	10000000.0	10000000.0	60000000.0	60000000.0
rep1	M1	TriComm PN23 no drug	PN23 no drug	PN23	0	529.0	COL	LM	0.0	0		100.0	50.0	
rep1	M1	TriComm PN23 no drug	PN23 no drug	PN23	0	529.0	COL	PL	1.0	100	100.0	100.0	100.0	100.0
rep1	M1	TriComm PN23 no drug	PN23 no drug	PN23	0	529.0	COL	PM	7.0	700	100.0	100.0	700.0	700.0
rep1	M1	TriComm PN23 no drug	PN23 no drug	PN23	0	529.0	KAN	LM	0.0	0		1000000.0	500000.0	
rep1	M1	TriComm PN23 no drug	PN23 no drug	PN23	0	529.0	KAN	PL	5.0	5000000	1000000.0	1000000.0	5000000.0	5000000.0
rep1	M1	TriComm PN23 no drug	PN23 no drug	PN23	0	529.0	KAN	PM	8.0	8000000	1000000.0	1000000.0	8000000.0	8000000.0
rep1	M1	TriComm PN23 no drug	PN23 no drug	PN23	0	621.0	COL	LM	0.0	0		1000.0	500.0	
rep1	M1	TriComm PN23 no drug	PN23 no drug	PN23	0	621.0	COL	PL	18.0	18000	1000.0	1000.0	18000.0	18000.0
rep1	M1	TriComm PN23 no drug	PN23 no drug	PN23	0	621.0	COL	PM	3.0	3000	1000.0	1000.0	3000.0	3000.0
rep1	M1	TriComm PN23 no drug	PN23 no drug	PN23	0	621.0	KAN	LM	0.0	0		1000000.0	500000.0	
rep1	M1	TriComm PN23 no drug	PN23 no drug	PN23	0	621.0	KAN	PL	65.0	65000000	1000000.0	1000000.0	65000000.0	65000000.0
rep1	M1	TriComm PN23 no drug	PN23 no drug	PN23	0	621.0	KAN	PM	40.0	40000000	1000000.0	1000000.0	40000000.0	40000000.0
rep1	M1	TriComm PN23 no drug	PN23 no drug	PN23	0	692.0	COL	LM	0.0	0		1000.0	500.0	
rep1	M1	TriComm PN23 no drug	PN23 no drug	PN23	0	692.0	COL	PL	21.0	21000	1000.0	1000.0	21000.0	21000.0
rep1	M1	TriComm PN23 no drug	PN23 no drug	PN23	0	692.0	COL	PM	5.0	5000	1000.0	1000.0	5000.0	5000.0
rep1	M1	TriComm PN23 no drug	PN23 no drug	PN23	0	692.0	KAN	LM	0.0	0		1000000.0	500000.0	
rep1	M1	TriComm PN23 no drug	PN23 no drug	PN23	0	692.0	KAN	PL	35.0	35000000	1000000.0	1000000.0	35000000.0	35000000.0
rep1	M1	TriComm PN23 no drug	PN23 no drug	PN23	0	692.0	KAN	PM	17.0	17000000	1000000.0	1000000.0	17000000.0	17000000.0
rep1	M1	TriComm PN23 no drug	PN23 no drug	PN23	0	790.0	COL	LM	0.0	0		1000.0	500.0	
rep1	M1	TriComm PN23 no drug	PN23 no drug	PN23	0	790.0	COL	PL	9.0	90000	10000.0	1000.0	90000.0	90000.0
rep1	M1	TriComm PN23 no drug	PN23 no drug	PN23	0	790.0	COL	PM	35.0	35000	1000.0	1000.0	35000.0	35000.0
rep1	M1	TriComm PN23 no drug	PN23 no drug	PN23	0	790.0	KAN	LM	0.0	0		1000000.0	500000.0	
rep1	M1	TriComm PN23 no drug	PN23 no drug	PN23	0	790.0	KAN	PL	98.0	98000000	1000000.0	1000000.0	98000000.0	98000000.0
rep1	M1	TriComm PN23 no drug	PN23 no drug	PN23	0	790.0	KAN	PM	14.0	14000000	1000000.0	1000000.0	14000000.0	14000000.0
rep1	M1	TriComm PN23 no drug	PN23 no drug	PN23	0	859.0	COL	LM	0.0	0		10000.0	5000.0	
rep1	M1	TriComm PN23 no drug	PN23 no drug	PN23	0	859.0	COL	PL	6.0	60000	10000.0	10000.0	60000.0	60000.0
rep1	M1	TriComm PN23 no drug	PN23 no drug	PN23	0	859.0	COL	PM	8.0	80000	10000.0	10000.0	80000.0	80000.0
rep1	M1	TriComm PN23 no drug	PN23 no drug	PN23	0	859.0	KAN	LM	0.0	0		1000000.0	500000.0	
rep1	M1	TriComm PN23 no drug	PN23 no drug	PN23	0	859.0	KAN	PL	61.0	61000000	1000000.0	1000000.0	61000000.0	61000000.0
rep1	M1	TriComm PN23 no drug	PN23 no drug	PN23	0	859.0	KAN	PM	16.0	16000000	1000000.0	1000000.0	16000000.0	16000000.0
rep1	M1	TriComm PN23 no drug	PN23 no drug	PN23	0	957.0	COL	LM	0.0	0		100.0	50.0	
rep1	M1	TriComm PN23 no drug	PN23 no drug	PN23	0	957.0	COL	PL	0.0	160000		100.0	160000.0	160000.0
rep1	M1	TriComm PN23 no drug	PN23 no drug	PN23	0	957.0	COL	PM	0.0	180000		100.0	180000.0	180000.0
rep1	M1	TriComm PN23 no drug	PN23 no drug	PN23	0	957.0	KAN	LM	0.0	1000000		100.0	1000000.0	1000000.0
rep1	M1	TriComm PN23 no drug	PN23 no drug	PN23	0	957.0	KAN	PL	0.0	15000000		100.0	15000000.0	15000000.0
rep1	M1	TriComm PN23 no drug	PN23 no drug	PN23	0	957.0	KAN	PM	0.0	65000000		100.0	65000000.0	65000000.0
rep1	M1	TriComm PN23 no drug	PN23 no drug	PN23	0	1005.0	COL	LM	0.0	0		100.0	50.0	
rep1	M1	TriComm PN23 no drug	PN23 no drug	PN23	0	1005.0	COL	PL	0.0	140000		100.0	140000.0	140000.0
rep1	M1	TriComm PN23 no drug	PN23 no drug	PN23	0	1005.0	COL	PM	0.0	150000		100.0	150000.0	150000.0
rep1	M1	TriComm PN23 no drug	PN23 no drug	PN23	0	1005.0	KAN	LM	0.0	0		100.0	50.0	
rep1	M1	TriComm PN23 no drug	PN23 no drug	PN23	0	1005.0	KAN	PL	0.0	11000000		100.0	11000000.0	11000000.0
rep1	M1	TriComm PN23 no drug	PN23 no drug	PN23	0	1005.0	KAN	PM	0.0	37000000		100.0	37000000.0	37000000.0
