exp_time,od_measured,od_setpoint,od_zero_setpoint,thermostat_setpoint,heating_rate,internal_air_temp,external_air_temp,media_temp,opt_gen_act_int,pump_1_rate,pump_2_rate,pump_3_rate,pump_4_rate,media_vol,stirring_rate,LED_395nm_setpoint,LED_457nm_setpoint,LED_500nm_setpoint,LED_523nm_setpoint,LED_595nm_setpoint,LED_623nm_setpoint,LED_6500K_setpoint,laser_setpoint,LED_UV_int,FP1_base,FP1_emit1,FP1_emit2,FP2_base,FP2_emit1,FP2_emit2,FP3_base,FP3_emit1,FP3_emit2,custom_prog_param1,custom_prog_param2,custom_prog_param3,custom_prog_status,zigzag_target,growth_rate
0.19,0.018240618032410172,0.0,20715.0,37.0,1.0,27.6875,33.0,27.850000000000023,0.0,0.0,0.0,0.0,0.0,20.0,0.3,0.1,0.2,0.1,0.4,0.1,0.1,0.1,0.5,0.0,27423.0,0.05021332458155563,0.0,24495.0,0.03939579506021637,0.0,0.0,0.0,0.0,0.0,0.0,0.0,0.0,0.0,0.0
60.27,0.01551117931520592,0.0,20715.0,37.0,1.0,27.4375,32.9375,30.970000000000027,0.0,0.0,0.0,0.0,0.0,20.0,0.3,0.1,0.2,0.1,0.4,0.1,0.1,0.1,0.5,0.0,27327.0,0.05027994291360193,0.0,24335.0,0.03912060817752209,0.0,0.0,0.0,0.0,0.0,0.0,0.0,0.0,0.0,0.0
120.34,0.02152467503849219,0.0,20715.0,37.0,1.0,27.75,33.0,33.03000000000003,0.0,0.0,0.0,0.0,0.0,20.0,0.3,0.1,0.2,0.1,0.4,0.1,0.1,0.1,0.5,0.0,27322.0,0.05032574482102335,0.0,24320.0,0.03910361842105263,0.0,0.0,0.0,0.0,0.0,0.0,0.0,0.0,0.0,0.0
180.39,0.01931031986688486,0.0,20715.0,37.0,1.0,28.375,33.0,32.89000000000004,0.0,0.0,0.0,0.0,0.0,20.0,0.3,0.1,0.2,0.1,0.4,0.1,0.1,0.1,0.5,0.0,27360.0,0.0501827485380117,0.0,24331.0,0.03904483991615634,0.0,0.0,0.0,0.0,0.0,0.0,0.0,0.0,0.0,0.0
240.43,0.007096545439780988,0.0,20715.0,37.0,0.49024999999999097,28.9375,33.0,35.09000000000003,0.0,0.0,0.0,0.0,0.0,20.0,0.3,0.1,0.2,0.1,0.4,0.1,0.1,0.1,0.5,0.0,27342.0,0.05014263770024139,0.0,24328.0,0.03900854981913844,0.0,0.0,0.0,0.0,0.0,0.0,0.0,0.0,0.0,0.0
300.48,0.0180795258143771,0.0,20715.0,37.0,0.16594999999999116,29.4375,33.0,36.93000000000001,0.0,0.0,0.0,0.0,0.0,20.0,0.3,0.1,0.2,0.1,0.4,0.1,0.1,0.1,0.5,0.0,27340.0,0.05007315288953914,0.0,24290.0,0.03911074516261836,0.0,0.0,0.0,0.0,0.0,0.0,0.0,0.0,0.0,0.0
388.21,0.23296012806621302,0.0,20715.0,37.0,0.0,29.25,33.0,30.650000000000034,0.0,0.0,0.0,0.0,0.0,20.0,0.3,0.1,0.2,0.1,0.4,0.1,0.1,0.1,0.5,0.0,35373.0,0.09450710994261159,0.0,28446.0,0.03926738381494762,0.0,0.0,0.0,0.0,0.0,0.0,0.0,0.0,0.0,0.0
448.25,0.23373832973562628,0.0,20715.0,37.0,1.0,29.0,33.0,32.49000000000001,0.0,0.0,0.0,0.0,0.0,20.0,0.3,0.1,0.2,0.1,0.4,0.1,0.1,0.1,0.5,0.0,35519.0,0.09409048678172245,0.0,28451.0,0.039119890337773716,0.0,0.0,0.0,0.0,0.0,0.0,0.0,0.0,0.0,0.0
508.37,0.2312266145187254,0.0,20715.0,37.0,1.0,29.3125,33.0,34.150000000000034,0.0,0.0,0.0,0.0,0.0,20.0,0.3,0.1,0.2,0.1,0.4,0.1,0.1,0.1,0.5,0.0,35071.0,0.09312537424082576,0.0,28336.0,0.039455110107284024,0.0,0.0,0.0,0.0,0.0,0.0,0.0,0.0,0.0,0.0
568.43,0.2299501523268376,0.0,20715.0,37.0,0.34444999999999454,29.75,33.0,35.99000000000001,0.0,0.0,0.0,0.0,0.0,20.0,0.3,0.1,0.2,0.1,0.4,0.1,0.1,0.1,0.5,0.0,35123.0,0.09238960225493266,0.0,28226.0,0.039502586267979874,0.0,0.0,0.0,0.0,0.0,0.0,0.0,0.0,0.0,0.0
628.5,0.22991307640379866,0.0,20715.0,37.0,0.2415499999999889,29.8125,33.0,36.33000000000004,0.0,0.0,0.0,0.0,0.0,20.0,0.3,0.1,0.2,0.1,0.4,0.1,0.1,0.1,0.5,0.0,35188.0,0.09221893827441173,0.0,28277.0,0.03914842451462319,0.0,0.0,0.0,0.0,0.0,0.0,0.0,0.0,0.0,0.0
688.57,0.22524944041252126,0.0,20715.0,37.0,0.21024999999998156,30.3125,33.0,36.410000000000025,0.0,0.0,0.0,0.0,0.0,20.0,0.3,0.1,0.2,0.1,0.4,0.1,0.1,0.1,0.5,0.0,35094.0,0.09238046389696244,0.0,28215.0,0.03934077618288145,0.0,0.0,0.0,0.0,0.0,0.0,0.0,0.0,0.0,0.0
748.61,0.21772244116066783,0.0,20715.0,37.0,0.2855499999999827,30.625,33.0,36.53000000000003,0.0,0.0,0.0,0.0,0.0,20.0,0.3,0.1,0.2,0.1,0.4,0.1,0.1,0.1,0.5,0.0,35066.0,0.09253978212513546,0.0,28241.0,0.03919832867108105,0.0,0.0,0.0,0.0,0.0,0.0,0.0,0.0,0.0,0.0
782.63,0.2562969520529742,0.0,20715.0,37.0,1.0,29.6875,33.0,23.510000000000048,0.0,0.0,0.0,0.0,0.0,20.0,0.3,0.1,0.2,0.1,0.4,0.1,0.1,0.1,0.5,0.0,35675.0,0.04905395935529082,0.0,29979.0,0.06554588211748223,0.0,0.0,0.0,0.0,0.0,0.0,0.0,0.0,0.0,0.0
842.69,0.2815529662455628,0.0,20715.0,0.0,0.0,28.3125,33.0,25.79000000000002,0.0,0.0,0.0,0.0,0.0,20.0,0.3,0.1,0.2,0.1,0.4,0.1,0.1,0.1,0.5,0.0,36014.0,0.04842561226189815,0.0,30021.0,0.06562073215415876,0.0,0.0,0.0,0.0,0.0,0.0,0.0,0.0,0.0,0.0
902.75,0.2885608953093261,0.0,20715.0,0.0,0.0,27.8125,32.9375,25.310000000000002,0.0,0.0,0.0,0.0,0.0,20.0,0.3,0.1,0.2,0.1,0.4,0.1,0.1,0.1,0.5,0.0,35764.0,0.04848450956268874,0.0,29988.0,0.06549286381219155,0.0,0.0,0.0,0.0,0.0,0.0,0.0,0.0,0.0,0.0
962.83,0.31432577452961463,0.0,20715.0,0.0,0.0,27.4375,32.9375,25.010000000000048,0.0,0.0,0.0,0.0,0.0,20.0,0.3,0.1,0.2,0.1,0.4,0.1,0.1,0.1,0.5,0.0,35700.0,0.04823529411764706,0.0,29955.0,0.0657986980470706,0.0,0.0,0.0,0.0,0.0,0.0,0.0,0.0,0.0,0.0
1022.87,0.25561036144226834,0.0,20715.0,0.0,0.0,27.0625,33.0,24.83000000000004,0.0,0.0,0.0,0.0,0.0,20.0,0.3,0.1,0.2,0.1,0.4,0.1,0.1,0.1,0.5,0.0,35278.0,0.04872725211179772,0.0,29709.0,0.0661415732606281,0.0,0.0,0.0,0.0,0.0,0.0,0.0,0.0,0.0,0.0
1082.9,0.2725211268918904,0.0,20715.0,0.0,0.0,26.875,32.9375,24.83000000000004,0.0,0.0,0.0,0.0,0.0,20.0,0.3,0.1,0.2,0.1,0.4,0.1,0.1,0.1,0.5,0.0,35378.0,0.048278591214879304,0.0,29679.0,0.06637689949122275,0.0,0.0,0.0,0.0,0.0,0.0,0.0,0.0,0.0,0.0
1142.96,0.26823952202281853,0.0,20715.0,0.0,0.0,26.5625,33.0,24.930000000000007,0.0,0.0,0.0,0.0,0.0,20.0,0.3,0.1,0.2,0.1,0.4,0.1,0.1,0.1,0.5,0.0,35306.0,0.048377046394380556,0.0,29696.0,0.06627155172413793,0.0,0.0,0.0,0.0,0.0,0.0,0.0,0.0,0.0,0.0
1191.81,0.49186854401850205,0.0,20715.0,0.0,0.0,26.375,32.9375,22.650000000000034,0.0,0.0,0.0,0.0,0.0,20.0,0.3,0.1,0.2,0.1,0.4,0.1,0.1,0.1,0.5,0.0,32811.0,0.045350644600896044,0.0,32029.0,0.038777358019295015,0.0,0.0,0.0,0.0,0.0,0.0,0.0,0.0,0.0,0.0
1251.85,0.42540206318782614,0.0,20715.0,37.0,1.0,26.0,32.9375,25.610000000000014,0.0,0.0,0.0,0.0,0.0,20.0,0.3,0.1,0.2,0.1,0.4,0.1,0.1,0.1,0.5,0.0,40953.0,0.0451004810392401,0.0,32404.0,0.038853227996543636,0.0,0.0,0.0,0.0,0.0,0.0,0.0,0.0,0.0,0.0
1311.92,0.4076482113889871,0.0,20715.0,37.0,1.0,26.1875,32.9375,25.630000000000052,0.0,0.0,0.0,0.0,0.0,20.0,0.3,0.1,0.2,0.1,0.4,0.1,0.1,0.1,0.5,0.0,40496.0,0.04541189253259581,0.0,32073.0,0.038848876001621305,0.0,0.0,0.0,0.0,0.0,0.0,0.0,0.0,0.0,0.0
1371.98,0.4624122995379968,0.0,20715.0,37.0,1.0,26.625,33.0625,27.850000000000023,0.0,0.0,0.0,0.0,0.0,20.0,0.3,0.1,0.2,0.1,0.4,0.1,0.1,0.1,0.5,0.0,40565.0,0.04528534450881302,0.0,32044.0,0.038915241542878544,0.0,0.0,0.0,0.0,0.0,0.0,0.0,0.0,0.0,0.0
1432.05,0.5553133636224898,0.0,20715.0,37.0,1.0,27.1875,33.0,29.970000000000027,0.0,0.0,0.0,0.0,0.0,20.0,0.3,0.1,0.2,0.1,0.4,0.1,0.1,0.1,0.5,0.0,40442.0,0.04517580732901439,0.0,32117.0,0.03885792570912601,0.0,0.0,0.0,0.0,0.0,0.0,0.0,0.0,0.0,0.0
1492.13,0.5539180999952666,0.0,20715.0,37.0,1.0,27.8125,33.0,31.970000000000027,0.0,0.0,0.0,0.0,0.0,20.0,0.3,0.1,0.2,0.1,0.4,0.1,0.1,0.1,0.5,0.0,40557.0,0.04514633725374165,0.0,32145.0,0.038792969357598385,0.0,0.0,0.0,0.0,0.0,0.0,0.0,0.0,0.0,0.0
1552.21,0.5608127526975594,0.0,20715.0,37.0,1.0,28.5,33.0625,33.99000000000001,0.0,0.0,0.0,0.0,0.0,20.0,0.3,0.1,0.2,0.1,0.4,0.1,0.1,0.1,0.5,0.0,40599.0,0.045001108401684774,0.0,32110.0,0.038679539084397384,0.0,0.0,0.0,0.0,0.0,0.0,0.0,0.0,0.0,0.0
1592.85,0.8730709284556695,0.0,20715.0,37.0,1.0,28.3125,33.0,23.79000000000002,0.0,0.0,0.0,0.0,0.0,20.0,0.3,0.1,0.2,0.1,0.4,0.1,0.1,0.1,0.5,0.0,58900.0,0.07220713073005093,0.0,45500.0,0.051978021978021975,0.0,0.0,0.0,0.0,0.0,0.0,0.0,0.0,0.0,0.0
1652.91,0.8399512484304502,0.0,20715.0,0.0,0.0,27.5625,33.0,24.950000000000045,0.0,0.0,0.0,0.0,0.0,20.0,0.3,0.1,0.2,0.1,0.4,0.1,0.1,0.1,0.5,0.0,59690.0,0.0719048416820238,0.0,45711.0,0.052219378267813,0.0,0.0,0.0,0.0,0.0,0.0,0.0,0.0,0.0,0.0
1712.95,0.8571888508940058,0.0,20715.0,0.0,0.0,27.25,33.0,25.07000000000005,0.0,0.0,0.0,0.0,0.0,20.0,0.3,0.1,0.2,0.1,0.4,0.1,0.1,0.1,0.5,0.0,60016.0,0.07121434284190882,0.0,45897.0,0.05216027191319694,0.0,0.0,0.0,0.0,0.0,0.0,0.0,0.0,0.0,0.0
1773.01,0.8910877164655162,0.0,20715.0,0.0,0.0,26.9375,33.0,24.99000000000001,0.0,0.0,0.0,0.0,0.0,20.0,0.3,0.1,0.2,0.1,0.4,0.1,0.1,0.1,0.5,0.0,59741.0,0.07140824559347851,0.0,45738.0,0.052079233897415714,0.0,0.0,0.0,0.0,0.0,0.0,0.0,0.0,0.0,0.0
1833.09,0.8495511601218668,0.0,20715.0,0.0,0.0,26.75,33.0625,24.810000000000002,0.0,0.0,0.0,0.0,0.0,20.0,0.3,0.1,0.2,0.1,0.4,0.1,0.1,0.1,0.5,0.0,59697.0,0.07142737490996197,0.0,45709.0,0.05206852042267387,0.0,0.0,0.0,0.0,0.0,0.0,0.0,0.0,0.0,0.0
1893.16,0.8950050978779739,0.0,20715.0,0.0,0.0,26.5625,33.0,24.690000000000055,0.0,0.0,0.0,0.0,0.0,20.0,0.3,0.1,0.2,0.1,0.4,0.1,0.1,0.1,0.5,0.0,59907.0,0.07124376116313619,0.0,45799.0,0.052140876438350185,0.0,0.0,0.0,0.0,0.0,0.0,0.0,0.0,0.0,0.0
1953.23,0.8580651469981448,0.0,20715.0,0.0,0.0,26.375,33.0,24.810000000000002,0.0,0.0,0.0,0.0,0.0,20.0,0.3,0.1,0.2,0.1,0.4,0.1,0.1,0.1,0.5,0.0,59701.0,0.07138908895998392,0.0,45756.0,0.05201503627939505,0.0,0.0,0.0,0.0,0.0,0.0,0.0,0.0,0.0,0.0
1993.24,0.6751628684589019,0.0,20715.0,37.0,1.0,26.1875,32.9375,22.230000000000018,0.0,0.0,0.0,0.0,0.0,20.0,0.3,0.1,0.2,0.1,0.4,0.1,0.1,0.1,0.5,0.0,51349.0,0.043817795867494985,0.0,40006.0,0.055666650002499624,0.0,0.0,0.0,0.0,0.0,0.0,0.0,0.0,0.0,0.0
2053.28,0.6878184254027401,0.0,20715.0,0.0,0.0,25.875,33.0,23.710000000000036,0.0,0.0,0.0,0.0,0.0,20.0,0.3,0.1,0.2,0.1,0.4,0.1,0.1,0.1,0.5,0.0,52226.0,0.043752154099490674,0.0,40579.0,0.05561990191971217,0.0,0.0,0.0,0.0,0.0,0.0,0.0,0.0,0.0,0.0
2113.35,0.6640679928286071,0.0,20715.0,0.0,0.0,25.75,33.0,23.170000000000016,0.0,0.0,0.0,0.0,0.0,20.0,0.3,0.1,0.2,0.1,0.4,0.1,0.1,0.1,0.5,0.0,50394.0,0.04413223796483708,0.0,39669.0,0.05591267740553077,0.0,0.0,0.0,0.0,0.0,0.0,0.0,0.0,0.0,0.0
2173.42,0.6689747538987235,0.0,20715.0,0.0,0.0,25.5625,33.0,23.450000000000045,0.0,0.0,0.0,0.0,0.0,20.0,0.3,0.1,0.2,0.1,0.4,0.1,0.1,0.1,0.5,0.0,51450.0,0.04386783284742468,0.0,39796.0,0.05585988541561966,0.0,0.0,0.0,0.0,0.0,0.0,0.0,0.0,0.0,0.0
2233.45,0.6657148140259562,0.0,20715.0,0.0,0.0,25.4375,32.9375,23.630000000000052,0.0,0.0,0.0,0.0,0.0,20.0,0.3,0.1,0.2,0.1,0.4,0.1,0.1,0.1,0.5,0.0,51759.0,0.04395370853378156,0.0,39955.0,0.05591290201476661,0.0,0.0,0.0,0.0,0.0,0.0,0.0,0.0,0.0,0.0
2293.52,0.6746926971064944,0.0,20715.0,0.0,0.0,25.375,33.0,23.390000000000043,0.0,0.0,0.0,0.0,0.0,20.0,0.3,0.1,0.2,0.1,0.4,0.1,0.1,0.1,0.5,0.0,51103.0,0.04426354617145765,0.0,39861.0,0.05589423245779082,0.0,0.0,0.0,0.0,0.0,0.0,0.0,0.0,0.0,0.0
2353.58,0.6688699815765087,0.0,20715.0,0.0,0.0,25.25,33.0,23.510000000000048,0.0,0.0,0.0,0.0,0.0,20.0,0.3,0.1,0.2,0.1,0.4,0.1,0.1,0.1,0.5,0.0,51331.0,0.044125382322573105,0.0,39974.0,0.05591134237254215,0.0,0.0,0.0,0.0,0.0,0.0,0.0,0.0,0.0,0.0
2394.61,0.6512115395391334,0.0,20715.0,37.0,1.0,25.125,33.0,22.230000000000018,0.0,0.0,0.0,0.0,0.0,20.0,0.3,0.1,0.2,0.1,0.4,0.1,0.1,0.1,0.5,0.0,50070.0,0.07944877171959257,0.0,38204.0,0.03884410009423097,0.0,0.0,0.0,0.0,0.0,0.0,0.0,0.0,0.0,0.0
2454.69,0.6346765675544122,0.0,20715.0,0.0,0.0,25.0,33.0,23.590000000000032,0.0,0.0,0.0,0.0,0.0,20.0,0.3,0.1,0.2,0.1,0.4,0.1,0.1,0.1,0.5,0.0,50365.0,0.07949965253648367,0.0,38403.0,0.03890321068666511,0.0,0.0,0.0,0.0,0.0,0.0,0.0,0.0,0.0,0.0
2514.76,0.6739197006587239,0.0,20715.0,0.0,0.0,24.9375,33.0,23.33000000000004,0.0,0.0,0.0,0.0,0.0,20.0,0.3,0.1,0.2,0.1,0.4,0.1,0.1,0.1,0.5,0.0,50259.0,0.07926938458783502,0.0,38454.0,0.038825609819524626,0.0,0.0,0.0,0.0,0.0,0.0,0.0,0.0,0.0,0.0
2574.81,0.6355115804192413,0.0,20715.0,0.0,0.0,24.875,33.0,23.27000000000004,0.0,0.0,0.0,0.0,0.0,20.0,0.3,0.1,0.2,0.1,0.4,0.1,0.1,0.1,0.5,0.0,50195.0,0.07923099910349636,0.0,38408.0,0.03892418246198709,0.0,0.0,0.0,0.0,0.0,0.0,0.0,0.0,0.0,0.0
2634.87,0.6405700701066409,0.0,20715.0,0.0,0.0,24.8125,33.0,23.170000000000016,0.0,0.0,0.0,0.0,0.0,20.0,0.3,0.1,0.2,0.1,0.4,0.1,0.1,0.1,0.5,0.0,50387.0,0.07894893524123285,0.0,38568.0,0.03873677660236465,0.0,0.0,0.0,0.0,0.0,0.0,0.0,0.0,0.0,0.0
2694.95,0.6534260572382592,0.0,20715.0,0.0,0.0,24.75,32.9375,23.230000000000018,0.0,0.0,0.0,0.0,0.0,20.0,0.3,0.1,0.2,0.1,0.4,0.1,0.1,0.1,0.5,0.0,50261.0,0.07928612642008714,0.0,38424.0,0.03880387257963773,0.0,0.0,0.0,0.0,0.0,0.0,0.0,0.0,0.0,0.0
2755.03,0.644792882566017,0.0,20715.0,0.0,0.0,24.6875,33.0,23.450000000000045,0.0,0.0,0.0,0.0,0.0,20.0,0.3,0.1,0.2,0.1,0.4,0.1,0.1,0.1,0.5,0.0,49862.0,0.0798403593919217,0.0,38181.0,0.03884130850422985,0.0,0.0,0.0,0.0,0.0,0.0,0.0,0.0,0.0,0.0
2791.91,0.39976093504787263,0.0,20715.0,37.0,1.0,24.625,33.0,22.190000000000055,0.0,0.0,0.0,0.0,0.0,20.0,0.3,0.1,0.2,0.1,0.4,0.1,0.1,0.1,0.5,0.0,45921.0,0.08366542540449903,0.0,36116.0,0.06038874736958689,0.0,0.0,0.0,0.0,0.0,0.0,0.0,0.0,0.0,0.0
2851.99,0.5076519569746178,0.0,20715.0,0.0,0.0,24.5625,33.0,22.930000000000007,0.0,0.0,0.0,0.0,0.0,20.0,0.3,0.1,0.2,0.1,0.4,0.1,0.1,0.1,0.5,0.0,46179.0,0.08371770718291864,0.0,36297.0,0.060611069785381715,0.0,0.0,0.0,0.0,0.0,0.0,0.0,0.0,0.0,0.0
2912.03,0.42628163991197454,0.0,20715.0,0.0,0.0,24.625,32.9375,22.99000000000001,0.0,0.0,0.0,0.0,0.0,20.0,0.3,0.1,0.2,0.1,0.4,0.1,0.1,0.1,0.5,0.0,45123.0,0.0852115329211267,0.0,35440.0,0.061427765237020315,0.0,0.0,0.0,0.0,0.0,0.0,0.0,0.0,0.0,0.0
2972.11,0.5455284423191791,0.0,20715.0,0.0,0.0,24.5625,32.9375,23.110000000000014,0.0,0.0,0.0,0.0,0.0,20.0,0.3,0.1,0.2,0.1,0.4,0.1,0.1,0.1,0.5,0.0,44832.0,0.0856307994289793,0.0,35396.0,0.061334614080687085,0.0,0.0,0.0,0.0,0.0,0.0,0.0,0.0,0.0,0.0
3032.18,0.4792200452584614,0.0,20715.0,0.0,0.0,24.5625,33.0,23.230000000000018,0.0,0.0,0.0,0.0,0.0,20.0,0.3,0.1,0.2,0.1,0.4,0.1,0.1,0.1,0.5,0.0,44582.0,0.08575209725898345,0.0,35453.0,0.06137703438355005,0.0,0.0,0.0,0.0,0.0,0.0,0.0,0.0,0.0,0.0
3092.25,0.47923752979619694,0.0,20715.0,0.0,0.0,24.5,32.9375,23.510000000000048,0.0,0.0,0.0,0.0,0.0,20.0,0.3,0.1,0.2,0.1,0.4,0.1,0.1,0.1,0.5,0.0,44759.0,0.08534596394021314,0.0,35482.0,0.06115777013697086,0.0,0.0,0.0,0.0,0.0,0.0,0.0,0.0,0.0,0.0
3152.32,0.4863792020950166,0.0,20715.0,0.0,0.0,24.5,32.875,23.410000000000025,0.0,0.0,0.0,0.0,0.0,20.0,0.3,0.1,0.2,0.1,0.4,0.1,0.1,0.1,0.5,0.0,44846.0,0.08542567899032244,0.0,35412.0,0.06136337964531797,0.0,0.0,0.0,0.0,0.0,0.0,0.0,0.0,0.0,0.0
3194.95,0.5205761227665973,0.0,20715.0,37.0,1.0,24.4375,32.9375,22.010000000000048,0.0,0.0,0.0,0.0,0.0,20.0,0.3,0.1,0.2,0.1,0.4,0.1,0.1,0.1,0.5,0.0,42467.0,0.045564791485153175,0.0,33612.0,0.03897417588956325,0.0,0.0,0.0,0.0,0.0,0.0,0.0,0.0,0.0,0.0
3255.02,0.4604180096113874,0.0,20715.0,0.0,0.0,24.4375,32.9375,22.630000000000052,0.0,0.0,0.0,0.0,0.0,20.0,0.3,0.1,0.2,0.1,0.4,0.1,0.1,0.1,0.5,0.0,42800.0,0.04509345794392523,0.0,33695.0,0.038848493841816295,0.0,0.0,0.0,0.0,0.0,0.0,0.0,0.0,0.0,0.0
3315.09,0.5456530154897208,0.0,20715.0,0.0,0.0,24.375,33.0,22.890000000000043,0.0,0.0,0.0,0.0,0.0,20.0,0.3,0.1,0.2,0.1,0.4,0.1,0.1,0.1,0.5,0.0,42592.0,0.04498497370398197,0.0,33440.0,0.03884569377990431,0.0,0.0,0.0,0.0,0.0,0.0,0.0,0.0,0.0,0.0
3375.15,0.4399481972904197,0.0,20715.0,0.0,0.0,24.3125,32.9375,22.83000000000004,0.0,0.0,0.0,0.0,0.0,20.0,0.3,0.1,0.2,0.1,0.4,0.1,0.1,0.1,0.5,0.0,42329.0,0.04514635356375062,0.0,33453.0,0.03871102741159238,0.0,0.0,0.0,0.0,0.0,0.0,0.0,0.0,0.0,0.0
3435.26,0.5205039262108855,0.0,20715.0,0.0,0.0,24.3125,33.0,22.810000000000002,0.0,0.0,0.0,0.0,0.0,20.0,0.3,0.1,0.2,0.1,0.4,0.1,0.1,0.1,0.5,0.0,42408.0,0.04518015468779476,0.0,33417.0,0.03872280575754855,0.0,0.0,0.0,0.0,0.0,0.0,0.0,0.0,0.0,0.0
3495.33,0.47593839498682505,0.0,20715.0,0.0,0.0,24.25,32.9375,23.05000000000001,0.0,0.0,0.0,0.0,0.0,20.0,0.3,0.1,0.2,0.1,0.4,0.1,0.1,0.1,0.5,0.0,42425.0,0.04518562168532705,0.0,33433.0,0.038883737624502736,0.0,0.0,0.0,0.0,0.0,0.0,0.0,0.0,0.0,0.0
3555.37,0.5386578370229294,0.0,20715.0,37.0,1.0,24.1875,32.9375,22.870000000000005,0.0,0.0,0.0,0.0,0.0,20.0,0.3,0.1,0.2,0.1,0.4,0.1,0.1,0.1,0.5,0.0,42568.0,0.04508081187746664,0.0,33473.0,0.038777522182057184,0.0,0.0,0.0,0.0,0.0,0.0,0.0,0.0,0.0,0.0
3593.43,0.26798045602572435,0.0,20715.0,37.0,1.0,24.1875,32.9375,21.910000000000025,0.0,0.0,0.0,0.0,0.0,20.0,0.3,0.1,0.2,0.1,0.4,0.1,0.1,0.1,0.5,0.0,36343.0,0.0487026387474892,0.0,30377.0,0.06768278631859631,0.0,0.0,0.0,0.0,0.0,0.0,0.0,0.0,0.0,0.0
3653.49,0.2882305419483592,0.0,20715.0,0.0,0.0,24.25,32.9375,23.410000000000025,0.0,0.0,0.0,0.0,0.0,20.0,0.3,0.1,0.2,0.1,0.4,0.1,0.1,0.1,0.5,0.0,36386.0,0.04870004946957621,0.0,30474.0,0.06730327492288508,0.0,0.0,0.0,0.0,0.0,0.0,0.0,0.0,0.0,0.0
3713.54,0.2645134869681958,0.0,20715.0,0.0,0.0,24.3125,33.0,22.890000000000043,0.0,0.0,0.0,0.0,0.0,20.0,0.3,0.1,0.2,0.1,0.4,0.1,0.1,0.1,0.5,0.0,35978.0,0.0489187837011507,0.0,30044.0,0.06806683530821461,0.0,0.0,0.0,0.0,0.0,0.0,0.0,0.0,0.0,0.0
3773.62,0.28483484333002485,0.0,20715.0,0.0,0.0,24.3125,32.9375,23.110000000000014,0.0,0.0,0.0,0.0,0.0,20.0,0.3,0.1,0.2,0.1,0.4,0.1,0.1,0.1,0.5,0.0,36242.0,0.04875558743998676,0.0,30163.0,0.06769883632264695,0.0,0.0,0.0,0.0,0.0,0.0,0.0,0.0,0.0,0.0
3833.67,0.2756134112403685,0.0,20715.0,0.0,0.0,24.375,32.9375,23.03000000000003,0.0,0.0,0.0,0.0,0.0,20.0,0.3,0.1,0.2,0.1,0.4,0.1,0.1,0.1,0.5,0.0,35763.0,0.04901714062019406,0.0,30085.0,0.06794083430280871,0.0,0.0,0.0,0.0,0.0,0.0,0.0,0.0,0.0,0.0
3893.76,0.2672141153150813,0.0,20715.0,0.0,0.0,24.25,32.9375,23.05000000000001,0.0,0.0,0.0,0.0,0.0,20.0,0.3,0.1,0.2,0.1,0.4,0.1,0.1,0.1,0.5,0.0,35931.0,0.04898277253625004,0.0,30147.0,0.06786744949746243,0.0,0.0,0.0,0.0,0.0,0.0,0.0,0.0,0.0,0.0
3953.82,0.2817581902708809,0.0,20715.0,0.0,0.0,24.3125,32.9375,23.170000000000016,0.0,0.0,0.0,0.0,0.0,20.0,0.3,0.1,0.2,0.1,0.4,0.1,0.1,0.1,0.5,0.0,36171.0,0.048906582621437066,0.0,30151.0,0.06792477861430798,0.0,0.0,0.0,0.0,0.0,0.0,0.0,0.0,0.0,0.0
4002.61,0.24754354926923514,0.0,20715.0,0.0,0.0,24.1875,33.0,21.970000000000027,0.0,0.0,0.0,0.0,0.0,20.0,0.3,0.1,0.2,0.1,0.4,0.1,0.1,0.1,0.5,0.0,19987.0,0.09636263571321359,0.0,28906.0,0.0394381789247907,0.0,0.0,0.0,0.0,0.0,0.0,0.0,0.0,0.0,0.0
4062.66,0.2569002766987907,0.0,20715.0,0.0,0.0,24.125,33.0,22.890000000000043,0.0,0.0,0.0,0.0,0.0,20.0,0.3,0.1,0.2,0.1,0.4,0.1,0.1,0.1,0.5,0.0,36139.0,0.09648855806746175,0.0,29021.0,0.039557561765618,0.0,0.0,0.0,0.0,0.0,0.0,0.0,0.0,0.0,0.0
4122.75,0.2586241560046655,0.0,20715.0,0.0,0.0,24.0625,32.875,22.510000000000048,0.0,0.0,0.0,0.0,0.0,20.0,0.3,0.1,0.2,0.1,0.4,0.1,0.1,0.1,0.5,0.0,35939.0,0.09699769053117784,0.0,28959.0,0.039573189681964153,0.0,0.0,0.0,0.0,0.0,0.0,0.0,0.0,0.0,0.0
4182.8,0.26652139474143544,0.0,20715.0,0.0,0.0,24.0625,32.9375,22.410000000000025,0.0,0.0,0.0,0.0,0.0,20.0,0.3,0.1,0.2,0.1,0.4,0.1,0.1,0.1,0.5,0.0,35972.0,0.09690870677193372,0.0,28967.0,0.0395967825456554,0.0,0.0,0.0,0.0,0.0,0.0,0.0,0.0,0.0,0.0
4242.87,0.2558255295216793,0.0,20715.0,0.0,0.0,24.0625,32.9375,22.510000000000048,0.0,0.0,0.0,0.0,0.0,20.0,0.3,0.1,0.2,0.1,0.4,0.1,0.1,0.1,0.5,0.0,35992.0,0.0968270726828184,0.0,28980.0,0.03951000690131125,0.0,0.0,0.0,0.0,0.0,0.0,0.0,0.0,0.0,0.0
4302.96,0.2599482811138363,0.0,20715.0,0.0,0.0,24.0625,32.875,22.750000000000057,0.0,0.0,0.0,0.0,0.0,20.0,0.3,0.1,0.2,0.1,0.4,0.1,0.1,0.1,0.5,0.0,35965.0,0.09689976365911303,0.0,28953.0,0.03951231305909578,0.0,0.0,0.0,0.0,0.0,0.0,0.0,0.0,0.0,0.0
4362.99,0.20640468214803878,0.0,20715.0,0.0,0.0,24.0,32.875,22.510000000000048,0.0,0.0,0.0,0.0,0.0,20.0,0.3,0.1,0.2,0.1,0.4,0.1,0.1,0.1,0.5,0.0,35576.0,0.09776253654148864,0.0,28777.0,0.039510720366959726,0.0,0.0,0.0,0.0,0.0,0.0,0.0,0.0,0.0,0.0
