label	color	time	od_measured	ln(od)	FP1_emit1	FP2_emit1	norm_FP1_emit1	norm_FP2_emit1	FP1_emit1_FP2_emit1_ratio	norm_FP1_emit1_FP2_emit1_ratio
M9	white	5.277777777777778e-05	0.0182406180324101	-4.004104411554163	0.0502133245815556	0.0393957950602163	0.0493138102058676	0.03869006437431506	1.2745858918395923	1.2745858918395923
M9	white	0.016741666666666665	0.0155111793152059	-4.166194268887623	0.0502799429136019	0.039120608177522	0.049511954115076695	0.038523069932034006	1.2852546331959085	1.2852546331959085
M9	white	0.033427777777777785	0.0215246750384921	-3.8385553257164675	0.0503257448210233	0.0391036184210526	0.04926532471584886	0.03827966115412644	1.2869843470528786	1.2869843470528786
M9	white	0.05010833333333333	0.0193103198668848	-3.947115617848003	0.0501827485380117	0.0390448399161563	0.04923206167927863	0.03830515511827184	1.2852594259772252	1.285259425977225
M9	white	0.06678611111111112	0.0070965454397809	-4.94814717111985	0.0501426377002413	0.0390085498191384	0.04978930563041989	0.0387336745377317	1.2854268598224148	1.2854268598224148
M9	white	0.08346666666666666	0.0180795258143771	-4.012975151442955	0.0500731528895391	0.0391107451626183	0.049183930744000404	0.038416198509967116	1.2802914565125332	1.2802914565125332
PL	xkcd:teal	0.1078361111111111	0.232960128066213	-1.4568879642391928	0.0945071099426115	0.0392673838149476	0.07665058081873044	0.03184805649517228	2.406758504411395	2.406758504411395
PL	xkcd:teal	0.12451388888888888	0.2337383297356262	-1.4535530383243989	0.0940904867817224	0.0391198903377737	0.07626454047341201	0.031708417737298135	2.405182784750031	2.405182784750031
PL	xkcd:teal	0.1412138888888889	0.2312266145187254	-1.464357034108734	0.0931253742408257	0.039455110107284	0.07563625829939317	0.03204536812478394	2.3602867660894797	2.3602867660894797
PL	xkcd:teal	0.15789722222222222	0.2299501523268376	-1.469892722561818	0.0923896022549326	0.0395025862679798	0.07511654198354999	0.03211722539588147	2.3388241374419128	2.3388241374419128
PL	xkcd:teal	0.17458333333333334	0.2299130764037986	-1.4700539701711197	0.0922189382744117	0.0391484245146231	0.07498004537365766	0.031830236840062746	2.355623231784594	2.355623231784594
PL	xkcd:teal	0.19126944444444446	0.2252494404125212	-1.490546866791909	0.0923804638969624	0.0393407761828814	0.07539727083316147	0.03210838126939769	2.3482115214890067	2.3482115214890067
PL	xkcd:teal	0.20794722222222223	0.2177224411606678	-1.5245342330930518	0.0925397821251354	0.039198328671081	0.07599415022435774	0.032189871309031025	2.3608093830135073	2.3608093830135073
PM	xkcd:pale red	0.21739722222222221	0.2562969520529742	-1.36141853778983	0.0490539593552908	0.0655458821174822	0.03904646849228553	0.05217387657461923	0.748391169217437	0.748391169217437
PM	xkcd:pale red	0.23408055555555557	0.2815529662455628	-1.2674346919238906	0.0484256122618981	0.0656207321541587	0.03778666472425698	0.05120407340353726	0.7379620841190071	0.7379620841190071
PM	xkcd:pale red	0.2507638888888889	0.2885608953093261	-1.2428491397117176	0.0484845095626887	0.0654928638121915	0.03762686710359135	0.05082636299968546	0.7403021755427238	0.7403021755427239
PM	xkcd:pale red	0.26745277777777776	0.3143257745296146	-1.1573253324015311	0.048235294117647	0.0657986980470706	0.0366996486353697	0.050062700832766795	0.7330736860954419	0.7330736860954419
PM	xkcd:pale red	0.28413055555555555	0.2556103614422683	-1.3641010195763343	0.0487272521117977	0.0661415732606281	0.038807621861153406	0.052676829764811736	0.7367114162795918	0.7367114162795917
PM	xkcd:pale red	0.3008055555555556	0.2725211268918904	-1.300039138005627	0.0482785912148793	0.0663768994912227	0.03793932390953608	0.05216172689670549	0.7273402582062962	0.7273402582062962
PM	xkcd:pale red	0.3174888888888889	0.2682395220228185	-1.3158749587269651	0.0483770463943805	0.0662715517241379	0.038145039288178	0.05225475990405662	0.7299820984387825	0.7299820984387825
LM	grey	0.3310583333333333	0.491868544018502	-0.7095437851448868	0.045350644600896	0.038777358019295	0.030398552729545027	0.025992476465013587	1.1695135232867138	1.1695135232867138
LM	grey	0.3477361111111111	0.4254020631878261	-0.8547205262328718	0.0451004810392401	0.0388532279965436	0.031640533014506506	0.027257732397026765	1.160791094198203	1.160791094198203
LM	grey	0.36442222222222226	0.4076482113889871	-0.8973507034972495	0.0454118925325958	0.0388488760016213	0.032260824945592	0.027598426714361704	1.1689371020850283	1.1689371020850283
LM	grey	0.38110555555555553	0.4624122995379968	-0.7712983626308468	0.045285344508813	0.0389152415428785	0.030966195048495886	0.026610307883195836	1.1636917236891782	1.1636917236891782
LM	grey	0.39779166666666665	0.5553133636224898	-0.5882227054334938	0.0451758073290143	0.038857925709126	0.02904611275492101	0.024983984975620457	1.162589266014385	1.162589266014385
LM	grey	0.4144805555555556	0.5539180999952666	-0.5907384371069297	0.0451463372537416	0.0387929693575983	0.029053228258219734	0.024964616447750027	1.1637762718697087	1.1637762718697087
LM	grey	0.43116944444444444	0.5608127526975594	-0.5783682033320809	0.0450011084016847	0.0386795390843973	0.028831843104760065	0.024781665204584784	1.1634344531224627	1.1634344531224627
PLPMLM	#898d86	0.44245833333333334	0.8730709284556695	-0.13573847964371408	0.0722071307300509	0.0519780219780219	0.03855013156900847	0.02775016214729109	1.389185813199713	1.389185813199713
PLPMLM	#898d86	0.45914166666666667	0.8399512484304502	-0.17441142641182078	0.0719048416820238	0.052219378267813	0.03907975373986752	0.028380848847141007	1.3769762120347675	1.3769762120347675
PLPMLM	#898d86	0.47581944444444446	0.8571888508940058	-0.1540970218905311	0.0712143428419088	0.0521602719131969	0.03834523495423093	0.028085604696629646	1.3652985352611073	1.3652985352611071
PLPMLM	#898d86	0.4925027777777778	0.8910877164655162	-0.11531240914535822	0.0714082455934785	0.0520792338974157	0.03776040898142052	0.027539301029754937	1.3711462371765408	1.3711462371765408
PLPMLM	#898d86	0.5091916666666666	0.8495511601218668	-0.16304711587909668	0.0714273749099619	0.0520685204226738	0.038618761378439274	0.028151976298532347	1.3717957477980895	1.3717957477980895
PLPMLM	#898d86	0.5258777777777778	0.8950050978779739	-0.11092586477046011	0.0712437611631361	0.0521408764383501	0.037595551190292224	0.027514900353955478	1.3663706103477704	1.3663706103477702
PLPMLM	#898d86	0.542563888888889	0.8580651469981448	-0.15307525347436124	0.0713890889599839	0.052015036279395	0.03842119802705453	0.027994194048270866	1.3724702329634566	1.3724702329634566
plPMLM	#c28a86	0.5536777777777778	0.6751628684589019	-0.392801330608758	0.0438177958674949	0.0556666500024996	0.026157334723999656	0.03323058972391813	0.7871462691850031	0.787146269185003
plPMLM	#c28a86	0.5703555555555556	0.6878184254027401	-0.37423039244668366	0.0437521540994906	0.0556199019197121	0.02592231097906793	0.03295372362488596	0.7866276744365225	0.7866276744365225
plPMLM	#c28a86	0.5870416666666666	0.6640679928286071	-0.4093707359098427	0.044132237964837	0.0559126774055307	0.02652069395903732	0.03359999570119098	0.7893064688129491	0.789306468812949
plPMLM	#c28a86	0.6037277777777778	0.6689747538987235	-0.40200895663813196	0.0438678328474246	0.0558598854156196	0.02628429983434404	0.03346958082207712	0.7853190625263659	0.7853190625263659
plPMLM	#c28a86	0.6204027777777777	0.6657148140259562	-0.4068939073168519	0.0439537085337815	0.0559129020147666	0.026387295210245146	0.03356691166096295	0.7861103063864101	0.7861103063864101
plPMLM	#c28a86	0.6370888888888888	0.6746926971064944	-0.39349795531945375	0.0442635461714576	0.0558942324577908	0.02643084683412987	0.033375814293788886	0.7919161642461724	0.7919161642461725
plPMLM	#c28a86	0.6537722222222222	0.6688699815765087	-0.4021655851610851	0.0441253823225731	0.0559113423725421	0.026440275641419216	0.033502515468416	0.7892026993120979	0.7892026993120979
PLpmLM	#66a59e	0.6651694444444445	0.6512115395391334	-0.42892074402830926	0.0794487717195925	0.0388441000942309	0.048115441187969954	0.02352460551788089	2.045324039606009	2.045324039606009
PLpmLM	#66a59e	0.6818583333333333	0.6346765675544122	-0.4546397522823626	0.0794996525364836	0.0389032106866651	0.048633261230030665	0.02379872046790697	2.043524201043226	2.043524201043226
PLpmLM	#66a59e	0.6985444444444445	0.6739197006587239	-0.39464431365592373	0.079269384587835	0.0388256098195246	0.04735554791346369	0.023194427907292012	2.0416777729006093	2.0416777729006093
PLpmLM	#66a59e	0.715225	0.6355115804192413	-0.4533249659864123	0.0792309991034963	0.038924182461987	0.048444168816699246	0.023799392757591672	2.0355212130883564	2.0355212130883564
PLpmLM	#66a59e	0.7319083333333333	0.6405700701066409	-0.4453967645553902	0.0789489352412328	0.0387367766023646	0.04812286697154053	0.023611778191130004	2.038087372412229	2.038087372412229
PLpmLM	#66a59e	0.7485972222222222	0.6534260572382592	-0.4255259011517165	0.0792861264200871	0.0388038725796377	0.04795262907161379	0.023468768022473507	2.043252931968765	2.043252931968765
PLpmLM	#66a59e	0.7652861111111111	0.644792882566017	-0.43882612605470794	0.0798403593919217	0.0388413085042298	0.048541284582508615	0.023614710955967934	2.055552772719465	2.055552772719465
PLPMlm	#71776e	0.7755305555555555	0.3997609350478726	-0.9168885729258277	0.083665425404499	0.0603887473695868	0.05977122472105396	0.043142186538818836	1.3854472736858736	1.3854472736858738
PLPMlm	#71776e	0.7922194444444445	0.5076519569746178	-0.6779591902741138	0.0837177071829186	0.0606110697853817	0.05552853680561238	0.04020229569894169	1.3812280080083623	1.3812280080083623
PLPMlm	#71776e	0.8088972222222223	0.4262816399119745	-0.8526550246067203	0.0852115329211267	0.0614277652370203	0.059743833571597876	0.04306846804871682	1.3871826948666655	1.3871826948666655
PLPMlm	#71776e	0.8255861111111111	0.5455284423191791	-0.6060003351614132	0.0856307994289793	0.061334614080687	0.055405515087437664	0.039685205656034325	1.3961251849784226	1.3961251849784226
PLPMlm	#71776e	0.8422722222222222	0.4792200452584614	-0.7355954023828596	0.0857520972589834	0.06137703438355	0.05797115684975733	0.04149283575509261	1.3971365368211126	1.3971365368211126
PLPMlm	#71776e	0.8589583333333334	0.4792375297961969	-0.7355589176428096	0.0853459639402131	0.0611577701369708	0.05769591578167416	0.04134411742879243	1.3955048352657344	1.3955048352657344
PLPMlm	#71776e	0.8756444444444446	0.4863792020950166	-0.7207667080950715	0.0854256789903224	0.0613633796453179	0.05747233200647379	0.041283798615338305	1.3921280001865164	1.3921280001865164
plpmLM	#b1b2b1	0.887486111111111	0.5205761227665973	-0.6528191523090754	0.0455647914851531	0.0389741758895632	0.02996547874383999	0.025631190248240922	1.1691021155717312	1.1691021155717312
plpmLM	#b1b2b1	0.9041722222222222	0.4604180096113874	-0.7756204855854243	0.0450934579439252	0.0388484938418162	0.030877089742220053	0.02660094136483133	1.160751768846878	1.160751768846878
plpmLM	#b1b2b1	0.9208583333333333	0.5456530154897208	-0.605772008020787	0.0449849737039819	0.0388456937799043	0.02910418654974058	0.025132221391614553	1.1580427410786411	1.1580427410786411
plpmLM	#b1b2b1	0.9375416666666667	0.4399481972904197	-0.821098292431819	0.0451463535637506	0.0387110274115923	0.03135276230679925	0.026883625039036567	1.1662401280062953	1.1662401280062953
plpmLM	#b1b2b1	0.954238888888889	0.5205039262108855	-0.6529578478030452	0.0451801546877947	0.0387228057575485	0.029713934906030928	0.025467086990065335	1.166758291500802	1.166758291500802
plpmLM	#b1b2b1	0.9709249999999999	0.475938394986825	-0.7424668554230913	0.045185621685327	0.0388837376245027	0.030614842624058405	0.026345095267238303	1.16206991523503	1.16206991523503
plpmLM	#b1b2b1	0.9876027777777777	0.5386578370229294	-0.6186747203689048	0.0450808118774666	0.0387775221820571	0.029298789368720966	0.025202173770541313	1.162550089348569	1.162550089348569
plPMlm	#c5625b	0.9981749999999999	0.2679804560257243	-1.316841226407606	0.0487026387474892	0.0676827863185963	0.03840961311039414	0.05337841446763054	0.7195720122726068	0.7195720122726069
plPMlm	#c5625b	1.0148583333333332	0.2882305419483592	-1.2439946261934867	0.0487000494695762	0.067303274922885	0.037803830823573525	0.052244744035561744	0.7235910811973998	0.7235910811973998
plPMlm	#c5625b	1.0315388888888888	0.2645134869681958	-1.3298630385557892	0.0489187837011507	0.0680668353082146	0.038685853654624625	0.053828477125548106	0.7186875000084949	0.7186875000084949
plPMlm	#c5625b	1.0482277777777778	0.2848348433300248	-1.2558457637744527	0.0487555874399867	0.0676988363226469	0.03794696858751305	0.05269069147220944	0.7201835376847797	0.7201835376847797
plPMlm	#c5625b	1.0649083333333333	0.2756134112403685	-1.2887560790513768	0.049017140620194	0.0679408343028087	0.0384263290023983	0.053261304486243256	0.7214680408799103	0.7214680408799103
plPMlm	#c5625b	1.0816000000000001	0.2672141153150813	-1.3197050119369325	0.04898277253625	0.0678674494974624	0.038653903822773374	0.0535564185067397	0.7217417613149215	0.7217417613149216
plPMlm	#c5625b	1.0982833333333335	0.2817581902708809	-1.2667060572003506	0.048906582621437	0.0679247786143079	0.03815585731588055	0.05299344223418069	0.7200109241303462	0.7200109241303461
PLpmlm	#249186	1.111836111111111	0.2475435492692351	-1.3961687558085725	0.0963626357132135	0.0394381789247907	0.07724190131050669	0.0316126671072061	2.4433845157246927	2.4433845157246923
PLpmlm	#249186	1.1285166666666666	0.2569002766987907	-1.3590672977987956	0.0964885580674617	0.039557561765618	0.07676707520574813	0.03147231526554732	2.439193766268124	2.4391937662681236
PLpmlm	#249186	1.1452083333333334	0.2586241560046655	-1.3523794063159917	0.0969976905311778	0.0395731896819641	0.07706644598263872	0.031441625757115545	2.4510960908310486	2.4510960908310486
PLpmlm	#249186	1.161888888888889	0.2665213947414354	-1.3223007581428736	0.0969087067719337	0.0395967825456554	0.07651564922179459	0.03126420343948411	2.447388412434702	2.4473884124347025
PLpmlm	#249186	1.178575	0.2558255295216793	-1.3632595921524575	0.0968270726828184	0.0395100069013112	0.07710232863294159	0.03146138215263057	2.4506974378585857	2.450697437858586
PLpmlm	#249186	1.1952666666666665	0.2599482811138363	-1.3472725865465138	0.096899763659113	0.0395123130590957	0.07690773114389297	0.03136026585485358	2.4523941059635526	2.4523941059635526
